#pragma once
#include <Arduino.h>

static constexpr uint16_t BRAND_LOGO_W = 176;
static constexpr uint16_t BRAND_LOGO_H = 176;
static const uint16_t BRAND_LOGO_PIXELS[30976] PROGMEM = {
  0x10C5, 0x10C5, 0x10C5, 0x10C5, 0x10C5, 0x10C5, 0x10C5, 0x10C5, 0x10C5, 0x10C5, 0x10C5, 0x10C5,
  0x10C5, 0x10C5, 0x10C5, 0x10C5, 0x10C5, 0x10C5, 0x10C5, 0x10C5, 0x10C5, 0x10C5, 0x10C5, 0x10C5,
  0x10C5, 0x10C5, 0x10C5, 0x10C5, 0x10C5, 0x10C5, 0x10C5, 0x10C5, 0x10C5, 0x10C5, 0x10C5, 0x10C5,
  0x10C5, 0x10C5, 0x10C5, 0x10C5, 0x10C5, 0x10C5, 0x10C5, 0x10C5, 0x10C5, 0x10C5, 0x10C5, 0x10C5,
  0x10C5, 0x10C5, 0x10C5, 0x10C5, 0x10C5, 0x10C5, 0x10C5, 0x10C5, 0x10C5, 0x10C5, 0x10C5, 0x10C5,
  0x10C5, 0x10C5, 0x10C5, 0x10C5, 0x10C5, 0x10C5, 0x10C5, 0x10C5, 0x10C5, 0x10C5, 0x10C5, 0x10C5,
  0x10C5, 0x10C5, 0x10C5, 0x10C5, 0x10C5, 0x10C5, 0x10C5, 0x10C5, 0x10C5, 0x10C5, 0x10C5, 0x10C5,
  0x10C5, 0x10C5, 0x10C5, 0x10C5, 0x10C5, 0x10C5, 0x10C5, 0x10C5, 0x10C5, 0x10C5, 0x10C5, 0x10C5,
  0x10C5, 0x10C5, 0x10C5, 0x10C5, 0x10C5, 0x10C5, 0x10C5, 0x10C5, 0x10C5, 0x10C5, 0x10C5, 0x10C5,
  0x10C5, 0x10C5, 0x10C5, 0x10C5, 0x10C5, 0x10C5, 0x10C5, 0x10C5, 0x10C5, 0x10C5, 0x10C5, 0x10C5,
  0x10C5, 0x10C5, 0x10C5, 0x10C5, 0x10C5, 0x10C5, 0x10C5, 0x10C5, 0x10C5, 0x10C5, 0x10C5, 0x10C5,
  0x10C5, 0x10C5, 0x10C5, 0x10C5, 0x10C5, 0x10C5, 0x10C5, 0x10C5, 0x10C5, 0x10C5, 0x10C5, 0x10C5,
  0x10C5, 0x10C5, 0x10C5, 0x10C5, 0x10C5, 0x10C5, 0x10C5, 0x10C5, 0x10C5, 0x10C5, 0x10C5, 0x10C5,
  0x10C5, 0x10C5, 0x10C5, 0x10C5, 0x10C5, 0x10C5, 0x10C5, 0x10C5, 0x10C5, 0x10C5, 0x10C5, 0x10C5,
  0x10C5, 0x10C5, 0x10C5, 0x10C5, 0x10C5, 0x10C5, 0x10C5, 0x10C5, 0x10C5, 0x10C5, 0x10C5, 0x10C5,
  0x10C5, 0x10C5, 0x10C5, 0x10C5, 0x10C5, 0x10C5, 0x10C5, 0x10C5, 0x10C5, 0x10C5, 0x10C5, 0x10C5,
  0x10C5, 0x10C5, 0x10C5, 0x10C5, 0x10C5, 0x10C5, 0x10C5, 0x10C5, 0x10C5, 0x10C5, 0x10C5, 0x10C5,
  0x10C5, 0x10C5, 0x10C5, 0x10C5, 0x10C5, 0x10C5, 0x10C5, 0x10C5, 0x10C5, 0x10C5, 0x10C5, 0x10C5,
  0x10C5, 0x10C5, 0x10C5, 0x10C5, 0x10C5, 0x10C5, 0x10C5, 0x10C5, 0x10C5, 0x10C5, 0x10C5, 0x10C5,
  0x10C5, 0x10C5, 0x10C5, 0x10C5, 0x10C5, 0x10C5, 0x10C5, 0x10C5, 0x10C5, 0x10C5, 0x10C5, 0x10C5,
  0x10C5, 0x10C5, 0x10C5, 0x10C5, 0x10C5, 0x10C5, 0x10C5, 0x10C5, 0x10C5, 0x10C5, 0x10C5, 0x10C5,
  0x10C5, 0x10C5, 0x10C5, 0x10C5, 0x10C5, 0x10C5, 0x10C5, 0x10C5, 0x10C5, 0x10C5, 0x10C5, 0x10C5,
  0x10C5, 0x10C5, 0x10C5, 0x10C5, 0x10C5, 0x10C5, 0x10C5, 0x10C5, 0x10C5, 0x10C5, 0x10C5, 0x10C5,
  0x10C5, 0x10C5, 0x10C5, 0x10C5, 0x10C5, 0x10C5, 0x10C5, 0x10C5, 0x10C5, 0x10C5, 0x10C5, 0x10C5,
  0x10C5, 0x10C5, 0x10C5, 0x10C5, 0x10C5, 0x10C5, 0x10C5, 0x10C5, 0x10C5, 0x10C5, 0x10C5, 0x10C5,
  0x10C5, 0x10C5, 0x10C5, 0x10C5, 0x10C5, 0x10C5, 0x10C5, 0x10C5, 0x10C5, 0x10C5, 0x10C5, 0x10C5,
  0x10C5, 0x10C5, 0x10C5, 0x10C5, 0x10C5, 0x10C5, 0x10C5, 0x10C5, 0x10C5, 0x10C5, 0x10C5, 0x10C5,
  0x10C5, 0x10C5, 0x10C5, 0x10C5, 0x10C5, 0x10C5, 0x10C5, 0x10C5, 0x10C5, 0x10C5, 0x10C5, 0x10C5,
  0x10C5, 0x10C5, 0x10C5, 0x10C5, 0x10C5, 0x10C5, 0x10C5, 0x10C5, 0x10C5, 0x10C5, 0x10C5, 0x10C5,
  0x10C5, 0x10C5, 0x10C5, 0x10C5, 0x10C5, 0x10C5, 0x10C5, 0x10C5, 0x10C5, 0x10C5, 0x10C5, 0x10C5,
  0x10C5, 0x10C5, 0x10C5, 0x10C5, 0x10C5, 0x10C5, 0x10C5, 0x10C5, 0x10C5, 0x10C5, 0x10C5, 0x10C5,
  0x10C5, 0x10C5, 0x10C5, 0x10C5, 0x10C5, 0x10C5, 0x10C5, 0x10C5, 0x10C5, 0x10C5, 0x10C5, 0x10C5,
  0x10C5, 0x10C5, 0x10C5, 0x10C5, 0x10C5, 0x10C5, 0x10C5, 0x10C5, 0x10C5, 0x10C5, 0x10C5, 0x10C5,
  0x10C5, 0x10C5, 0x10C5, 0x10C5, 0x10C5, 0x10C5, 0x10C5, 0x10C5, 0x10C5, 0x10C5, 0x10C5, 0x10C5,
  0x10C5, 0x10C5, 0x10C5, 0x10C5, 0x10C5, 0x10C5, 0x10C5, 0x10C5, 0x10C5, 0x10C5, 0x10C5, 0x10C5,
  0x10C5, 0x10C5, 0x10C5, 0x10C5, 0x10C5, 0x10C5, 0x10C5, 0x10C5, 0x10C5, 0x10C5, 0x10C5, 0x10C5,
  0x10C5, 0x10C5, 0x10C5, 0x10C5, 0x10C5, 0x10C5, 0x10C5, 0x10C5, 0x10C5, 0x10C5, 0x10C5, 0x10C5,
  0x10C5, 0x10C5, 0x10C5, 0x10C5, 0x10C5, 0x10C5, 0x10C5, 0x10C5, 0x10C5, 0x10C5, 0x10C5, 0x10C5,
  0x10C5, 0x10C5, 0x10C5, 0x10C5, 0x10C5, 0x10C5, 0x10C5, 0x10C5, 0x10C5, 0x10C5, 0x10C5, 0x10C5,
  0x10C5, 0x10C5, 0x10C5, 0x10C5, 0x10C5, 0x10C5, 0x10C5, 0x10C5, 0x10C5, 0x10C5, 0x10C5, 0x10C5,
  0x10C5, 0x10C5, 0x10C5, 0x10C5, 0x10C5, 0x10C5, 0x10C5, 0x10C5, 0x10C5, 0x10C5, 0x10C5, 0x10C5,
  0x10C5, 0x10C5, 0x10C5, 0x10C5, 0x10C5, 0x10C5, 0x10C5, 0x10C5, 0x10C5, 0x10C5, 0x10C5, 0x10C5,
  0x10C5, 0x10C5, 0x10C5, 0x10C5, 0x10C5, 0x10C5, 0x10C5, 0x10C5, 0x10C5, 0x10C5, 0x10C5, 0x10C5,
  0x10C5, 0x10C5, 0x10C5, 0x10C5, 0x10C5, 0x10C5, 0x10C5, 0x10C5, 0x10C5, 0x10C5, 0x10C5, 0x10C5,
  0x10C5, 0x10C5, 0x10C5, 0x10C5, 0x10C5, 0x10C5, 0x10C5, 0x10C5, 0x10C5, 0x10C5, 0x10C5, 0x10C5,
  0x10C5, 0x10C5, 0x10C5, 0x10C5, 0x10C5, 0x10C5, 0x10C5, 0x10C5, 0x10C5, 0x10C5, 0x10C5, 0x10C5,
  0x10C5, 0x10C5, 0x10C5, 0x10C5, 0x10C5, 0x10C5, 0x10C5, 0x10C5, 0x10C5, 0x10C5, 0x10C5, 0x10C5,
  0x10C5, 0x10C5, 0x10C5, 0x10C5, 0x10C5, 0x10C5, 0x10C5, 0x10C5, 0x10C5, 0x10C5, 0x10C5, 0x10C5,
  0x10C5, 0x10C5, 0x10C5, 0x10C5, 0x10C5, 0x10C5, 0x10C5, 0x10C5, 0x10C5, 0x10C5, 0x10C5, 0x10C5,
  0x10C5, 0x10C5, 0x10C5, 0x10C5, 0x10C5, 0x10C5, 0x10C5, 0x10C5, 0x10C5, 0x10C5, 0x10C5, 0x10C5,
  0x10C5, 0x10C5, 0x10C5, 0x10C5, 0x10C5, 0x10C5, 0x10C5, 0x10C5, 0x10C5, 0x10C5, 0x10C5, 0x10C5,
  0x10C5, 0x10C5, 0x10C5, 0x10C5, 0x10C5, 0x10C5, 0x10C5, 0x10C5, 0x10C5, 0x10C5, 0x10C5, 0x10C5,
  0x10C5, 0x10C5, 0x10C5, 0x10C5, 0x10C5, 0x10C5, 0x10C5, 0x10C5, 0x10C5, 0x10C5, 0x10C5, 0x10C5,
  0x10C5, 0x10C5, 0x10C5, 0x10C5, 0x10C5, 0x10C5, 0x10C5, 0x10C5, 0x10C5, 0x10C5, 0x10C5, 0x10C5,
  0x10C5, 0x10C5, 0x10C5, 0x10C5, 0x10C5, 0x10C5, 0x10C5, 0x10C5, 0x10C5, 0x10C5, 0x10C5, 0x10C5,
  0x10C5, 0x10C5, 0x10C5, 0x10C5, 0x10C5, 0x10C5, 0x10C5, 0x10C5, 0x10C5, 0x10C5, 0x10C5, 0x10C5,
  0x10C5, 0x10C5, 0x10C5, 0x10C5, 0x10C5, 0x10C5, 0x10C5, 0x10C5, 0x10C5, 0x10C5, 0x10C5, 0x10C5,
  0x10C5, 0x10C5, 0x10C5, 0x10C5, 0x10C5, 0x10C5, 0x10C5, 0x10C5, 0x10C5, 0x10C5, 0x10C5, 0x10C5,
  0x10C5, 0x10C5, 0x10C5, 0x10C5, 0x10C5, 0x10C5, 0x10C5, 0x10C5, 0x10C5, 0x10C5, 0x10C5, 0x10C5,
  0x10C5, 0x10C5, 0x10C5, 0x10C5, 0x10C5, 0x10C5, 0x10C5, 0x10C5, 0x10C5, 0x10C5, 0x10C5, 0x10C5,
  0x10C5, 0x10C5, 0x10C5, 0x10C5, 0x10C5, 0x10C5, 0x10C5, 0x10C5, 0x10C5, 0x10C5, 0x10C5, 0x10C5,
  0x10C5, 0x10C5, 0x10C5, 0x10C5, 0x10C5, 0x10C5, 0x10C5, 0x10C5, 0x10C5, 0x10C5, 0x10C5, 0x10C5,
  0x10C5, 0x10C5, 0x10C5, 0x10C5, 0x10C5, 0x10C5, 0x10C5, 0x10C5, 0x10C5, 0x10C5, 0x10C5, 0x10C5,
  0x10C5, 0x10C5, 0x10C5, 0x10C5, 0x10C5, 0x10C5, 0x10C5, 0x10C5, 0x10C5, 0x10C5, 0x10C5, 0x10C5,
  0x10C5, 0x10C5, 0x10C5, 0x10C5, 0x10C5, 0x10C5, 0x10C5, 0x10C5, 0x10C5, 0x10C5, 0x10C5, 0x10C5,
  0x10C5, 0x10C5, 0x10C5, 0x10C5, 0x10C6, 0x10C5, 0x10C5, 0x08A5, 0x4A2B, 0x9C14, 0xCD5A, 0xD57B,
  0xD5BB, 0xACD6, 0x62CE, 0x18C6, 0x10C5, 0x10C5, 0x10C6, 0x10C5, 0x10C5, 0x10C5, 0x10C5, 0x10C5,
  0x10C5, 0x10C5, 0x10C5, 0x10C5, 0x10C5, 0x10C5, 0x10C5, 0x10C5, 0x10C5, 0x10C5, 0x10C5, 0x10C5,
  0x10C5, 0x10C5, 0x10C5, 0x10C5, 0x10C5, 0x10C5, 0x10C5, 0x10C5, 0x10C5, 0x10C5, 0x10C5, 0x10C5,
  0x10C5, 0x10C5, 0x10C5, 0x10C5, 0x10C5, 0x10C5, 0x10C5, 0x10C5, 0x10C5, 0x10C5, 0x10C5, 0x10C5,
  0x10C5, 0x10C5, 0x10C5, 0x10C5, 0x10C5, 0x10C5, 0x10C5, 0x10C5, 0x10C5, 0x10C5, 0x10C5, 0x10C5,
  0x10C5, 0x10C5, 0x10C5, 0x10C5, 0x10C5, 0x10C5, 0x10C5, 0x10C5, 0x10C5, 0x10C5, 0x10C5, 0x10C5,
  0x10C5, 0x10C5, 0x10C5, 0x10C5, 0x10C5, 0x10C5, 0x10C5, 0x10C5, 0x10C5, 0x10C5, 0x10C5, 0x10C5,
  0x10C5, 0x10C5, 0x10C5, 0x10C5, 0x10C5, 0x10C5, 0x10C5, 0x10C5, 0x10C5, 0x10C5, 0x10C5, 0x10C5,
  0x10C5, 0x10C5, 0x10C5, 0x10C5, 0x10C5, 0x10C5, 0x10C5, 0x10C5, 0x10C5, 0x10C5, 0x10C5, 0x10C5,
  0x10C5, 0x10C5, 0x10C5, 0x10C5, 0x10C5, 0x10C5, 0x10C5, 0x10C5, 0x10C5, 0x10C5, 0x10C5, 0x10C5,
  0x10C5, 0x10C5, 0x10C5, 0x10C5, 0x10C5, 0x10C5, 0x10C5, 0x10C5, 0x10C5, 0x10C5, 0x10C5, 0x10C5,
  0x10C5, 0x10C5, 0x10C5, 0x10C5, 0x10C5, 0x10C5, 0x10C5, 0x10C5, 0x10C5, 0x10C5, 0x10C5, 0x10C5,
  0x10C5, 0x10C5, 0x10C5, 0x10C5, 0x10C5, 0x10C5, 0x10C5, 0x10C5, 0x10C5, 0x10C5, 0x10C5, 0x10C5,
  0x10C5, 0x10C5, 0x10C5, 0x10C5, 0x10C5, 0x10C5, 0x10C5, 0x10C5, 0x10C5, 0x10C5, 0x10C5, 0x10C5,
  0x10C5, 0x10C5, 0x524C, 0xC4D8, 0xFDDF, 0xFCFF, 0xFC7F, 0xF43F, 0xF47F, 0xFD1F, 0xFE1F, 0xD59A,
  0x62CE, 0x10A5, 0x10C5, 0x10C5, 0x10C6, 0x10C5, 0x10C5, 0x10C5, 0x10C5, 0x10C5, 0x10C5, 0x10C5,
  0x10C5, 0x10C5, 0x10C5, 0x10C5, 0x10C5, 0x10C5, 0x10C5, 0x10C5, 0x10C5, 0x10C5, 0x10C5, 0x10C5,
  0x10C5, 0x10C5, 0x10C5, 0x10C5, 0x10C5, 0x10C5, 0x10C5, 0x10C5, 0x10C5, 0x10C5, 0x10C5, 0x10C5,
  0x10C5, 0x10C5, 0x10C5, 0x10C5, 0x10C5, 0x10C5, 0x10C5, 0x10C5, 0x10C5, 0x10C5, 0x10C5, 0x10C5,
  0x10C5, 0x10C5, 0x10C5, 0x10C5, 0x10C5, 0x10C5, 0x10C5, 0x10C5, 0x10C5, 0x10C5, 0x10C5, 0x10C5,
  0x10C5, 0x10C5, 0x10C5, 0x10C5, 0x10C5, 0x10C5, 0x10C5, 0x10C5, 0x10C5, 0x10C5, 0x10C5, 0x10C5,
  0x10C5, 0x10C5, 0x10C5, 0x10C5, 0x10C5, 0x10C5, 0x10C5, 0x10C5, 0x10C5, 0x10C5, 0x10C5, 0x10C5,
  0x10C5, 0x10C5, 0x10C5, 0x10C5, 0x10C5, 0x10C5, 0x10C5, 0x10C5, 0x10C5, 0x10C5, 0x10C5, 0x10C5,
  0x10C5, 0x10C5, 0x10C5, 0x10C5, 0x10C5, 0x10C5, 0x10C5, 0x10C5, 0x10C5, 0x10C5, 0x10C5, 0x10C5,
  0x10C5, 0x10C5, 0x10C5, 0x10C5, 0x10C5, 0x10C5, 0x10C5, 0x10C5, 0x10C5, 0x10C5, 0x10C5, 0x10C5,
  0x10C5, 0x10C5, 0x10C5, 0x10C5, 0x10C5, 0x10C5, 0x10C5, 0x10C5, 0x10C5, 0x10C5, 0x10C5, 0x10C5,
  0x10C5, 0x10C5, 0x10C5, 0x10C5, 0x10C5, 0x10C5, 0x10C5, 0x10C5, 0x10C5, 0x10C5, 0x10C5, 0x10C5,
  0x10C5, 0x10C5, 0x10C5, 0x10C5, 0x10C5, 0x10C5, 0x10C5, 0x10C5, 0x10C5, 0x10C5, 0x10C5, 0x10C5,
  0x10C5, 0x10C5, 0x10C5, 0x10C5, 0x10C5, 0x10C6, 0x10C5, 0x10C5, 0x49EB, 0xBC97, 0xFD9F, 0xFC3F,
  0xF2FE, 0xFABF, 0xFB1F, 0xFB7F, 0xFB5F, 0xEB1F, 0xE33E, 0xF43F, 0xFE3F, 0xCD7A, 0x526D, 0x10A5,
  0x10C5, 0x10C5, 0x10C5, 0x10C5, 0x10C5, 0x10C5, 0x10C5, 0x10C5, 0x10C5, 0x10C5, 0x10C5, 0x10C5,
  0x10C5, 0x10C5, 0x10C5, 0x10C5, 0x10C5, 0x10C5, 0x10C5, 0x10C5, 0x10C5, 0x10C5, 0x10C5, 0x10C5,
  0x10C5, 0x10C5, 0x10C5, 0x10C5, 0x10C5, 0x10C5, 0x10C5, 0x10C5, 0x10C5, 0x10C5, 0x10C5, 0x10C5,
  0x10C5, 0x10C5, 0x10C5, 0x10C5, 0x10C5, 0x10C5, 0x10C5, 0x10C5, 0x10C5, 0x10C5, 0x10C5, 0x10C5,
  0x10C5, 0x10C5, 0x10C5, 0x10C5, 0x10C5, 0x10C5, 0x10C5, 0x10C5, 0x10C5, 0x10C5, 0x10C5, 0x10C5,
  0x10C5, 0x10C5, 0x10C5, 0x10C5, 0x10C5, 0x10C5, 0x10C5, 0x10C5, 0x10C5, 0x10C5, 0x10C5, 0x10C5,
  0x10C5, 0x10C5, 0x10C5, 0x10C5, 0x10C5, 0x10C5, 0x10C5, 0x10C5, 0x10C5, 0x10C5, 0x10C5, 0x10C5,
  0x10C5, 0x10C5, 0x10C5, 0x10C5, 0x10C5, 0x10C5, 0x10C5, 0x10C5, 0x10C5, 0x10C5, 0x10C5, 0x10C5,
  0x10C5, 0x10C5, 0x10C5, 0x10C5, 0x10C5, 0x10C5, 0x10C5, 0x10C5, 0x10C5, 0x10C5, 0x10C5, 0x10C5,
  0x10C5, 0x10C5, 0x10C5, 0x10C5, 0x10C5, 0x10C5, 0x10C5, 0x10C5, 0x10C5, 0x10C5, 0x10C5, 0x10C5,
  0x10C5, 0x10C5, 0x10C5, 0x10C5, 0x10C5, 0x10C5, 0x10C5, 0x10C5, 0x10C5, 0x10C5, 0x10C5, 0x10C5,
  0x10C5, 0x10C5, 0x10C5, 0x10C5, 0x10C5, 0x10C5, 0x10C5, 0x10C5, 0x10C5, 0x10C5, 0x10C5, 0x10C5,
  0x10C5, 0x10C5, 0x10C5, 0x10C5, 0x10C5, 0x10C5, 0x10C5, 0x10C5, 0x10C5, 0x10C5, 0x10C5, 0x10C6,
  0x10C5, 0x10C5, 0x39C9, 0xB436, 0xFD5F, 0xFC3F, 0xF2DE, 0xFABF, 0xFB1F, 0xEAFD, 0xAA96, 0x8292,
  0xA2F6, 0xEB7E, 0xF37F, 0xDB3F, 0xD35E, 0xECBF, 0xF5FF, 0xB4D8, 0x420B, 0x10C5, 0x10C5, 0x10C6,
  0x10C6, 0x10C5, 0x10C5, 0x10C5, 0x10C5, 0x10C5, 0x10C5, 0x10C5, 0x10C5, 0x10C5, 0x10C5, 0x10C5,
  0x10C5, 0x10C5, 0x10C5, 0x10C5, 0x10C5, 0x10C5, 0x10C5, 0x10C5, 0x10C5, 0x10C5, 0x10C5, 0x10C5,
  0x10C5, 0x10C5, 0x10C5, 0x10C5, 0x10C5, 0x10C5, 0x10C5, 0x10C5, 0x10C5, 0x10C5, 0x10C5, 0x10C5,
  0x10C5, 0x10C5, 0x10C5, 0x10C5, 0x10C5, 0x10C5, 0x10C5, 0x10C5, 0x10C5, 0x10C5, 0x10C5, 0x10C5,
  0x10C5, 0x10C5, 0x10C5, 0x10C5, 0x10C5, 0x10C5, 0x10C5, 0x10C5, 0x10C5, 0x10C5, 0x10C5, 0x10C5,
  0x10C5, 0x10C5, 0x10C5, 0x10C5, 0x10C5, 0x10C5, 0x10C5, 0x10C5, 0x10C5, 0x10C5, 0x10C5, 0x10C5,
  0x10C5, 0x10C5, 0x10C5, 0x10C5, 0x10C5, 0x10C5, 0x10C5, 0x10C5, 0x10C5, 0x10C5, 0x10C5, 0x10C5,
  0x10C5, 0x10C5, 0x10C5, 0x10C5, 0x10C5, 0x10C5, 0x10C5, 0x10C5, 0x10C5, 0x10C5, 0x10C5, 0x10C5,
  0x10C5, 0x10C5, 0x10C5, 0x10C5, 0x10C5, 0x10C5, 0x10C5, 0x10C5, 0x10C5, 0x10C5, 0x10C5, 0x10C5,
  0x10C5, 0x10C5, 0x10C5, 0x10C5, 0x10C5, 0x10C5, 0x10C5, 0x10C5, 0x10C5, 0x10C5, 0x10C5, 0x10C5,
  0x10C5, 0x10C5, 0x10C5, 0x10C5, 0x10C5, 0x10C5, 0x10C5, 0x10C5, 0x10C5, 0x10C5, 0x10C5, 0x10C5,
  0x10C5, 0x10C5, 0x10C5, 0x10C5, 0x10C5, 0x10C5, 0x10C5, 0x10C5, 0x10C5, 0x10C5, 0x10C5, 0x10C5,
  0x10C5, 0x10C5, 0x10C5, 0x10C5, 0x10C5, 0x10C6, 0x10C5, 0x10C5, 0x3147, 0x9B53, 0xFCBE, 0xFC1F,
  0xF2DF, 0xFABF, 0xFAFF, 0xF31E, 0x9253, 0x2928, 0x10C5, 0x10C5, 0x10C5, 0x3149, 0x8AD3, 0xDBBD,
  0xEB9F, 0xD31F, 0xCB1F, 0xEC7F, 0xF5FF, 0xACB6, 0x39CA, 0x10C5, 0x10C5, 0x10C6, 0x10C5, 0x10C5,
  0x10C5, 0x10C5, 0x10C5, 0x10C5, 0x10C5, 0x10C5, 0x10C5, 0x10C5, 0x10C5, 0x10C5, 0x10C5, 0x10C5,
  0x10C5, 0x10C5, 0x10C5, 0x10C5, 0x10C5, 0x10C5, 0x10C5, 0x10C5, 0x10C5, 0x10C5, 0x10C5, 0x10C5,
  0x10C5, 0x10C5, 0x10C5, 0x10C5, 0x10C5, 0x10C5, 0x10C5, 0x10C5, 0x10C5, 0x10C5, 0x10C5, 0x10C5,
  0x10C5, 0x10C5, 0x10C5, 0x10C5, 0x10C5, 0x10C5, 0x10C5, 0x10C5, 0x10C5, 0x10C5, 0x10C5, 0x10C5,
  0x10C5, 0x10C5, 0x10C5, 0x10C5, 0x10C5, 0x10C5, 0x10C5, 0x10C5, 0x10C5, 0x10C5, 0x10C5, 0x10C5,
  0x10C5, 0x10C5, 0x10C5, 0x10C5, 0x10C5, 0x10C5, 0x10C5, 0x10C5, 0x10C5, 0x10C5, 0x10C5, 0x10C5,
  0x10C5, 0x10C5, 0x10C5, 0x10C5, 0x10C5, 0x10C5, 0x10C5, 0x10C5, 0x10C5, 0x10C5, 0x10C5, 0x10C5,
  0x10C5, 0x10C5, 0x10C5, 0x10C5, 0x10C5, 0x10C5, 0x10C5, 0x10C5, 0x10C5, 0x10C5, 0x10C5, 0x10C5,
  0x10C5, 0x10C5, 0x10C5, 0x10C5, 0x10C5, 0x10C5, 0x10C5, 0x10C5, 0x10C5, 0x10C5, 0x10C5, 0x10C5,
  0x10C5, 0x10C5, 0x10C5, 0x10C5, 0x10C5, 0x10C5, 0x10C5, 0x10C5, 0x10C5, 0x10C5, 0x10C5, 0x10C5,
  0x10C5, 0x10C5, 0x10C5, 0x10C5, 0x10C5, 0x10C5, 0x10C5, 0x10C5, 0x10C5, 0x10C5, 0x10C5, 0x10C5,
  0x10C5, 0x10C5, 0x10C5, 0x10C5, 0x10C5, 0x10C5, 0x10C5, 0x10C5, 0x10C5, 0x10C5, 0x10C5, 0x10C6,
  0x10C5, 0x10C5, 0x2127, 0x9332, 0xEC5D, 0xFB9F, 0xFA7E, 0xFA3E, 0xFABF, 0xFAFE, 0x9A54, 0x3149,
  0x10C5, 0x10C5, 0x10C6, 0x10C6, 0x10C6, 0x10C5, 0x10C5, 0x2969, 0x8A94, 0xDB7E, 0xDB7F, 0xCB5F,
  0xCBDF, 0xED5F, 0xEDFF, 0x9414, 0x2968, 0x10C5, 0x10C5, 0x10C6, 0x10C5, 0x10C5, 0x10C5, 0x10C5,
  0x10C5, 0x10C5, 0x10C5, 0x10C5, 0x10C5, 0x10C5, 0x10C5, 0x10C5, 0x10C5, 0x10C5, 0x10C5, 0x10C5,
  0x10C5, 0x10C5, 0x10C5, 0x10C5, 0x10C5, 0x10C5, 0x10C5, 0x10C5, 0x10C5, 0x10C5, 0x10C5, 0x10C5,
  0x10C5, 0x10C5, 0x10C5, 0x10C5, 0x10C5, 0x10C5, 0x10C5, 0x10C5, 0x10C5, 0x10C5, 0x10C5, 0x10C5,
  0x10C5, 0x10C5, 0x10C5, 0x10C5, 0x10C5, 0x10C5, 0x10C5, 0x10C5, 0x10C5, 0x10C5, 0x10C5, 0x10C5,
  0x10C5, 0x10C5, 0x10C5, 0x10C5, 0x10C5, 0x10C5, 0x10C5, 0x10C5, 0x10C5, 0x10C5, 0x10C5, 0x10C5,
  0x10C5, 0x10C5, 0x10C5, 0x10C5, 0x10C5, 0x10C5, 0x10C5, 0x10C5, 0x10C5, 0x10C5, 0x10C5, 0x10C5,
  0x10C5, 0x10C5, 0x10C5, 0x10C5, 0x10C5, 0x10C5, 0x10C5, 0x10C5, 0x10C5, 0x10C5, 0x10C5, 0x10C5,
  0x10C5, 0x10C5, 0x10C5, 0x10C5, 0x10C5, 0x10C5, 0x10C5, 0x10C5, 0x10C5, 0x10C5, 0x10C5, 0x10C5,
  0x10C5, 0x10C5, 0x10C5, 0x10C5, 0x10C5, 0x10C5, 0x10C5, 0x10C5, 0x10C5, 0x10C5, 0x10C5, 0x10C5,
  0x10C5, 0x10C5, 0x10C5, 0x10C5, 0x10C5, 0x10C5, 0x10C5, 0x10C5, 0x10C5, 0x10C5, 0x10C5, 0x10C5,
  0x10C5, 0x10C5, 0x10C5, 0x10C5, 0x10C5, 0x10C5, 0x10C5, 0x10C5, 0x10C5, 0x10C5, 0x10C5, 0x10C5,
  0x10C5, 0x10C5, 0x10C5, 0x10C5, 0x10C5, 0x10C6, 0x10C5, 0x10C5, 0x2106, 0x7AAF, 0xE3FB, 0xFB9F,
  0xFA5F, 0xF21D, 0xFA7F, 0xFA7F, 0xB216, 0x414A, 0x10C5, 0x10C5, 0x10C6, 0x10C6, 0x10C5, 0x10C5,
  0x10C5, 0x10C6, 0x10C6, 0x10C5, 0x10C5, 0x3169, 0x92D6, 0xD3DF, 0xD3BF, 0xBB3E, 0xC37F, 0xE4FF,
  0xDDBE, 0x8413, 0x1928, 0x10C5, 0x10C5, 0x10C6, 0x10C5, 0x10C5, 0x10C5, 0x10C5, 0x10C5, 0x10C5,
  0x10C5, 0x10C5, 0x10C5, 0x10C5, 0x10C5, 0x10C5, 0x10C5, 0x10C5, 0x10C5, 0x10C5, 0x10C5, 0x10C5,
  0x10C5, 0x10C5, 0x10C5, 0x10C5, 0x10C5, 0x10C5, 0x10C5, 0x10C5, 0x10C5, 0x10C5, 0x10C5, 0x10C5,
  0x10C5, 0x10C5, 0x10C5, 0x10C5, 0x10C5, 0x10C5, 0x10C5, 0x10C5, 0x10C5, 0x10C5, 0x10C5, 0x10C5,
  0x10C5, 0x10C5, 0x10C5, 0x10C5, 0x10C5, 0x10C5, 0x10C5, 0x10C5, 0x10C5, 0x10C5, 0x10C5, 0x10C5,
  0x10C5, 0x10C5, 0x10C5, 0x10C5, 0x10C5, 0x10C5, 0x10C5, 0x10C5, 0x10C5, 0x10C5, 0x10C5, 0x10C5,
  0x10C5, 0x10C5, 0x10C5, 0x10C5, 0x10C5, 0x10C5, 0x10C5, 0x10C5, 0x10C5, 0x10C5, 0x10C5, 0x10C5,
  0x10C5, 0x10C5, 0x10C5, 0x10C5, 0x10C5, 0x10C5, 0x10C5, 0x10C5, 0x10C5, 0x10C5, 0x10C5, 0x10C5,
  0x10C5, 0x10C5, 0x10C5, 0x10C5, 0x10C5, 0x10C5, 0x10C5, 0x10C5, 0x10C5, 0x10C5, 0x10C5, 0x10C5,
  0x10C5, 0x10C5, 0x10C5, 0x10C5, 0x10C5, 0x10C5, 0x10C5, 0x10C5, 0x10C5, 0x10C5, 0x10C5, 0x10C5,
  0x10C5, 0x10C5, 0x10C5, 0x10C5, 0x10C5, 0x10C5, 0x10C5, 0x10C5, 0x10C5, 0x10C5, 0x10C5, 0x10C5,
  0x10C5, 0x10C5, 0x10C5, 0x10C5, 0x10C5, 0x10C5, 0x10C5, 0x10C5, 0x10C5, 0x10C5, 0x10C5, 0x10C6,
  0x10C5, 0x10C5, 0x10E5, 0x72AE, 0xDC1B, 0xFB7F, 0xF9FE, 0xF1BD, 0xF9FF, 0xFA7F, 0xB257, 0x416B,
  0x10C5, 0x10C5, 0x10C6, 0x10C6, 0x10C5, 0x10C5, 0x10C5, 0x10C5, 0x10C5, 0x10C5, 0x10C5, 0x10C6,
  0x10C6, 0x10C5, 0x10C5, 0x39AB, 0x9AF7, 0xCB9F, 0xCB9F, 0xB35E, 0xC3FF, 0xE57F, 0xD59D, 0x7371,
  0x10E7, 0x10C5, 0x10C5, 0x10C6, 0x10C5, 0x10C5, 0x10C5, 0x10C5, 0x10C5, 0x10C5, 0x10C5, 0x10C5,
  0x10C5, 0x10C5, 0x10C5, 0x10C5, 0x10C5, 0x10C5, 0x10C5, 0x10C5, 0x10C5, 0x10C5, 0x10C5, 0x10C5,
  0x10C5, 0x10C5, 0x10C5, 0x10C5, 0x10C5, 0x10C5, 0x10C5, 0x10C5, 0x10C5, 0x10C5, 0x10C5, 0x10C5,
  0x10C5, 0x10C5, 0x10C5, 0x10C5, 0x10C5, 0x10C5, 0x10C5, 0x10C5, 0x10C5, 0x10C5, 0x10C5, 0x10C5,
  0x10C5, 0x10C5, 0x10C5, 0x10C5, 0x10C5, 0x10C5, 0x10C5, 0x10C5, 0x10C5, 0x10C5, 0x10C5, 0x10C5,
  0x10C5, 0x10C5, 0x10C5, 0x10C5, 0x10C5, 0x10C5, 0x10C5, 0x10C5, 0x10C5, 0x10C5, 0x10C5, 0x10C5,
  0x10C5, 0x10C5, 0x10C5, 0x10C5, 0x10C5, 0x10C5, 0x10C5, 0x10C5, 0x10C5, 0x10C5, 0x10C5, 0x10C5,
  0x10C5, 0x10C5, 0x10C5, 0x10C5, 0x10C5, 0x10C5, 0x10C5, 0x10C5, 0x10C5, 0x10C5, 0x10C5, 0x10C5,
  0x10C5, 0x10C5, 0x10C5, 0x10C5, 0x10C5, 0x10C5, 0x10C5, 0x10C5, 0x10C5, 0x10C5, 0x10C5, 0x10C5,
  0x10C5, 0x10C5, 0x10C5, 0x10C5, 0x10C5, 0x10C5, 0x10C5, 0x10C5, 0x10C5, 0x10C5, 0x10C5, 0x10C5,
  0x10C5, 0x10C5, 0x10C5, 0x10C5, 0x10C5, 0x10C5, 0x10C5, 0x10C5, 0x10C5, 0x10C5, 0x10C5, 0x10C5,
  0x10C5, 0x10C5, 0x10C5, 0x10C5, 0x10C5, 0x10C5, 0x10C5, 0x10C5, 0x10C5, 0x622C, 0xD399, 0xFB5F,
  0xFA3E, 0xF1BC, 0xF9DE, 0xF9FF, 0xC9D9, 0x516C, 0x10C5, 0x10C5, 0x10C5, 0x10C5, 0x10C5, 0x10C5,
  0x10C5, 0x10C5, 0x10C5, 0x10C5, 0x10C5, 0x10C5, 0x10C5, 0x10C5, 0x10C5, 0x10C6, 0x10C6, 0x10C5,
  0x10C5, 0x41CC, 0xA358, 0xCBDF, 0xBB9F, 0xAB5E, 0xBBDF, 0xDD5F, 0xC53C, 0x62F0, 0x10C6, 0x10C5,
  0x10C5, 0x10C6, 0x10C5, 0x10C5, 0x10C5, 0x10C5, 0x10C5, 0x10C5, 0x10C5, 0x10C5, 0x10C5, 0x10C5,
  0x10C5, 0x10C5, 0x10C5, 0x10C5, 0x10C5, 0x10C5, 0x10C5, 0x10C5, 0x10C5, 0x10C5, 0x10C5, 0x10C5,
  0x10C5, 0x10C5, 0x10C5, 0x10C5, 0x10C5, 0x10C5, 0x10C5, 0x10C5, 0x10C5, 0x10C5, 0x10C5, 0x10C5,
  0x10C5, 0x10C5, 0x10C5, 0x10C5, 0x10C5, 0x10C5, 0x10C5, 0x10C5, 0x10C5, 0x10C5, 0x10C5, 0x10C5,
  0x10C5, 0x10C5, 0x10C5, 0x10C5, 0x10C5, 0x10C5, 0x10C5, 0x10C5, 0x10C5, 0x10C5, 0x10C5, 0x10C5,
  0x10C5, 0x10C5, 0x10C5, 0x10C5, 0x10C5, 0x10C5, 0x10C5, 0x10C5, 0x10C5, 0x10C5, 0x10C5, 0x10C5,
  0x10C5, 0x10C5, 0x10C5, 0x10C5, 0x10C5, 0x10C5, 0x10C5, 0x10C5, 0x10C5, 0x10C5, 0x10C5, 0x10C5,
  0x10C5, 0x10C5, 0x10C5, 0x10C5, 0x10C5, 0x10C5, 0x10C5, 0x10C5, 0x10C5, 0x10C5, 0x10C5, 0x10C5,
  0x10C5, 0x10C5, 0x10C5, 0x10C5, 0x10C5, 0x10C5, 0x10C5, 0x10C5, 0x10C5, 0x10C5, 0x10C5, 0x10C5,
  0x10C5, 0x10C5, 0x10C5, 0x10C5, 0x10C5, 0x10C5, 0x10C5, 0x10C5, 0x10C5, 0x10C5, 0x10C5, 0x10C5,
  0x10C5, 0x10C5, 0x10C5, 0x10C5, 0x10C5, 0x10C5, 0x10C5, 0x10C5, 0x10C5, 0x10C5, 0x10C5, 0x10C5,
  0x10C5, 0x10C5, 0x10C5, 0x59EB, 0xCB77, 0xFB1E, 0xFA1E, 0xF17B, 0xF9BD, 0xF9FE, 0xD1F9, 0x698E,
  0x10E5, 0x10C5, 0x10C5, 0x10C5, 0x10C5, 0x10C5, 0x10C5, 0x10C5, 0x10C5, 0x10C5, 0x10C5, 0x10C5,
  0x10C5, 0x10C5, 0x10C5, 0x10C5, 0x10C5, 0x10C5, 0x10C5, 0x10C5, 0x10C5, 0x10C5, 0x10C5, 0x49ED,
  0xA31A, 0xC3DF, 0xB39F, 0xA35E, 0xBC1F, 0xD55F, 0xB55B, 0x52AF, 0x08A6, 0x10C5, 0x10C5, 0x10C6,
  0x10C5, 0x10C5, 0x10C5, 0x10C5, 0x10C5, 0x10C5, 0x10C5, 0x10C5, 0x10C5, 0x10C5, 0x10C5, 0x10C5,
  0x10C5, 0x10C5, 0x10C5, 0x10C5, 0x10C5, 0x10C5, 0x10C5, 0x10C5, 0x10C5, 0x10C5, 0x10C5, 0x10C5,
  0x10C5, 0x10C5, 0x10C5, 0x10C5, 0x10C5, 0x10C5, 0x10C5, 0x10C5, 0x10C5, 0x10C5, 0x10C5, 0x10C5,
  0x10C5, 0x10C5, 0x10C5, 0x10C5, 0x10C5, 0x10C5, 0x10C5, 0x10C5, 0x10C5, 0x10C5, 0x10C5, 0x10C5,
  0x10C5, 0x10C5, 0x10C5, 0x10C5, 0x10C5, 0x10C5, 0x10C5, 0x10C5, 0x10C5, 0x10C5, 0x10C5, 0x10C5,
  0x10C5, 0x10C5, 0x10C5, 0x10C5, 0x10C5, 0x10C5, 0x10C5, 0x10C5, 0x10C5, 0x10C5, 0x10C5, 0x10C5,
  0x10C5, 0x10C5, 0x10C5, 0x10C5, 0x10C5, 0x10C5, 0x10C5, 0x10C5, 0x10C5, 0x10C5, 0x10C5, 0x10C5,
  0x10C5, 0x10C5, 0x10C5, 0x10C5, 0x10C5, 0x10C5, 0x10C5, 0x10C5, 0x10C5, 0x10C5, 0x10C5, 0x10C5,
  0x10C5, 0x10C5, 0x10C5, 0x10C5, 0x10C5, 0x10C5, 0x10C5, 0x10C5, 0x10C5, 0x10C5, 0x10C5, 0x10C5,
  0x10C5, 0x10C5, 0x10C5, 0x10C5, 0x10C5, 0x10C5, 0x10C5, 0x10C5, 0x10C5, 0x10C5, 0x10C5, 0x10C5,
  0x10C5, 0x10C5, 0x10C5, 0x10C5, 0x10C5, 0x10C5, 0x10C6, 0x10C5, 0x10C5, 0x49EA, 0xC375, 0xFB5E,
  0xFA1D, 0xF15B, 0xF97C, 0xF9DE, 0xD9BA, 0x716F, 0x10E6, 0x10C5, 0x10C5, 0x10C6, 0x10C5, 0x10C5,
  0x10C5, 0x10C5, 0x10C5, 0x10C5, 0x10C5, 0x10C6, 0x10C6, 0x10C5, 0x10C6, 0x10C5, 0x10C5, 0x10C5,
  0x10C5, 0x10C5, 0x10C5, 0x10C5, 0x10C5, 0x10C6, 0x10C5, 0x10C5, 0x10E6, 0x520E, 0x9B3A, 0xBBFF,
  0xABBF, 0x9B7E, 0xB47F, 0xD59F, 0xACFA, 0x4AAE, 0x08A5, 0x10C5, 0x10C5, 0x10C5, 0x10C5, 0x10C5,
  0x10C5, 0x10C5, 0x10C5, 0x10C5, 0x10C5, 0x10C5, 0x10C5, 0x10C5, 0x10C5, 0x10C5, 0x10C5, 0x10C5,
  0x10C5, 0x10C5, 0x10C5, 0x10C5, 0x10C5, 0x10C5, 0x10C5, 0x10C5, 0x10C5, 0x10C5, 0x10C5, 0x10C5,
  0x10C5, 0x10C5, 0x10C5, 0x10C5, 0x10C5, 0x10C5, 0x10C5, 0x10C5, 0x10C5, 0x10C5, 0x10C5, 0x10C5,
  0x10C5, 0x10C5, 0x10C5, 0x10C5, 0x10C5, 0x10C5, 0x10C5, 0x10C5, 0x10C5, 0x10C5, 0x10C5, 0x10C5,
  0x10C5, 0x10C5, 0x10C5, 0x10C5, 0x10C5, 0x10C5, 0x10C5, 0x10C5, 0x10C5, 0x10C5, 0x10C5, 0x10C5,
  0x10C5, 0x10C5, 0x10C5, 0x10C5, 0x10C5, 0x10C5, 0x10C5, 0x10C5, 0x10C5, 0x10C5, 0x10C5, 0x10C5,
  0x10C5, 0x10C5, 0x10C5, 0x10C5, 0x10C5, 0x10C5, 0x10C5, 0x10C5, 0x10C5, 0x10C5, 0x10C5, 0x10C5,
  0x10C5, 0x10C5, 0x10C5, 0x10C5, 0x10C5, 0x10C5, 0x10C5, 0x10C5, 0x10C5, 0x10C5, 0x10C5, 0x10C5,
  0x10C5, 0x10C5, 0x10C5, 0x10C5, 0x10C5, 0x10C5, 0x10C5, 0x10C5, 0x10C5, 0x10C5, 0x10C5, 0x10C5,
  0x10C5, 0x10C5, 0x10C5, 0x10C5, 0x10C5, 0x10C5, 0x10C5, 0x10C5, 0x10C5, 0x10C5, 0x10C5, 0x10C5,
  0x10C6, 0x10C5, 0x10C5, 0x41A9, 0xB354, 0xFB5D, 0xFA3D, 0xF17A, 0xF95B, 0xF99D, 0xE97A, 0x8170,
  0x18E6, 0x10C5, 0x10C5, 0x10C6, 0x10C5, 0x10C5, 0x10C5, 0x10C5, 0x10C5, 0x10C5, 0x10C5, 0x10C6,
  0x10C6, 0x10C5, 0x10C5, 0x10C5, 0x10C5, 0x10C5, 0x10C6, 0x10C5, 0x10C5, 0x10C5, 0x10C5, 0x10C5,
  0x10C5, 0x10C5, 0x10C5, 0x10C6, 0x10C5, 0x10C5, 0x10E6, 0x5A70, 0xA3BC, 0xB3FF, 0x9BBF, 0x9B9E,
  0xB45F, 0xCDBF, 0xA4F9, 0x3A4C, 0x10C5, 0x10C5, 0x10C5, 0x10C5, 0x10C5, 0x10C5, 0x10C5, 0x10C5,
  0x10C5, 0x10C5, 0x10C5, 0x10C5, 0x10C5, 0x10C5, 0x10C5, 0x10C5, 0x10C5, 0x10C5, 0x10C5, 0x10C5,
  0x10C5, 0x10C5, 0x10C5, 0x10C5, 0x10C5, 0x10C5, 0x10C5, 0x10C5, 0x10C5, 0x10C5, 0x10C5, 0x10C5,
  0x10C5, 0x10C5, 0x10C5, 0x10C5, 0x10C5, 0x10C5, 0x10C5, 0x10C5, 0x10C5, 0x10C5, 0x10C5, 0x10C5,
  0x10C5, 0x10C5, 0x10C5, 0x10C5, 0x10C5, 0x10C5, 0x10C5, 0x10C5, 0x10C5, 0x10C5, 0x10C5, 0x10C5,
  0x10C5, 0x10C5, 0x10C5, 0x10C5, 0x10C5, 0x10C5, 0x10C5, 0x10C5, 0x10C5, 0x10C5, 0x10C5, 0x10C5,
  0x10C5, 0x10C5, 0x10C5, 0x10C5, 0x10C5, 0x10C5, 0x10C5, 0x10C5, 0x10C5, 0x10C5, 0x10C5, 0x10C5,
  0x10C5, 0x10C5, 0x10C5, 0x10C5, 0x10C5, 0x10C5, 0x10C5, 0x10C5, 0x10C5, 0x10C5, 0x10C5, 0x10C5,
  0x10C5, 0x10C5, 0x10C5, 0x10C5, 0x10C5, 0x10C5, 0x10C5, 0x10C5, 0x10C5, 0x10C5, 0x10C5, 0x10C5,
  0x10C5, 0x10C5, 0x10C5, 0x10C5, 0x10C5, 0x10C5, 0x10C5, 0x10C5, 0x10C5, 0x10C5, 0x10C5, 0x10C5,
  0x10C5, 0x10C5, 0x10C5, 0x10C5, 0x10C5, 0x10C5, 0x10C6, 0x10C5, 0x10C5, 0x4188, 0xAB33, 0xFB7C,
  0xFA3C, 0xF139, 0xF959, 0xF99C, 0xF19A, 0x9171, 0x28E7, 0x10C5, 0x10C5, 0x10C6, 0x10C5, 0x10C5,
  0x10C5, 0x10C5, 0x10C5, 0x10C5, 0x10C5, 0x10C6, 0x10C6, 0x10C5, 0x10C5, 0x31C8, 0x83B2, 0xBCD8,
  0x9BF4, 0x39EA, 0x10C5, 0x10C5, 0x10C5, 0x10C5, 0x10C5, 0x10C5, 0x10C5, 0x10C5, 0x10C5, 0x10C5,
  0x10C5, 0x10C6, 0x10C5, 0x10C5, 0x1907, 0x5A72, 0x9BBD, 0xAC1F, 0x93BF, 0x939E, 0xB4BF, 0xCDDF,
  0x94D8, 0x31EB, 0x10C5, 0x10C5, 0x10C6, 0x10C6, 0x10C5, 0x10C5, 0x10C5, 0x10C5, 0x10C5, 0x10C5,
  0x10C5, 0x10C5, 0x10C5, 0x10C5, 0x10C5, 0x10C5, 0x10C5, 0x10C5, 0x10C5, 0x10C5, 0x10C5, 0x10C5,
  0x10C5, 0x10C5, 0x10C5, 0x10C5, 0x10C5, 0x10C5, 0x10C5, 0x10C5, 0x10C5, 0x10C5, 0x10C5, 0x10C5,
  0x10C5, 0x10C5, 0x10C5, 0x10C5, 0x10C5, 0x10C5, 0x10C5, 0x10C5, 0x10C5, 0x10C5, 0x10C5, 0x10C5,
  0x10C5, 0x10C5, 0x10C5, 0x10C5, 0x10C5, 0x10C5, 0x10C5, 0x10C5, 0x10C5, 0x10C5, 0x10C5, 0x10C5,
  0x10C5, 0x10C5, 0x10C5, 0x10C5, 0x10C5, 0x10C5, 0x10C5, 0x10C5, 0x10C5, 0x10C5, 0x10C5, 0x10C5,
  0x10C5, 0x10C5, 0x10C5, 0x10C5, 0x10C5, 0x10C5, 0x10C5, 0x10C5, 0x10C5, 0x10C5, 0x10C5, 0x10C5,
  0x10C5, 0x10C5, 0x10C5, 0x10C5, 0x10C5, 0x10C5, 0x10C5, 0x10C5, 0x10C5, 0x10C5, 0x10C5, 0x10C5,
  0x10C5, 0x10C5, 0x10C5, 0x10C5, 0x10C5, 0x10C5, 0x10C5, 0x10C5, 0x10C5, 0x10C5, 0x10C5, 0x10C5,
  0x10C5, 0x10C5, 0x10C5, 0x10C5, 0x10C5, 0x10C5, 0x10C5, 0x10C5, 0x10C5, 0x10C5, 0x10C5, 0x10C5,
  0x10C6, 0x10C5, 0x10C5, 0x3147, 0xA312, 0xFBBA, 0xFA7B, 0xF978, 0xF958, 0xF97A, 0xF97A, 0x9952,
  0x3108, 0x10C5, 0x10C5, 0x10C6, 0x10C5, 0x10C5, 0x10C5, 0x10C5, 0x10C5, 0x10C5, 0x10C5, 0x10C5,
  0x10C6, 0x10C5, 0x10C5, 0x31C9, 0x9BD4, 0xF4FE, 0xFCBF, 0xF41F, 0xF45F, 0xE49F, 0xA456, 0x426B,
  0x10C5, 0x10C5, 0x10C6, 0x10C6, 0x10C5, 0x10C5, 0x10C5, 0x10C5, 0x10C5, 0x10C5, 0x10C5, 0x10C6,
  0x10C5, 0x10C5, 0x1928, 0x62B3, 0x9BDD, 0xA41F, 0x8B9F, 0x8BDF, 0xB4FF, 0xBD7F, 0x8436, 0x29AA,
  0x10C5, 0x10C5, 0x10C6, 0x10C5, 0x10C5, 0x10C5, 0x10C5, 0x10C5, 0x10C5, 0x10C5, 0x10C5, 0x10C5,
  0x10C5, 0x10C5, 0x10C5, 0x10C5, 0x10C5, 0x10C5, 0x10C5, 0x10C5, 0x10C5, 0x10C5, 0x10C5, 0x10C5,
  0x10C5, 0x10C5, 0x10C5, 0x10C5, 0x10C5, 0x10C5, 0x10C5, 0x10C5, 0x10C5, 0x10C5, 0x10C5, 0x10C5,
  0x10C5, 0x10C5, 0x10C5, 0x10C5, 0x10C5, 0x10C5, 0x10C5, 0x10C5, 0x10C5, 0x10C5, 0x10C5, 0x10C5,
  0x10C5, 0x10C5, 0x10C5, 0x10C5, 0x10C5, 0x10C5, 0x10C5, 0x10C5, 0x10C5, 0x10C5, 0x10C5, 0x10C5,
  0x10C5, 0x10C5, 0x10C5, 0x10C5, 0x10C5, 0x10C5, 0x10C5, 0x10C5, 0x10C5, 0x10C5, 0x10C5, 0x10C5,
  0x10C5, 0x10C5, 0x10C5, 0x10C5, 0x10C5, 0x10C5, 0x10C5, 0x10C5, 0x10C5, 0x10C5, 0x10C5, 0x10C5,
  0x10C5, 0x10C5, 0x10C5, 0x10C5, 0x10C5, 0x10C5, 0x10C5, 0x10C5, 0x10C5, 0x10C5, 0x10C5, 0x10C5,
  0x10C5, 0x10C5, 0x10C5, 0x10C5, 0x10C5, 0x10C5, 0x10C5, 0x10C5, 0x10C5, 0x10C5, 0x10C5, 0x10C5,
  0x10C5, 0x10C5, 0x10C5, 0x10C5, 0x10C5, 0x10C5, 0x10C6, 0x10C5, 0x10C5, 0x2906, 0x92CF, 0xF3B9,
  0xFABA, 0xF977, 0xF136, 0xF978, 0xF999, 0xB173, 0x3908, 0x10C5, 0x10C5, 0x10C6, 0x10C5, 0x10C5,
  0x10C5, 0x10C5, 0x10C5, 0x10C5, 0x10C5, 0x10C5, 0x10C6, 0x10C5, 0x10C5, 0x31A8, 0x93D3, 0xECBE,
  0xFC3F, 0xF33F, 0xEB1E, 0xE33F, 0xD2FE, 0xD2FF, 0xE41F, 0xE55F, 0xA496, 0x3A2A, 0x10C5, 0x10C5,
  0x10C6, 0x10C6, 0x10C5, 0x10C5, 0x10C5, 0x10C5, 0x10C5, 0x10C5, 0x10C5, 0x10C6, 0x10C5, 0x10C5,
  0x2169, 0x6AF4, 0x9BFE, 0x9C1F, 0x83BF, 0x83DF, 0xA4FF, 0xBDFF, 0x8455, 0x2189, 0x10C5, 0x10C5,
  0x10C6, 0x10C5, 0x10C5, 0x10C5, 0x10C5, 0x10C5, 0x10C5, 0x10C5, 0x10C5, 0x10C5, 0x10C5, 0x10C5,
  0x10C5, 0x10C5, 0x10C5, 0x10C5, 0x10C5, 0x10C5, 0x10C5, 0x10C5, 0x10C5, 0x10C5, 0x10C5, 0x10C5,
  0x10C5, 0x10C5, 0x10C5, 0x10C5, 0x10C5, 0x10C5, 0x10C5, 0x10C5, 0x10C5, 0x10C5, 0x10C5, 0x10C5,
  0x10C5, 0x10C5, 0x10C5, 0x10C5, 0x10C5, 0x10C5, 0x10C5, 0x10C5, 0x10C5, 0x10C5, 0x10C5, 0x10C5,
  0x10C5, 0x10C5, 0x10C5, 0x10C5, 0x10C5, 0x10C5, 0x10C5, 0x10C5, 0x10C5, 0x10C5, 0x10C5, 0x10C5,
  0x10C5, 0x10C5, 0x10C5, 0x10C5, 0x10C5, 0x10C5, 0x10C5, 0x10C5, 0x10C5, 0x10C5, 0x10C5, 0x10C5,
  0x10C5, 0x10C5, 0x10C5, 0x10C5, 0x10C5, 0x10C5, 0x10C5, 0x10C5, 0x10C5, 0x10C5, 0x10C5, 0x10C5,
  0x10C5, 0x10C5, 0x10C5, 0x10C5, 0x10C5, 0x10C5, 0x10C5, 0x10C5, 0x10C5, 0x10C5, 0x10C5, 0x10C5,
  0x10C5, 0x10C5, 0x10C5, 0x10C5, 0x10C5, 0x10C5, 0x10C5, 0x10C5, 0x10C5, 0x10C5, 0x10C5, 0x10C5,
  0x10C5, 0x10C5, 0x10C5, 0x2106, 0x828D, 0xEB36, 0xFAF9, 0xF9D6, 0xF155, 0xF977, 0xF978, 0xB172,
  0x4129, 0x10C5, 0x10C5, 0x10C6, 0x10C5, 0x10C5, 0x10C5, 0x10C5, 0x10C5, 0x10C5, 0x10C5, 0x10C5,
  0x10C6, 0x10C5, 0x10C5, 0x31A8, 0x9BB3, 0xEC7D, 0xFBFF, 0xF2FF, 0xEAFE, 0xFB5F, 0xFB5F, 0xEB3F,
  0xEB7F, 0xD35F, 0xBB1E, 0xBAFF, 0xCBFF, 0xCD1F, 0x9436, 0x3A0A, 0x10C5, 0x10C5, 0x10C6, 0x10C6,
  0x10C5, 0x10C5, 0x10C5, 0x10C5, 0x10C5, 0x10C5, 0x10C5, 0x10C6, 0x10C5, 0x10C5, 0x298A, 0x7336,
  0x941F, 0x8C1F, 0x73FE, 0x843F, 0xAD7F, 0xB5FE, 0x7413, 0x1948, 0x10C5, 0x10C5, 0x10C6, 0x10C5,
  0x10C5, 0x10C5, 0x10C5, 0x10C5, 0x10C5, 0x10C5, 0x10C5, 0x10C5, 0x10C5, 0x10C5, 0x10C5, 0x10C5,
  0x10C5, 0x10C5, 0x10C5, 0x10C5, 0x10C5, 0x10C5, 0x10C5, 0x10C5, 0x10C5, 0x10C5, 0x10C5, 0x10C5,
  0x10C5, 0x10C5, 0x10C5, 0x10C5, 0x10C5, 0x10C5, 0x10C5, 0x10C5, 0x10C5, 0x10C5, 0x10C5, 0x10C5,
  0x10C5, 0x10C5, 0x10C5, 0x10C5, 0x10C5, 0x10C5, 0x10C5, 0x10C5, 0x10C5, 0x10C5, 0x10C5, 0x10C5,
  0x10C5, 0x10C5, 0x10C5, 0x10C5, 0x10C5, 0x10C5, 0x10C5, 0x10C5, 0x10C5, 0x10C5, 0x10C5, 0x10C5,
  0x10C5, 0x10C5, 0x10C5, 0x10C5, 0x10C5, 0x10C5, 0x10C5, 0x10C5, 0x10C5, 0x10C5, 0x10C5, 0x10C5,
  0x10C5, 0x10C5, 0x10C5, 0x10C5, 0x10C5, 0x10C5, 0x10C5, 0x10C5, 0x10C5, 0x10C5, 0x10C5, 0x10C5,
  0x10C5, 0x10C5, 0x10C5, 0x10C5, 0x10C5, 0x10C5, 0x10C5, 0x10C5, 0x10C5, 0x10C5, 0x10C5, 0x10C5,
  0x10C5, 0x10C5, 0x10C5, 0x10C5, 0x10C5, 0x10C5, 0x10C5, 0x10C5, 0x10C5, 0x10C5, 0x728D, 0xE3F6,
  0xFB58, 0xF974, 0xF133, 0xF975, 0xF9B7, 0xC172, 0x512A, 0x10C5, 0x10C5, 0x10C5, 0x10C5, 0x10C5,
  0x10C5, 0x10C5, 0x10C5, 0x10C5, 0x10C5, 0x10C5, 0x10C6, 0x10C5, 0x10C5, 0x2987, 0x93B3, 0xEC7D,
  0xFBBF, 0xF2DF, 0xF2BE, 0xFB1F, 0xFB5F, 0xC2F9, 0x59CD, 0x3149, 0x620F, 0xB33A, 0xD37F, 0xC33F,
  0xA31E, 0xA31F, 0xB3DF, 0xC51F, 0x8C55, 0x31E9, 0x10C5, 0x10C5, 0x10C6, 0x10C5, 0x10C5, 0x10C5,
  0x10C5, 0x10C5, 0x10C5, 0x10C5, 0x10C6, 0x10C6, 0x10C5, 0x10C5, 0x29AB, 0x7398, 0x949F, 0x845F,
  0x6C1E, 0x849F, 0xB5FF, 0xB5FD, 0x6392, 0x1107, 0x10C5, 0x10C5, 0x10C6, 0x10C5, 0x10C5, 0x10C5,
  0x10C5, 0x10C5, 0x10C5, 0x10C5, 0x10C5, 0x10C5, 0x10C5, 0x10C5, 0x10C5, 0x10C5, 0x10C5, 0x10C5,
  0x10C5, 0x10C5, 0x10C5, 0x10C5, 0x10C5, 0x10C5, 0x10C5, 0x10C5, 0x10C5, 0x10C5, 0x10C5, 0x10C5,
  0x10C5, 0x10C5, 0x10C5, 0x10C5, 0x10C5, 0x10C5, 0x10C5, 0x10C5, 0x10C5, 0x10C5, 0x10C5, 0x10C5,
  0x10C5, 0x10C5, 0x10C5, 0x10C5, 0x10C5, 0x10C5, 0x10C5, 0x10C5, 0x10C5, 0x10C5, 0x10C5, 0x10C5,
  0x10C5, 0x10C5, 0x10C5, 0x10C5, 0x10C5, 0x10C5, 0x10C5, 0x10C5, 0x10C5, 0x10C5, 0x10C5, 0x10C5,
  0x10C5, 0x10C5, 0x10C5, 0x10C5, 0x10C5, 0x10C5, 0x10C5, 0x10C5, 0x10C5, 0x10C5, 0x10C5, 0x10C5,
  0x10C5, 0x10C5, 0x10C5, 0x10C5, 0x10C5, 0x10C5, 0x10C5, 0x10C5, 0x10C5, 0x10C5, 0x10C5, 0x10C5,
  0x10C5, 0x10C5, 0x10C5, 0x10C5, 0x10C5, 0x10C5, 0x10C5, 0x10C5, 0x10C5, 0x10C5, 0x10C5, 0x10C5,
  0x10C5, 0x10C5, 0x10C5, 0x10A5, 0x6A4B, 0xD3D4, 0xFB18, 0xF9B3, 0xF152, 0xF974, 0xF995, 0xD192,
  0x614B, 0x08C5, 0x10C5, 0x10C5, 0x10C5, 0x10C5, 0x10C5, 0x10C5, 0x10C5, 0x10C5, 0x10C5, 0x10C5,
  0x10C6, 0x10C5, 0x10C5, 0x2167, 0x8B92, 0xEC9D, 0xFBDF, 0xFADF, 0xF29E, 0xFB1F, 0xFB9F, 0xC319,
  0x59AD, 0x10C5, 0x10C5, 0x10C5, 0x10C5, 0x10E5, 0x51CE, 0xA2FA, 0xBB7F, 0xAB5F, 0x933E, 0x933F,
  0xAC5F, 0xBD7E, 0x8454, 0x29C9, 0x10C5, 0x10C5, 0x10C6, 0x10C5, 0x10C5, 0x10C5, 0x10C5, 0x10C5,
  0x10C5, 0x10C5, 0x10C6, 0x10C6, 0x10C5, 0x10C5, 0x3A2D, 0x73D9, 0x849F, 0x7C9F, 0x745E, 0x84BF,
  0xA5DF, 0xADBC, 0x5B50, 0x10C6, 0x10C5, 0x10C5, 0x10C6, 0x10C5, 0x10C5, 0x10C5, 0x10C5, 0x10C5,
  0x10C5, 0x10C5, 0x10C5, 0x10C5, 0x10C5, 0x10C5, 0x10C5, 0x10C5, 0x10C5, 0x10C5, 0x10C5, 0x10C5,
  0x10C5, 0x10C5, 0x10C5, 0x10C5, 0x10C5, 0x10C5, 0x10C5, 0x10C5, 0x10C5, 0x10C5, 0x10C5, 0x10C5,
  0x10C5, 0x10C5, 0x10C5, 0x10C5, 0x10C5, 0x10C5, 0x10C5, 0x10C5, 0x10C5, 0x10C5, 0x10C5, 0x10C5,
  0x10C5, 0x10C5, 0x10C5, 0x10C5, 0x10C5, 0x10C5, 0x10C5, 0x10C5, 0x10C5, 0x10C5, 0x10C5, 0x10C5,
  0x10C5, 0x10C5, 0x10C5, 0x10C5, 0x10C5, 0x10C5, 0x10C5, 0x10C5, 0x10C5, 0x10C5, 0x10C5, 0x10C5,
  0x10C5, 0x10C5, 0x10C5, 0x10C5, 0x10C5, 0x10C5, 0x10C5, 0x10C5, 0x10C5, 0x10C5, 0x10C5, 0x10C5,
  0x10C5, 0x10C5, 0x10C5, 0x10C5, 0x10C5, 0x10C5, 0x10C5, 0x10C5, 0x10C5, 0x10C5, 0x10C5, 0x10C5,
  0x10C5, 0x10C5, 0x10C5, 0x10C5, 0x10C5, 0x10C5, 0x10C5, 0x10C5, 0x10C5, 0x10A5, 0x620A, 0xD393,
  0xFB56, 0xFA14, 0xF110, 0xF932, 0xF995, 0xD9D3, 0x696B, 0x10E5, 0x10C5, 0x10C5, 0x10C5, 0x10C5,
  0x10C5, 0x10C5, 0x10C5, 0x10C5, 0x10C5, 0x10C5, 0x10C6, 0x10C5, 0x10C5, 0x2147, 0x8351, 0xEC5C,
  0xFBDF, 0xFB1F, 0xF2BE, 0xFB1F, 0xFB9F, 0xCB5A, 0x5A0D, 0x10C5, 0x10C5, 0x10C5, 0x10C6, 0x10C6,
  0x10C6, 0x10C5, 0x10C5, 0x10E6, 0x51EE, 0x9B3A, 0xABBF, 0x939F, 0x837E, 0x8B9F, 0x9C9F, 0xA51E,
  0x7BF3, 0x29A8, 0x10C5, 0x10C5, 0x10C6, 0x10C5, 0x10C5, 0x10C5, 0x10C5, 0x10C5, 0x10C5, 0x10C5,
  0x10C5, 0x10C5, 0x10C5, 0x10C5, 0x3A6F, 0x743A, 0x84DF, 0x749F, 0x645E, 0x7D1F, 0xAE5F, 0xA5BB,
  0x4ACF, 0x08A6, 0x10C5, 0x10C5, 0x10C6, 0x10C5, 0x10C5, 0x10C5, 0x10C5, 0x10C5, 0x10C5, 0x10C5,
  0x10C5, 0x10C5, 0x10C5, 0x10C5, 0x10C5, 0x10C5, 0x10C5, 0x10C5, 0x10C5, 0x10C5, 0x10C5, 0x10C5,
  0x10C5, 0x10C5, 0x10C5, 0x10C5, 0x10C5, 0x10C5, 0x10C5, 0x10C5, 0x10C5, 0x10C5, 0x10C5, 0x10C5,
  0x10C5, 0x10C5, 0x10C5, 0x10C5, 0x10C5, 0x10C5, 0x10C5, 0x10C5, 0x10C5, 0x10C5, 0x10C5, 0x10C5,
  0x10C5, 0x10C5, 0x10C5, 0x10C5, 0x10C5, 0x10C5, 0x10C5, 0x10C5, 0x10C5, 0x10C5, 0x10C5, 0x10C5,
  0x10C5, 0x10C5, 0x10C5, 0x10C5, 0x10C5, 0x10C5, 0x10C5, 0x10C5, 0x10C5, 0x10C5, 0x10C5, 0x10C5,
  0x10C5, 0x10C5, 0x10C5, 0x10C5, 0x10C5, 0x10C5, 0x10C5, 0x10C5, 0x10C5, 0x10C5, 0x10C5, 0x10C5,
  0x10C5, 0x10C5, 0x10C5, 0x10C5, 0x10C5, 0x10C5, 0x10C5, 0x10C5, 0x10C5, 0x10C5, 0x10C5, 0x10C5,
  0x10C5, 0x10C6, 0x10C5, 0x10C5, 0x51E9, 0xC3B2, 0xFBD6, 0xFA13, 0xF10F, 0xF950, 0xF9B4, 0xE992,
  0x814C, 0x18E6, 0x10C5, 0x10C5, 0x10C5, 0x10C5, 0x10C5, 0x10C5, 0x10C5, 0x10C5, 0x10C5, 0x10C5,
  0x10C6, 0x10C5, 0x10C5, 0x2146, 0x8350, 0xE43C, 0xFBBF, 0xFADF, 0xF29E, 0xFB1F, 0xFBBF, 0xD37A,
  0x622E, 0x10E5, 0x10C5, 0x10C5, 0x10C6, 0x10C5, 0x10C5, 0x10C5, 0x10C5, 0x10C5, 0x10C6, 0x10C5,
  0x10C5, 0x10E6, 0x5230, 0x935C, 0x9BBF, 0x837F, 0x735E, 0x737F, 0x949F, 0xA57D, 0x7412, 0x2987,
  0x10C5, 0x10C5, 0x10C6, 0x10C5, 0x10C5, 0x10C5, 0x10C5, 0x10C5, 0x10C5, 0x10C5, 0x10C6, 0x10C5,
  0x10C5, 0x10E6, 0x3AB0, 0x747C, 0x853F, 0x6CBF, 0x649E, 0x857F, 0xAE7F, 0x955A, 0x428E, 0x10A5,
  0x10C5, 0x10C5, 0x10C6, 0x10C5, 0x10C5, 0x10C5, 0x10C5, 0x10C5, 0x10C5, 0x10C5, 0x10C5, 0x10C5,
  0x10C5, 0x10C5, 0x10C5, 0x10C5, 0x10C5, 0x10C5, 0x10C5, 0x10C5, 0x10C5, 0x10C5, 0x10C5, 0x10C5,
  0x10C5, 0x10C5, 0x10C5, 0x10C5, 0x10C5, 0x10C5, 0x10C5, 0x10C5, 0x10C5, 0x10C5, 0x10C5, 0x10C5,
  0x10C5, 0x10C5, 0x10C5, 0x10C5, 0x10C5, 0x10C5, 0x10C5, 0x10C5, 0x10C5, 0x10C5, 0x10C5, 0x10C5,
  0x10C5, 0x10C5, 0x10C5, 0x10C5, 0x10C5, 0x10C5, 0x10C5, 0x10C5, 0x10C5, 0x10C5, 0x10C5, 0x10C5,
  0x10C5, 0x10C5, 0x10C5, 0x10C5, 0x10C5, 0x10C5, 0x10C5, 0x10C5, 0x10C5, 0x10C5, 0x10C5, 0x10C5,
  0x10C5, 0x10C5, 0x10C5, 0x10C5, 0x10C5, 0x10C5, 0x10C5, 0x10C5, 0x10C5, 0x10C5, 0x10C5, 0x10C5,
  0x10C5, 0x10C5, 0x10C5, 0x10C5, 0x10C5, 0x10C5, 0x10C5, 0x10C6, 0x10C5, 0x10C5, 0x4187, 0xB370,
  0xFBD5, 0xFA92, 0xF16E, 0xF94F, 0xF992, 0xF1B1, 0x898C, 0x28E6, 0x10C5, 0x10C5, 0x10C5, 0x10C5,
  0x10C5, 0x10C5, 0x10C5, 0x10C5, 0x10C5, 0x10C5, 0x10C6, 0x10C5, 0x10C5, 0x2126, 0x7B30, 0xE47B,
  0xFBFF, 0xFADF, 0xF29D, 0xFAFF, 0xFB7F, 0xDB5B, 0x6A4F, 0x10E6, 0x10C5, 0x10C5, 0x10C6, 0x10C5,
  0x10C5, 0x10C5, 0x10C5, 0x10C5, 0x10C5, 0x10C5, 0x10C5, 0x10C5, 0x10C6, 0x10C5, 0x10C5, 0x1107,
  0x5230, 0x835C, 0x8BDF, 0x7BDF, 0x73BE, 0x73DF, 0x8CBF, 0x953D, 0x6BD2, 0x2167, 0x10C5, 0x10C5,
  0x10C6, 0x10C5, 0x10C5, 0x10C5, 0x10C5, 0x10C5, 0x10C5, 0x10C5, 0x10C6, 0x10C5, 0x10C5, 0x1127,
  0x42F1, 0x74BC, 0x753F, 0x64FF, 0x64FE, 0x85BF, 0xA67F, 0x9559, 0x3A4D, 0x10C5, 0x10C5, 0x10C5,
  0x10C5, 0x10C5, 0x10C5, 0x10C5, 0x10C5, 0x10C5, 0x10C5, 0x10C5, 0x10C5, 0x10C5, 0x10C5, 0x10C5,
  0x10C5, 0x10C5, 0x10C5, 0x10C5, 0x10C5, 0x10C5, 0x10C5, 0x10C5, 0x10C5, 0x10C5, 0x10C5, 0x10C5,
  0x10C5, 0x10C5, 0x10C5, 0x10C5, 0x10C5, 0x10C5, 0x10C5, 0x10C5, 0x10C5, 0x10C5, 0x10C5, 0x10C5,
  0x10C5, 0x10C5, 0x10C5, 0x10C5, 0x10C5, 0x10C5, 0x10C5, 0x10C5, 0x10C5, 0x10C5, 0x10C5, 0x10C5,
  0x10C5, 0x10C5, 0x10C5, 0x10C5, 0x10C5, 0x10C5, 0x10C5, 0x10C5, 0x10C5, 0x10C5, 0x10C5, 0x10C5,
  0x10C5, 0x10C5, 0x10C5, 0x10C5, 0x10C5, 0x10C5, 0x10C5, 0x10C5, 0x10C5, 0x10C5, 0x10C5, 0x10C5,
  0x10C5, 0x10C5, 0x10C5, 0x10C5, 0x10C5, 0x10C5, 0x10C5, 0x10C5, 0x10C5, 0x10C5, 0x10C5, 0x10C5,
  0x10C5, 0x10C6, 0x10C5, 0x10C5, 0x3947, 0xAB4F, 0xFC15, 0xFAB1, 0xF16D, 0xF14D, 0xF9B0, 0xF1F1,
  0x99AD, 0x3107, 0x10C5, 0x10C5, 0x10C5, 0x10C5, 0x10C5, 0x10C5, 0x10C5, 0x10C5, 0x10C5, 0x10C5,
  0x10C6, 0x10C5, 0x10C5, 0x1906, 0x7B0F, 0xE4BA, 0xFC1F, 0xFADF, 0xF29D, 0xFAFE, 0xFB7F, 0xE39B,
  0x7A70, 0x1906, 0x10C5, 0x10C5, 0x10C6, 0x10C5, 0x10C5, 0x10C5, 0x10C5, 0x10C5, 0x10C5, 0x10C5,
  0x10C5, 0x10C5, 0x10C5, 0x10C5, 0x10C5, 0x10C5, 0x10C6, 0x10C5, 0x10C5, 0x1907, 0x5272, 0x8BFD,
  0x8C3F, 0x6BDF, 0x63BE, 0x63FF, 0x851F, 0x9D9C, 0x63B0, 0x1926, 0x10C5, 0x10C5, 0x10C6, 0x10C5,
  0x10C5, 0x10C5, 0x10C5, 0x10C5, 0x10C5, 0x10C5, 0x10C6, 0x10C5, 0x10C5, 0x1147, 0x4353, 0x6D1D,
  0x759F, 0x5D3F, 0x551E, 0x863F, 0xB6DF, 0x8D17, 0x320B, 0x10C5, 0x10C5, 0x10C6, 0x10C6, 0x10C5,
  0x10C5, 0x10C5, 0x10C5, 0x10C5, 0x10C5, 0x10C5, 0x10C5, 0x10C5, 0x10C5, 0x10C5, 0x10C5, 0x10C5,
  0x10C5, 0x10C5, 0x10C5, 0x10C5, 0x10C5, 0x10C5, 0x10C5, 0x10C5, 0x10C5, 0x10C5, 0x10C5, 0x10C5,
  0x10C5, 0x10C5, 0x10C5, 0x10C5, 0x10C5, 0x10C5, 0x10C5, 0x10C5, 0x10C5, 0x10C5, 0x10C5, 0x10C5,
  0x10C5, 0x10C5, 0x10C5, 0x10C5, 0x10C5, 0x10C5, 0x10C5, 0x10C5, 0x10C5, 0x10C5, 0x10C5, 0x10C5,
  0x10C5, 0x10C5, 0x10C5, 0x10C5, 0x10C5, 0x10C5, 0x10C5, 0x10C5, 0x10C5, 0x10C5, 0x10C5, 0x10C5,
  0x10C5, 0x10C5, 0x10C5, 0x10C5, 0x10C5, 0x10C5, 0x10C5, 0x10C5, 0x10C5, 0x10C5, 0x10C5, 0x10C5,
  0x10C5, 0x10C5, 0x10C5, 0x10C5, 0x10C5, 0x10C5, 0x10C5, 0x10C6, 0x10C5, 0x10C5, 0x2906, 0x9B2E,
  0xF434, 0xFB12, 0xF9AE, 0xF16C, 0xF9CE, 0xFA11, 0xA9CD, 0x3927, 0x10C5, 0x10C5, 0x10C5, 0x10C5,
  0x10C5, 0x10C5, 0x10C5, 0x10C5, 0x10C5, 0x10C5, 0x10C6, 0x10C5, 0x10C5, 0x10E5, 0x6AEE, 0xDC9A,
  0xFC3F, 0xFB1E, 0xF2BD, 0xFADE, 0xFB7F, 0xEBBC, 0x8A91, 0x2107, 0x10C5, 0x10C5, 0x10C6, 0x10C5,
  0x10C5, 0x10C5, 0x10C5, 0x10C5, 0x10C5, 0x10C5, 0x10C5, 0x10C5, 0x10C5, 0x10C5, 0x10C5, 0x10C5,
  0x10C5, 0x10C5, 0x10C5, 0x10C5, 0x10C6, 0x10C5, 0x10C5, 0x1948, 0x5AD4, 0x7BDE, 0x745F, 0x643F,
  0x5BFE, 0x647F, 0x7D5F, 0x8D7B, 0x636F, 0x1906, 0x10C5, 0x10C5, 0x10C6, 0x10C5, 0x10C5, 0x10C5,
  0x10C5, 0x10C5, 0x10C5, 0x10C5, 0x10C6, 0x10C5, 0x10C5, 0x1989, 0x4BD5, 0x6D7F, 0x6DBF, 0x5D5F,
  0x5D7F, 0x867F, 0xAEDF, 0x7CB7, 0x29CA, 0x10C5, 0x10C5, 0x10C6, 0x10C6, 0x10C5, 0x10C5, 0x10C5,
  0x10C5, 0x10C5, 0x10C5, 0x10C5, 0x10C5, 0x10C5, 0x10C5, 0x10C5, 0x10C5, 0x10C5, 0x10C5, 0x10C5,
  0x10C5, 0x10C5, 0x10C5, 0x10C5, 0x10C5, 0x10C5, 0x10C5, 0x10C5, 0x10C5, 0x10C5, 0x10C5, 0x10C5,
  0x10C5, 0x10C5, 0x10C5, 0x10C5, 0x10C5, 0x10C5, 0x10C5, 0x10C5, 0x10C5, 0x10C5, 0x10C5, 0x10C5,
  0x10C5, 0x10C5, 0x10C5, 0x10C5, 0x10C5, 0x10C5, 0x10C5, 0x10C5, 0x10C5, 0x10C5, 0x10C5, 0x10C5,
  0x10C5, 0x10C5, 0x10C5, 0x10C5, 0x10C5, 0x10C5, 0x10C5, 0x10C5, 0x10C5, 0x10C5, 0x10C5, 0x10C5,
  0x10C5, 0x10C5, 0x10C5, 0x10C5, 0x10C5, 0x10C5, 0x10C5, 0x10C5, 0x10C5, 0x10C5, 0x10C5, 0x10C5,
  0x10C5, 0x10C5, 0x10C5, 0x10C5, 0x2905, 0x8AEC, 0xEC33, 0xFB52, 0xF9AC, 0xF16B, 0xF9CE, 0xF9F0,
  0xB1CD, 0x4148, 0x10C5, 0x10C5, 0x10C5, 0x10C5, 0x10C5, 0x10C5, 0x10C5, 0x10C5, 0x10C5, 0x10C5,
  0x10C6, 0x10C5, 0x10C5, 0x10E5, 0x6AAD, 0xD439, 0xFC3F, 0xFB3E, 0xF2BC, 0xFADD, 0xFB9F, 0xEBBC,
  0x8AB2, 0x2927, 0x10C5, 0x10C5, 0x10C6, 0x10C5, 0x10C5, 0x10C5, 0x10C5, 0x10C5, 0x10C5, 0x10C5,
  0x10C5, 0x10C5, 0x10C5, 0x10C5, 0x10C5, 0x10C5, 0x10C5, 0x10C5, 0x10C5, 0x10C5, 0x10C5, 0x10C5,
  0x10C5, 0x10C5, 0x10C6, 0x10C5, 0x10C5, 0x2169, 0x5334, 0x7C7E, 0x749F, 0x5C5F, 0x4C1E, 0x549F,
  0x85BF, 0x8D9A, 0x532E, 0x10E5, 0x10C5, 0x10C5, 0x10C6, 0x10C5, 0x10C5, 0x10C5, 0x10C5, 0x10C5,
  0x10C5, 0x10C5, 0x10C6, 0x10C5, 0x10C5, 0x19CA, 0x4C36, 0x65DF, 0x65FF, 0x557F, 0x559F, 0x869F,
  0xA6BF, 0x7495, 0x2189, 0x10C5, 0x10C5, 0x10C6, 0x10C5, 0x10C5, 0x10C5, 0x10C5, 0x10C5, 0x10C5,
  0x10C5, 0x10C5, 0x10C5, 0x10C5, 0x10C5, 0x10C5, 0x10C5, 0x10C5, 0x10C5, 0x10C5, 0x10C5, 0x10C5,
  0x10C5, 0x10C5, 0x10C5, 0x10C5, 0x10C5, 0x10C5, 0x10C5, 0x10C5, 0x10C5, 0x10C5, 0x10C5, 0x10C5,
  0x10C5, 0x10C5, 0x10C5, 0x10C5, 0x10C5, 0x10C5, 0x10C5, 0x10C5, 0x10C5, 0x10C5, 0x10C5, 0x10C5,
  0x10C5, 0x10C5, 0x10C5, 0x10C5, 0x10C5, 0x10C5, 0x10C5, 0x10C5, 0x10C5, 0x10C5, 0x10C5, 0x10C5,
  0x10C5, 0x10C5, 0x10C5, 0x10C5, 0x10C5, 0x10C5, 0x10C5, 0x10C5, 0x10C5, 0x10C5, 0x10C5, 0x10C5,
  0x10C5, 0x10C5, 0x10C5, 0x10C5, 0x10C5, 0x10C5, 0x10C5, 0x10C5, 0x10C5, 0x10C5, 0x18E5, 0x7A8B,
  0xE413, 0xFBB3, 0xFA0D, 0xF16B, 0xF9AC, 0xFA2F, 0xC20D, 0x4928, 0x10C5, 0x10C5, 0x10C6, 0x10C5,
  0x10C5, 0x10C5, 0x10C5, 0x10C5, 0x10C5, 0x10C5, 0x10C5, 0x10C5, 0x10C5, 0x10C5, 0x62AD, 0xD458,
  0xFC3E, 0xFB1D, 0xF2BB, 0xFAFC, 0xFBBF, 0xF3BD, 0x9AF3, 0x2948, 0x10C5, 0x10C5, 0x10C6, 0x10C5,
  0x10C5, 0x10C5, 0x10C5, 0x10C5, 0x10C5, 0x10C5, 0x10C5, 0x10C5, 0x10C5, 0x10C5, 0x10C5, 0x10C5,
  0x10C5, 0x10C5, 0x10C5, 0x10C5, 0x10C5, 0x10C5, 0x10C5, 0x10C5, 0x10C5, 0x10C5, 0x10C5, 0x10C5,
  0x10C6, 0x10C5, 0x10C5, 0x218A, 0x5355, 0x6C9F, 0x64BF, 0x4C7F, 0x445E, 0x54DF, 0x85FF, 0x8D7A,
  0x4B0E, 0x10C5, 0x10C5, 0x10C5, 0x10C6, 0x10C5, 0x10C5, 0x10C5, 0x10C5, 0x10C5, 0x10C5, 0x10C6,
  0x10C6, 0x10C5, 0x10C5, 0x220B, 0x4C97, 0x661F, 0x65FF, 0x4D7E, 0x5DDF, 0x96DF, 0x9E7E, 0x6413,
  0x1948, 0x10C5, 0x10C5, 0x10C6, 0x10C5, 0x10C5, 0x10C5, 0x10C5, 0x10C5, 0x10C5, 0x10C5, 0x10C5,
  0x10C5, 0x10C5, 0x10C5, 0x10C5, 0x10C5, 0x10C5, 0x10C5, 0x10C5, 0x10C5, 0x10C5, 0x10C5, 0x10C5,
  0x10C5, 0x10C5, 0x10C5, 0x10C5, 0x10C5, 0x10C5, 0x10C5, 0x10C5, 0x10C5, 0x10C5, 0x10C5, 0x10C5,
  0x10C5, 0x10C5, 0x10C5, 0x10C5, 0x10C5, 0x10C5, 0x10C5, 0x10C5, 0x10C5, 0x10C5, 0x10C5, 0x10C5,
  0x10C5, 0x10C5, 0x10C5, 0x10C5, 0x10C5, 0x10C5, 0x10C5, 0x10C5, 0x10C5, 0x10C5, 0x10C5, 0x10C5,
  0x10C5, 0x10C5, 0x10C5, 0x10C5, 0x10C5, 0x10C5, 0x10C5, 0x10C5, 0x10C5, 0x10C5, 0x10C5, 0x10C5,
  0x10C5, 0x10C5, 0x10C5, 0x10C5, 0x10A5, 0x6A6A, 0xDC32, 0xFB93, 0xFA0E, 0xF16B, 0xF9CC, 0xFA2F,
  0xCA0D, 0x5948, 0x10C5, 0x10C5, 0x10C5, 0x10C5, 0x10C5, 0x10C5, 0x10C5, 0x10C5, 0x10C5, 0x10C5,
  0x10C5, 0x10C5, 0x10C5, 0x10C5, 0x5A4B, 0xC436, 0xFC5E, 0xFB5D, 0xF2BB, 0xFAFB, 0xFB7E, 0xFBDD,
  0xA314, 0x3949, 0x10C5, 0x10C5, 0x10C6, 0x10C5, 0x10C5, 0x10C5, 0x10C5, 0x10C5, 0x10C5, 0x10C5,
  0x10C5, 0x10C5, 0x10C5, 0x10C5, 0x10C5, 0x10C5, 0x10C5, 0x10C5, 0x10C5, 0x10C5, 0x10C5, 0x10C5,
  0x10C5, 0x10C5, 0x10C5, 0x10C5, 0x10C5, 0x10C5, 0x10C5, 0x10C5, 0x10C5, 0x10C6, 0x10C6, 0x10C5,
  0x10C5, 0x21CB, 0x53B7, 0x64DF, 0x54DF, 0x449F, 0x449F, 0x553F, 0x7E1F, 0x8579, 0x42CC, 0x10C5,
  0x10C5, 0x10C5, 0x10C5, 0x10C5, 0x10C5, 0x10C5, 0x10C5, 0x10C5, 0x10C5, 0x10C6, 0x10C6, 0x10C5,
  0x10C5, 0x226C, 0x54F9, 0x5E1F, 0x55FF, 0x4DBE, 0x5E1F, 0x8EFF, 0xA6BD, 0x5BF2, 0x1107, 0x10C5,
  0x10C5, 0x10C6, 0x10C5, 0x10C5, 0x10C5, 0x10C5, 0x10C5, 0x10C5, 0x10C5, 0x10C5, 0x10C5, 0x10C5,
  0x10C5, 0x10C5, 0x10C5, 0x10C5, 0x10C5, 0x10C5, 0x10C5, 0x10C5, 0x10C5, 0x10C5, 0x10C5, 0x10C5,
  0x10C5, 0x10C5, 0x10C5, 0x10C5, 0x10C5, 0x10C5, 0x10C5, 0x10C5, 0x10C5, 0x10C5, 0x10C5, 0x10C5,
  0x10C5, 0x10C5, 0x10C5, 0x10C5, 0x10C5, 0x10C5, 0x10C5, 0x10C5, 0x10C5, 0x10C5, 0x10C5, 0x10C5,
  0x10C5, 0x10C5, 0x10C5, 0x10C5, 0x10C5, 0x10C5, 0x10C5, 0x10C5, 0x10C5, 0x10C5, 0x10C5, 0x10C5,
  0x10C5, 0x10C5, 0x10C5, 0x10C5, 0x10C5, 0x10C5, 0x10C5, 0x10C5, 0x10C5, 0x10C5, 0x10C5, 0x6229,
  0xD411, 0xFBD2, 0xFA6D, 0xF18A, 0xF9CC, 0xFA6F, 0xD22D, 0x6188, 0x10C5, 0x10C5, 0x10C5, 0x10C5,
  0x10C5, 0x10C5, 0x10C5, 0x10C5, 0x10C5, 0x10C5, 0x10C5, 0x10C6, 0x10C5, 0x10C5, 0x4A0A, 0xC435,
  0xFC7D, 0xFB7D, 0xF2FA, 0xFB1B, 0xFB7E, 0xFBFD, 0xAB34, 0x3969, 0x10C5, 0x10C5, 0x10C6, 0x10C5,
  0x10C5, 0x10C5, 0x10C5, 0x10C5, 0x10C5, 0x10C5, 0x10C5, 0x10C5, 0x10C5, 0x10C5, 0x10C5, 0x10C5,
  0x10C5, 0x10C5, 0x10C5, 0x10C5, 0x10C5, 0x10C5, 0x10C5, 0x10C5, 0x10C5, 0x10C5, 0x10C5, 0x10C5,
  0x10C5, 0x10C5, 0x10C5, 0x10C5, 0x10C5, 0x10C5, 0x10C5, 0x10C6, 0x10C6, 0x10C5, 0x10C5, 0x21EB,
  0x4BD7, 0x651F, 0x551F, 0x3C9F, 0x3CBE, 0x4D5F, 0x7E3F, 0x7518, 0x3A6C, 0x10C5, 0x10C5, 0x10C6,
  0x10C6, 0x10C5, 0x10C5, 0x10C5, 0x10C5, 0x10C5, 0x10C5, 0x10C5, 0x10C5, 0x10C5, 0x10C5, 0x22AE,
  0x4D3A, 0x6E7F, 0x5E1F, 0x4DBE, 0x667F, 0x9F5F, 0xA67C, 0x5371, 0x08E6, 0x10C5, 0x10C5, 0x10C6,
  0x10C5, 0x10C5, 0x10C5, 0x10C5, 0x10C5, 0x10C5, 0x10C5, 0x10C5, 0x10C5, 0x10C5, 0x10C5, 0x10C5,
  0x10C5, 0x10C5, 0x10C5, 0x10C5, 0x10C5, 0x10C5, 0x10C5, 0x10C5, 0x10C5, 0x10C5, 0x10C5, 0x10C5,
  0x10C5, 0x10C5, 0x10C5, 0x10C5, 0x10C5, 0x10C5, 0x10C5, 0x10C5, 0x10C5, 0x10C5, 0x10C5, 0x10C5,
  0x10C5, 0x10C5, 0x10C5, 0x10C5, 0x10C5, 0x10C5, 0x10C5, 0x10C5, 0x10C5, 0x10C5, 0x10C5, 0x10C5,
  0x10C5, 0x10C5, 0x10C5, 0x10C5, 0x10C5, 0x10C5, 0x10C5, 0x10C5, 0x10C5, 0x10C5, 0x10C5, 0x10C5,
  0x10C5, 0x10C5, 0x10C6, 0x10C5, 0x10C5, 0x51E8, 0xC3D0, 0xFC33, 0xFAAE, 0xF1AA, 0xF9CB, 0xFA8E,
  0xE26D, 0x79C9, 0x10C5, 0x10C5, 0x10C5, 0x10C5, 0x10C5, 0x10C5, 0x10C5, 0x10C5, 0x10C5, 0x10C5,
  0x10C5, 0x10C6, 0x10C5, 0x10C5, 0x41C9, 0xB454, 0xFD1D, 0xFBDD, 0xFAFA, 0xF31A, 0xFB9D, 0xFBFD,
  0xBB55, 0x498A, 0x10C5, 0x10C5, 0x10C6, 0x10C6, 0x10C5, 0x10C5, 0x10C5, 0x10C5, 0x10C5, 0x10C5,
  0x10C5, 0x10C5, 0x10C5, 0x10C5, 0x10C5, 0x10C5, 0x10C5, 0x10C5, 0x10C5, 0x10C5, 0x10C5, 0x10C5,
  0x10C5, 0x10C5, 0x10C5, 0x10C5, 0x10C5, 0x10C5, 0x10C5, 0x10C5, 0x10C5, 0x10C5, 0x10C5, 0x10C5,
  0x10C5, 0x10C5, 0x10C5, 0x10C5, 0x10C5, 0x10C5, 0x10C6, 0x10C5, 0x10C5, 0x2A0C, 0x4C38, 0x5D5F,
  0x4D3F, 0x3CDE, 0x34DF, 0x457F, 0x6E3F, 0x7537, 0x3A4B, 0x10C5, 0x10C5, 0x10C6, 0x10C6, 0x10C5,
  0x10C5, 0x10C5, 0x10C5, 0x10C5, 0x10C5, 0x10C6, 0x10C5, 0x10C5, 0x08E6, 0x2B2F, 0x55BC, 0x5E9F,
  0x563F, 0x4E1E, 0x6EBF, 0xA77F, 0x963B, 0x4B0F, 0x08C6, 0x10C5, 0x10C5, 0x10C6, 0x10C5, 0x10C5,
  0x10C5, 0x10C5, 0x10C5, 0x10C5, 0x10C5, 0x10C5, 0x10C5, 0x10C5, 0x10C5, 0x10C5, 0x10C5, 0x10C5,
  0x10C5, 0x10C5, 0x10C5, 0x10C5, 0x10C5, 0x10C5, 0x10C5, 0x10C5, 0x10C5, 0x10C5, 0x10C5, 0x10C5,
  0x10C5, 0x10C5, 0x10C5, 0x10C5, 0x10C5, 0x10C5, 0x10C5, 0x10C5, 0x10C5, 0x10C5, 0x10C5, 0x10C5,
  0x10C5, 0x10C5, 0x10C5, 0x10C5, 0x10C5, 0x10C5, 0x10C5, 0x10C5, 0x10C5, 0x10C5, 0x10C5, 0x10C5,
  0x10C5, 0x10C5, 0x10C5, 0x10C5, 0x10C5, 0x10C5, 0x10C5, 0x10C5, 0x10C6, 0x10C5, 0x10C5, 0x49C8,
  0xBBD0, 0xFC53, 0xFB0F, 0xF1EB, 0xF9EB, 0xFA4D, 0xEA6D, 0x8A0A, 0x20E5, 0x10C5, 0x10C5, 0x10C5,
  0x10C5, 0x10C5, 0x10C5, 0x10C5, 0x10C5, 0x10C5, 0x10C5, 0x10C6, 0x10C5, 0x10C5, 0x31A7, 0xA3D2,
  0xFCDB, 0xFC1C, 0xFB1A, 0xF31A, 0xFB7C, 0xFBFD, 0xC376, 0x59CB, 0x10C5, 0x10C5, 0x10C6, 0x10C5,
  0x10C5, 0x10C5, 0x10C5, 0x10C5, 0x10C5, 0x10C5, 0x10C5, 0x10C5, 0x10C5, 0x10C5, 0x10C5, 0x10C5,
  0x10C5, 0x10C5, 0x10C5, 0x10C5, 0x10C5, 0x10C5, 0x10C5, 0x10C5, 0x10C5, 0x10C5, 0x10C5, 0x10C5,
  0x10C5, 0x10C5, 0x10C5, 0x10C5, 0x10C5, 0x10C5, 0x10C5, 0x10C5, 0x10C5, 0x10C5, 0x10C5, 0x10C5,
  0x10C5, 0x10C5, 0x10C5, 0x10C5, 0x10C5, 0x10C5, 0x10C5, 0x2A6D, 0x5499, 0x557F, 0x3D1F, 0x34FE,
  0x351F, 0x55FF, 0x869F, 0x7CF6, 0x2A0A, 0x10C5, 0x10C5, 0x10C6, 0x10C5, 0x10C5, 0x10C5, 0x10C5,
  0x10C5, 0x10C5, 0x10C5, 0x10C6, 0x10C5, 0x10C5, 0x0927, 0x2B91, 0x561C, 0x66DF, 0x4E5F, 0x4E3E,
  0x6EDF, 0x9F7F, 0x95FA, 0x3ACE, 0x10C5, 0x10C5, 0x10C5, 0x10C5, 0x10C5, 0x10C5, 0x10C5, 0x10C5,
  0x10C5, 0x10C5, 0x10C5, 0x10C5, 0x10C5, 0x10C5, 0x10C5, 0x10C5, 0x10C5, 0x10C5, 0x10C5, 0x10C5,
  0x10C5, 0x10C5, 0x10C5, 0x10C5, 0x10C5, 0x10C5, 0x10C5, 0x10C5, 0x10C5, 0x10C5, 0x10C5, 0x10C5,
  0x10C5, 0x10C5, 0x10C5, 0x10C5, 0x10C5, 0x10C5, 0x10C5, 0x10C5, 0x10C5, 0x10C5, 0x10C5, 0x10C5,
  0x10C5, 0x10C5, 0x10C5, 0x10C5, 0x10C5, 0x10C5, 0x10C5, 0x10C5, 0x10C5, 0x10C5, 0x10C5, 0x10C5,
  0x10C5, 0x10C5, 0x10C6, 0x10C5, 0x10C5, 0x3967, 0xABAF, 0xFC94, 0xFB2F, 0xF1EA, 0xF20B, 0xFA6D,
  0xF2AD, 0x91EA, 0x2906, 0x10C5, 0x10C5, 0x10C5, 0x10C5, 0x10C5, 0x10C5, 0x10C5, 0x10C5, 0x10C5,
  0x10C5, 0x10C6, 0x10C5, 0x10C5, 0x2947, 0x9391, 0xF51B, 0xFC5D, 0xFB7A, 0xF319, 0xFB7B, 0xFBFD,
  0xD377, 0x61EC, 0x10A5, 0x10C5, 0x10C5, 0x10C5, 0x10C5, 0x10C5, 0x10C5, 0x10C5, 0x10C5, 0x10C5,
  0x10C5, 0x10C5, 0x10C5, 0x10C5, 0x10C5, 0x10C5, 0x10C5, 0x10C5, 0x10C5, 0x10C5, 0x10C5, 0x10C5,
  0x10C5, 0x10C5, 0x10C5, 0x10C5, 0x10C5, 0x10C5, 0x10C5, 0x10C5, 0x10C5, 0x10C5, 0x10C5, 0x10C5,
  0x10C5, 0x10C5, 0x10C5, 0x10C5, 0x10C5, 0x10C5, 0x10C5, 0x10C5, 0x10C5, 0x10C5, 0x10C5, 0x10C5,
  0x10C5, 0x10C6, 0x10C5, 0x10C5, 0x08C5, 0x2AAF, 0x4CDA, 0x55BF, 0x3D7F, 0x353E, 0x357F, 0x4E3F,
  0x767E, 0x6C94, 0x29A9, 0x10C5, 0x10C5, 0x10C6, 0x10C5, 0x10C5, 0x10C5, 0x10C5, 0x10C5, 0x10C5,
  0x10C5, 0x10C6, 0x10C5, 0x10C5, 0x1148, 0x3433, 0x565E, 0x56BF, 0x565F, 0x4E5E, 0x771F, 0xAF9F,
  0x8D99, 0x324C, 0x10C5, 0x10C5, 0x10C6, 0x10C6, 0x10C5, 0x10C5, 0x10C5, 0x10C5, 0x10C5, 0x10C5,
  0x10C5, 0x10C5, 0x10C5, 0x10C5, 0x10C5, 0x10C5, 0x10C5, 0x10C5, 0x10C5, 0x10C5, 0x10C5, 0x10C5,
  0x10C5, 0x10C5, 0x10C5, 0x10C5, 0x10C5, 0x10C5, 0x10C5, 0x10C5, 0x10C5, 0x10C5, 0x10C5, 0x10C5,
  0x10C5, 0x10C5, 0x10C5, 0x10C5, 0x10C5, 0x10C5, 0x10C5, 0x10C5, 0x10C5, 0x10C5, 0x10C5, 0x10C5,
  0x10C5, 0x10C5, 0x10C5, 0x10C5, 0x10C5, 0x10C5, 0x10C5, 0x10C5, 0x10C5, 0x10C5, 0x10C5, 0x2926,
  0x9B6E, 0xFC93, 0xFB91, 0xFA2B, 0xF1EA, 0xFA6D, 0xFACE, 0xAA0A, 0x3126, 0x10C5, 0x10C5, 0x10C5,
  0x10C5, 0x10C5, 0x10C5, 0x10C5, 0x10C5, 0x10C5, 0x10C5, 0x10C6, 0x10C5, 0x10C5, 0x2106, 0x8B4F,
  0xECDA, 0xFC5D, 0xFB7A, 0xF339, 0xFBBA, 0xFC5D, 0xDBF8, 0x724D, 0x10C5, 0x10C5, 0x10C5, 0x10C5,
  0x10C5, 0x10C5, 0x10C5, 0x10C5, 0x10C5, 0x10C5, 0x10C5, 0x10C5, 0x10C5, 0x10C5, 0x10C5, 0x10C5,
  0x10C5, 0x10C5, 0x10C5, 0x10C5, 0x10C5, 0x10C5, 0x10C5, 0x10C5, 0x10C5, 0x10C5, 0x10C5, 0x10C5,
  0x10C5, 0x10C5, 0x10C5, 0x10C5, 0x10C5, 0x10C5, 0x10C5, 0x10C5, 0x10C5, 0x10C5, 0x10C5, 0x10C5,
  0x10C5, 0x10C5, 0x10C5, 0x10C5, 0x10C5, 0x10C5, 0x10C5, 0x10C5, 0x10C5, 0x10C5, 0x10C5, 0x10C6,
  0x10C5, 0x10C5, 0x10E6, 0x2AF0, 0x4D5C, 0x55FF, 0x357F, 0x253E, 0x2D7F, 0x569F, 0x869E, 0x6473,
  0x2168, 0x10C5, 0x10C5, 0x10C6, 0x10C5, 0x10C5, 0x10C5, 0x10C5, 0x10C5, 0x10C5, 0x10C5, 0x10C6,
  0x10C5, 0x10C5, 0x1188, 0x3C75, 0x56BF, 0x5EFF, 0x4E7F, 0x569F, 0x875F, 0xAF7F, 0x8537, 0x21EB,
  0x10C5, 0x10C5, 0x10C6, 0x10C6, 0x10C5, 0x10C5, 0x10C5, 0x10C5, 0x10C5, 0x10C5, 0x10C5, 0x10C5,
  0x10C5, 0x10C5, 0x10C5, 0x10C5, 0x10C5, 0x10C5, 0x10C5, 0x10C5, 0x10C5, 0x10C5, 0x10C5, 0x10C5,
  0x10C5, 0x10C5, 0x10C5, 0x10C5, 0x10C5, 0x10C5, 0x10C5, 0x10C5, 0x10C5, 0x10C5, 0x10C5, 0x10C5,
  0x10C5, 0x10C5, 0x10C5, 0x10C5, 0x10C5, 0x10C5, 0x10C5, 0x10C5, 0x10C5, 0x10C5, 0x10C5, 0x10C5,
  0x10C5, 0x10C5, 0x10C5, 0x10C5, 0x10C5, 0x20E5, 0x8B0C, 0xEC52, 0xFBB1, 0xFA4B, 0xF1E9, 0xFA8D,
  0xFAEE, 0xB24B, 0x4146, 0x10C5, 0x10C5, 0x10C5, 0x10C5, 0x10C5, 0x10C5, 0x10C5, 0x10C5, 0x10C5,
  0x10C5, 0x10C5, 0x10C5, 0x10C5, 0x18E5, 0x7B2D, 0xE4F8, 0xFC9C, 0xFB9A, 0xF318, 0xFB7A, 0xFC3C,
  0xEC39, 0x7A8F, 0x18E6, 0x10C5, 0x10C5, 0x10C6, 0x10C5, 0x10C5, 0x10C5, 0x10C5, 0x10C5, 0x10C5,
  0x10C5, 0x10C5, 0x10C5, 0x10C5, 0x10C5, 0x10C5, 0x10C5, 0x10C5, 0x10C5, 0x10C5, 0x10C5, 0x10C5,
  0x10C5, 0x10C5, 0x10C5, 0x10C5, 0x10C5, 0x10C5, 0x10C5, 0x10C5, 0x10C5, 0x10C5, 0x10C5, 0x10C5,
  0x10C5, 0x10C5, 0x10C5, 0x10C5, 0x10C5, 0x10C5, 0x10C5, 0x10C5, 0x10C5, 0x10C5, 0x10C5, 0x10C5,
  0x10C5, 0x10C5, 0x10C5, 0x10C5, 0x10C5, 0x10C5, 0x10C5, 0x10C5, 0x10C5, 0x10C6, 0x10C5, 0x10C5,
  0x1127, 0x3330, 0x455C, 0x461F, 0x35DF, 0x2D9E, 0x35DF, 0x56BF, 0x7E9D, 0x6432, 0x1947, 0x10C5,
  0x10C5, 0x10C6, 0x10C5, 0x10C5, 0x10C5, 0x10C5, 0x10C5, 0x10C5, 0x10C5, 0x10C6, 0x10C5, 0x10C5,
  0x19EA, 0x3CD6, 0x56DF, 0x5EFF, 0x569F, 0x5EBF, 0x8F9F, 0xAF5F, 0x74D6, 0x21A9, 0x10C5, 0x10C5,
  0x10C6, 0x10C5, 0x10C5, 0x10C5, 0x10C5, 0x10C5, 0x10C5, 0x10C5, 0x10C5, 0x10C5, 0x10C5, 0x10C5,
  0x10C5, 0x10C5, 0x10C5, 0x10C5, 0x10C5, 0x10C5, 0x10C5, 0x10C5, 0x10C5, 0x10C5, 0x10C5, 0x10C5,
  0x10C5, 0x10C5, 0x10C5, 0x10C5, 0x10C5, 0x10C5, 0x10C5, 0x10C5, 0x10C5, 0x10C5, 0x10C5, 0x10C5,
  0x10C5, 0x10C5, 0x10C5, 0x10C5, 0x10C5, 0x10C5, 0x10C5, 0x10C5, 0x10C5, 0x10C5, 0x10C5, 0x18C5,
  0x7AAB, 0xE452, 0xFC12, 0xFA6B, 0xF20A, 0xFA6C, 0xFACD, 0xC26B, 0x5167, 0x10C5, 0x10C5, 0x10C6,
  0x10C5, 0x10C5, 0x10C5, 0x10C5, 0x10C5, 0x10C5, 0x10C5, 0x10C5, 0x10C5, 0x10C5, 0x10C5, 0x6AAC,
  0xDCD7, 0xFD3D, 0xFBDA, 0xF358, 0xFB79, 0xFC1C, 0xF439, 0x8AD0, 0x2906, 0x10C5, 0x10C5, 0x10C6,
  0x10C5, 0x10C5, 0x10C5, 0x10C5, 0x10C5, 0x10C5, 0x10C5, 0x10C5, 0x10C5, 0x10C5, 0x10C5, 0x10C5,
  0x10C5, 0x10C5, 0x10C5, 0x10C5, 0x10C5, 0x10C5, 0x10C5, 0x10C5, 0x10C5, 0x10C5, 0x10C5, 0x10C5,
  0x10C5, 0x10C5, 0x10C5, 0x10C5, 0x10C5, 0x10C5, 0x10C5, 0x10C5, 0x10C5, 0x10C5, 0x10C5, 0x10C5,
  0x10C5, 0x10C5, 0x10C5, 0x10C5, 0x10C5, 0x10C5, 0x10C5, 0x10C5, 0x10C5, 0x10C5, 0x10C5, 0x10C5,
  0x10C5, 0x10C5, 0x10C5, 0x10C5, 0x10C5, 0x10C5, 0x10C5, 0x10C6, 0x10C5, 0x10C5, 0x1127, 0x3392,
  0x55DD, 0x465F, 0x35DF, 0x25BE, 0x363F, 0x5EFF, 0x7E5C, 0x53D1, 0x1926, 0x10C5, 0x10C5, 0x10C6,
  0x10C5, 0x10C5, 0x10C5, 0x10C5, 0x10C5, 0x10C5, 0x10C6, 0x10C6, 0x10C5, 0x10C5, 0x1A4C, 0x4558,
  0x673F, 0x671F, 0x4E9F, 0x66FF, 0x9FDF, 0xAF3E, 0x6C54, 0x1168, 0x10C5, 0x10C5, 0x10C6, 0x10C5,
  0x10C5, 0x10C5, 0x10C5, 0x10C5, 0x10C5, 0x10C5, 0x10C5, 0x10C5, 0x10C5, 0x10C5, 0x10C5, 0x10C5,
  0x10C5, 0x10C5, 0x10C5, 0x10C5, 0x10C5, 0x10C5, 0x10C5, 0x10C5, 0x10C5, 0x10C5, 0x10C5, 0x10C5,
  0x10C5, 0x10C5, 0x10C5, 0x10C5, 0x10C5, 0x10C5, 0x10C5, 0x10C5, 0x10C5, 0x10C5, 0x10C5, 0x10C5,
  0x10C5, 0x10C5, 0x10C5, 0x10C5, 0x10C5, 0x10A5, 0x6A6A, 0xDC52, 0xFC73, 0xFAED, 0xF24A, 0xFA8C,
  0xFAEE, 0xD2AC, 0x6988, 0x10C5, 0x10C5, 0x10C5, 0x10C5, 0x10C5, 0x10C5, 0x10C5, 0x10C5, 0x10C5,
  0x10C5, 0x10C5, 0x10C6, 0x10C5, 0x10C5, 0x5A6A, 0xD4D6, 0xFD3D, 0xFBDB, 0xF378, 0xFB99, 0xFC3B,
  0xF45A, 0xA2F1, 0x3147, 0x10C5, 0x10C5, 0x10C6, 0x10C5, 0x10C5, 0x10C5, 0x10C5, 0x10C5, 0x10C5,
  0x10C5, 0x10C5, 0x10C5, 0x10C5, 0x10C5, 0x10C5, 0x10C5, 0x10C5, 0x10C5, 0x10C5, 0x10C5, 0x10C5,
  0x10C5, 0x10C5, 0x10C5, 0x10C5, 0x10C5, 0x10C5, 0x10C5, 0x10C5, 0x10C5, 0x10C5, 0x10C5, 0x10C5,
  0x10C5, 0x10C5, 0x10C5, 0x10C5, 0x10C5, 0x10C5, 0x10C5, 0x10C5, 0x10C5, 0x10C5, 0x10C5, 0x10C5,
  0x10C5, 0x10C5, 0x10C5, 0x10C5, 0x10C5, 0x10C5, 0x10C5, 0x10C5, 0x10C5, 0x10C5, 0x10C5, 0x10C5,
  0x10C5, 0x10C5, 0x10C5, 0x10C5, 0x10C5, 0x10C6, 0x10C5, 0x10C5, 0x1168, 0x33F4, 0x461E, 0x469F,
  0x363F, 0x2DFE, 0x367F, 0x5F3F, 0x7E7B, 0x536F, 0x10E6, 0x10C5, 0x10C5, 0x10C6, 0x10C5, 0x10C5,
  0x10C5, 0x10C5, 0x10C5, 0x10C5, 0x10C5, 0x10C6, 0x10C5, 0x10C5, 0x22AD, 0x4DBA, 0x6F5F, 0x6F3F,
  0x5EDE, 0x6F3F, 0xA7DF, 0xAEFD, 0x5C13, 0x1107, 0x10C5, 0x10C5, 0x10C6, 0x10C5, 0x10C5, 0x10C5,
  0x10C5, 0x10C5, 0x10C5, 0x10C5, 0x10C5, 0x10C5, 0x10C5, 0x10C5, 0x10C5, 0x10C5, 0x10C5, 0x10C5,
  0x10C5, 0x10C5, 0x10C5, 0x10C5, 0x10C5, 0x10C5, 0x10C5, 0x10C5, 0x10C5, 0x10C5, 0x10C5, 0x10C5,
  0x10C5, 0x10C5, 0x10C5, 0x10C5, 0x10C5, 0x10C5, 0x10C5, 0x10C5, 0x10C5, 0x10C5, 0x10C5, 0x10C5,
  0x5A29, 0xD491, 0xFCB3, 0xFAEE, 0xF26B, 0xFAAC, 0xFB2F, 0xDACD, 0x71A8, 0x10C5, 0x10C5, 0x10C5,
  0x10C5, 0x10C5, 0x10C5, 0x10C5, 0x10C5, 0x10C5, 0x10C5, 0x10C5, 0x10C6, 0x10C5, 0x10C5, 0x4A09,
  0xBC94, 0xFD7C, 0xFC5B, 0xF379, 0xFB79, 0xFC3B, 0xFC7B, 0xB332, 0x3948, 0x10C5, 0x10C5, 0x10C6,
  0x10C5, 0x10C5, 0x10C5, 0x10C5, 0x10C5, 0x10C5, 0x10C5, 0x10C5, 0x10C5, 0x10C5, 0x10C5, 0x10C5,
  0x10C5, 0x10C5, 0x10C5, 0x10C5, 0x10C5, 0x10C5, 0x10C5, 0x10C5, 0x10C5, 0x10C5, 0x10C5, 0x10C5,
  0x10C5, 0x10C5, 0x10C5, 0x10C5, 0x10C5, 0x10C5, 0x10C5, 0x10C5, 0x10C5, 0x10C5, 0x10C5, 0x10C5,
  0x10C5, 0x10C5, 0x10C5, 0x10C5, 0x10C5, 0x10C5, 0x10C5, 0x10C5, 0x10C5, 0x10C5, 0x10C5, 0x10C5,
  0x10C5, 0x10C5, 0x10C5, 0x10C5, 0x10C5, 0x10C5, 0x10C5, 0x10C5, 0x10C5, 0x10C5, 0x10C5, 0x10C5,
  0x10C5, 0x10C5, 0x10C5, 0x10C6, 0x10C5, 0x10C5, 0x11A9, 0x3C76, 0x4E7F, 0x46BF, 0x363F, 0x2E3E,
  0x3EBF, 0x675F, 0x7E3A, 0x430E, 0x10C5, 0x10C5, 0x10C5, 0x10C5, 0x10C5, 0x10C5, 0x10C5, 0x10C5,
  0x10C5, 0x10C5, 0x10C6, 0x10C5, 0x10C5, 0x08C5, 0x230E, 0x5E1A, 0x6F9F, 0x5F3F, 0x5EDE, 0x7F5F,
  0xB7FF, 0xA6BC, 0x5390, 0x08C6, 0x10C5, 0x10C5, 0x10C6, 0x10C5, 0x10C5, 0x10C5, 0x10C5, 0x10C5,
  0x10C5, 0x10C5, 0x10C5, 0x10C5, 0x10C5, 0x10C5, 0x10C5, 0x10C5, 0x10C5, 0x10C5, 0x10C5, 0x10C5,
  0x10C5, 0x10C5, 0x10C5, 0x10C5, 0x10C5, 0x10C5, 0x10C5, 0x10C5, 0x10C5, 0x10C5, 0x10C5, 0x10C5,
  0x10C5, 0x10C5, 0x10C5, 0x10C6, 0x10C5, 0x10C5, 0x49C8, 0xC431, 0xFCF5, 0xFB70, 0xF26B, 0xFA8B,
  0xFB0E, 0xEACD, 0x81E9, 0x18E5, 0x10C5, 0x10C5, 0x10C5, 0x10C5, 0x10C5, 0x10C5, 0x10C5, 0x10C5,
  0x10C5, 0x10C5, 0x10C6, 0x10C5, 0x10C5, 0x41C8, 0xB453, 0xFD5C, 0xFC9C, 0xF3B9, 0xF3B8, 0xFC3B,
  0xFC9B, 0xBB73, 0x4189, 0x10C5, 0x10C5, 0x10C6, 0x10C5, 0x10C5, 0x10C5, 0x10C5, 0x10C5, 0x10C5,
  0x10C5, 0x10C5, 0x10C5, 0x10C5, 0x10C5, 0x10C5, 0x10C5, 0x10C5, 0x10C5, 0x10C5, 0x10C5, 0x10C5,
  0x10C5, 0x10C5, 0x10C5, 0x10C5, 0x10C5, 0x10C5, 0x10C5, 0x10C5, 0x10C5, 0x10C5, 0x10C5, 0x10C5,
  0x10C5, 0x10C5, 0x10C5, 0x10C5, 0x10C5, 0x10C5, 0x10C5, 0x10C5, 0x10C5, 0x10C5, 0x10C5, 0x10C5,
  0x10C5, 0x10C5, 0x10C5, 0x10C5, 0x10C5, 0x10C5, 0x10C5, 0x10C5, 0x10C5, 0x10C5, 0x10C5, 0x10C5,
  0x10C5, 0x10C5, 0x10C5, 0x10C5, 0x10C5, 0x10C5, 0x10C5, 0x10C5, 0x10C5, 0x10C5, 0x10C5, 0x10C5,
  0x10C5, 0x10C6, 0x10C5, 0x10C5, 0x19EA, 0x44D6, 0x4EDF, 0x46FF, 0x367F, 0x2E5F, 0x46FF, 0x7F7F,
  0x85F9, 0x42AC, 0x10C5, 0x10C5, 0x10C6, 0x10C6, 0x10C5, 0x10C5, 0x10C5, 0x10C5, 0x10C5, 0x10C5,
  0x10C6, 0x10C5, 0x10C5, 0x08E6, 0x2B6F, 0x5E7B, 0x779F, 0x673F, 0x5EFE, 0x879F, 0xAFFF, 0x9E7B,
  0x430F, 0x08C5, 0x10C5, 0x10C5, 0x10C6, 0x10C5, 0x10C5, 0x10C5, 0x10C5, 0x10C5, 0x10C5, 0x10C5,
  0x10C5, 0x10C5, 0x10C5, 0x10C5, 0x10C5, 0x10C5, 0x10C5, 0x10C5, 0x10C5, 0x10C5, 0x10C5, 0x10C5,
  0x10C5, 0x10C5, 0x10C5, 0x10C5, 0x10C5, 0x10C5, 0x10C5, 0x10C5, 0x10C5, 0x10C6, 0x10C5, 0x10C5,
  0x4167, 0xB3EF, 0xFD15, 0xFBF1, 0xF2AC, 0xFA8C, 0xFB0E, 0xF2ED, 0x9209, 0x28E5, 0x10C5, 0x10C5,
  0x10C5, 0x10C5, 0x10C5, 0x10C5, 0x10C5, 0x10C5, 0x10C5, 0x10C5, 0x10C6, 0x10C5, 0x10C5, 0x2967,
  0xA3F1, 0xFD7B, 0xFCFC, 0xFBD9, 0xF3B8, 0xFC5B, 0xFCDC, 0xCBD5, 0x59AA, 0x10C5, 0x10C5, 0x10C6,
  0x10C5, 0x10C5, 0x10C5, 0x10C5, 0x10C5, 0x10C5, 0x10C5, 0x10C5, 0x10C5, 0x10C5, 0x10C5, 0x10C5,
  0x10C5, 0x10C5, 0x10C5, 0x10C5, 0x10C5, 0x10C5, 0x10C5, 0x10C5, 0x10C5, 0x10C5, 0x10C5, 0x10C5,
  0x10C5, 0x10C5, 0x10C5, 0x10C5, 0x10C5, 0x10C5, 0x10C5, 0x10C5, 0x10C5, 0x10C5, 0x10C5, 0x10C5,
  0x10C5, 0x10C5, 0x10C5, 0x10C5, 0x10C5, 0x10C5, 0x10C5, 0x10C5, 0x10C5, 0x10C5, 0x10C5, 0x10C5,
  0x10C5, 0x10C5, 0x10C5, 0x10C5, 0x10C5, 0x10C5, 0x10C5, 0x10C5, 0x10C5, 0x10C5, 0x10C5, 0x10C5,
  0x10C5, 0x10C5, 0x10C5, 0x10C5, 0x10C5, 0x10C5, 0x10C5, 0x10C5, 0x10C5, 0x10C5, 0x10C6, 0x10C6,
  0x10C5, 0x10C5, 0x1A6C, 0x3D38, 0x4EFF, 0x46FF, 0x3E7F, 0x3E9F, 0x575F, 0x7F7F, 0x75B7, 0x3A4B,
  0x10C5, 0x10C5, 0x10C6, 0x10C6, 0x10C5, 0x10C5, 0x10C5, 0x10C5, 0x10C5, 0x10C5, 0x10C6, 0x10C5,
  0x10C5, 0x0906, 0x33D1, 0x66BC, 0x7FBF, 0x6F3F, 0x671E, 0x8FBF, 0xC7FF, 0x9E1A, 0x3AAD, 0x10C5,
  0x10C5, 0x10C6, 0x10C6, 0x10C5, 0x10C5, 0x10C5, 0x10C5, 0x10C5, 0x10C5, 0x10C5, 0x10C5, 0x10C5,
  0x10C5, 0x10C5, 0x10C5, 0x10C5, 0x10C5, 0x10C5, 0x10C5, 0x10C5, 0x10C5, 0x10C5, 0x10C5, 0x10C5,
  0x10C5, 0x10C5, 0x10C5, 0x10C6, 0x10C5, 0x10C5, 0x3126, 0xA3AF, 0xFD77, 0xFC94, 0xF2ED, 0xF2AC,
  0xFB2E, 0xFAED, 0xA20A, 0x3126, 0x10C5, 0x10C5, 0x10C5, 0x10C5, 0x10C5, 0x10C5, 0x10C5, 0x10C5,
  0x10C5, 0x10C5, 0x10C6, 0x10C5, 0x10C5, 0x2946, 0x8BAF, 0xEDBA, 0xFD5C, 0xFC39, 0xF3D8, 0xFC5A,
  0xFD1C, 0xD456, 0x6A2B, 0x10A5, 0x10C5, 0x10C5, 0x10C5, 0x10C5, 0x10C5, 0x10C5, 0x10C5, 0x10C5,
  0x10C5, 0x10C5, 0x10C5, 0x10C5, 0x10C5, 0x10C5, 0x10C5, 0x10C5, 0x10C5, 0x10C5, 0x10C5, 0x10C5,
  0x10C5, 0x10C5, 0x10C5, 0x10C5, 0x10C5, 0x10C5, 0x10C5, 0x10C5, 0x10C5, 0x10C5, 0x10C5, 0x10C5,
  0x10C5, 0x10C5, 0x10C5, 0x10C5, 0x10C5, 0x10C5, 0x10C5, 0x10C5, 0x10C5, 0x10C5, 0x10C5, 0x10C5,
  0x10C5, 0x10C5, 0x10C5, 0x10C5, 0x10C5, 0x10C5, 0x10C5, 0x10C5, 0x10C5, 0x10C5, 0x10C5, 0x10C5,
  0x10C5, 0x10C5, 0x10C5, 0x10C5, 0x10C5, 0x10C5, 0x10C5, 0x10C5, 0x10C5, 0x10C5, 0x10C5, 0x10C5,
  0x10C5, 0x10C5, 0x10C5, 0x10C5, 0x10C5, 0x10C5, 0x10C5, 0x10C5, 0x10C5, 0x10C6, 0x10C5, 0x10C5,
  0x1AAD, 0x459A, 0x5F3F, 0x4F1F, 0x3E9F, 0x3EDF, 0x5F7F, 0x8F9F, 0x7536, 0x2A0A, 0x10C5, 0x10C5,
  0x10C6, 0x10C5, 0x10C5, 0x10C5, 0x10C5, 0x10C5, 0x10C5, 0x10C5, 0x10C6, 0x10C5, 0x10C5, 0x1147,
  0x3C12, 0x6F1E, 0x7FDF, 0x775F, 0x7F5E, 0x9FDF, 0xC7FF, 0x9DB8, 0x2A2B, 0x10C5, 0x10C5, 0x10C6,
  0x10C5, 0x10C5, 0x10C5, 0x10C5, 0x10C5, 0x10C5, 0x10C5, 0x10C5, 0x10C5, 0x10C5, 0x10C5, 0x10C5,
  0x10C5, 0x10C5, 0x10C5, 0x10C5, 0x10C5, 0x10C5, 0x10C5, 0x10C5, 0x10C5, 0x10C5, 0x10C5, 0x10C5,
  0x20C5, 0x932D, 0xF577, 0xFCD6, 0xFB70, 0xF32E, 0xFB8F, 0xFB4F, 0xB24A, 0x4126, 0x10C5, 0x10C5,
  0x10C5, 0x10C5, 0x10C5, 0x10C5, 0x10C5, 0x10C5, 0x10C5, 0x10C5, 0x10C5, 0x10C5, 0x10C5, 0x18E5,
  0x834E, 0xEDD9, 0xFDBD, 0xFC7A, 0xF438, 0xFC9A, 0xFCFC, 0xE477, 0x7A6C, 0x18A5, 0x10C5, 0x10C5,
  0x10C5, 0x10C5, 0x10C5, 0x10C5, 0x10C5, 0x10C5, 0x10C5, 0x10C5, 0x10C5, 0x10C5, 0x10C5, 0x10C5,
  0x10C5, 0x10C5, 0x10C5, 0x10C5, 0x10C5, 0x10C5, 0x10C5, 0x10C5, 0x10C5, 0x10C5, 0x10C5, 0x10C5,
  0x10C5, 0x10C5, 0x10C5, 0x10C5, 0x10C5, 0x10C5, 0x10C5, 0x10C5, 0x10C5, 0x10C5, 0x10C5, 0x10C5,
  0x10C5, 0x10C5, 0x10C5, 0x10C5, 0x10C5, 0x10C5, 0x10C5, 0x10C5, 0x10C5, 0x10C5, 0x10C5, 0x10C5,
  0x10C5, 0x10C5, 0x10C5, 0x10C5, 0x10C5, 0x10C5, 0x10C5, 0x10C5, 0x10C5, 0x10C5, 0x10C5, 0x10C5,
  0x10C5, 0x10C5, 0x10C5, 0x10C5, 0x10C5, 0x10C5, 0x10C5, 0x10C5, 0x10C5, 0x10C5, 0x10C5, 0x10C5,
  0x10C5, 0x10C5, 0x10C5, 0x10C5, 0x10C5, 0x10C5, 0x10C6, 0x10C5, 0x10C5, 0x08C5, 0x230E, 0x4DFB,
  0x5F7F, 0x573F, 0x46BE, 0x46DF, 0x5F9F, 0x875F, 0x74F5, 0x29C9, 0x10C5, 0x10C5, 0x10E6, 0x10C5,
  0x10C5, 0x10C5, 0x10C5, 0x10C5, 0x10C5, 0x10C5, 0x10C6, 0x10C5, 0x10C5, 0x1188, 0x44B4, 0x7F5E,
  0x87FF, 0x7F5F, 0x977F, 0xBFFF, 0xC7DF, 0x8516, 0x19A9, 0x10C5, 0x10C5, 0x10C6, 0x10C5, 0x10C5,
  0x10C5, 0x10C5, 0x10C5, 0x10C5, 0x10C5, 0x10C5, 0x10C5, 0x10C5, 0x10C5, 0x10C5, 0x10C5, 0x10C5,
  0x10C5, 0x10C5, 0x10C5, 0x10C5, 0x10C5, 0x10C5, 0x10A5, 0x7A8B, 0xE556, 0xFD99, 0xFC13, 0xF36F,
  0xFBB1, 0xFB91, 0xC2AC, 0x5187, 0x10C5, 0x10C5, 0x10C5, 0x10C5, 0x10C5, 0x10C5, 0x10C5, 0x10C5,
  0x10C5, 0x10C5, 0x10C5, 0x10C5, 0x10C5, 0x10A5, 0x72EC, 0xDD97, 0xFDDD, 0xFCFB, 0xF458, 0xFC79,
  0xFCFC, 0xF478, 0x8ACE, 0x20E5, 0x10C5, 0x10C5, 0x10C6, 0x10C5, 0x10C5, 0x10C5, 0x10C5, 0x10C5,
  0x10C5, 0x10C5, 0x10C5, 0x10C5, 0x10C5, 0x10C5, 0x10C5, 0x10C5, 0x10C5, 0x10C5, 0x10C5, 0x10C5,
  0x10C5, 0x10C5, 0x10C5, 0x10C5, 0x10C5, 0x10C5, 0x10C5, 0x10C5, 0x10C5, 0x10C5, 0x10C5, 0x10C5,
  0x10C5, 0x10C5, 0x10C5, 0x10C5, 0x10C5, 0x10C5, 0x10C5, 0x10C5, 0x10C5, 0x10C5, 0x10C5, 0x10C5,
  0x10C5, 0x10C5, 0x10C5, 0x10C5, 0x10C5, 0x10C5, 0x10C5, 0x10C5, 0x10C5, 0x10C5, 0x10C5, 0x10C5,
  0x10C5, 0x10C5, 0x10C5, 0x10C5, 0x10C5, 0x10C5, 0x10C5, 0x10C5, 0x10C5, 0x10C5, 0x10C5, 0x10C5,
  0x10C5, 0x10C5, 0x10C5, 0x10C5, 0x10C5, 0x10C5, 0x10C5, 0x10C5, 0x10C5, 0x10C5, 0x10C5, 0x10C5,
  0x10C5, 0x10C5, 0x10C5, 0x10C5, 0x10C6, 0x10C5, 0x10C5, 0x08E6, 0x2370, 0x4E5B, 0x575F, 0x471F,
  0x46BE, 0x4F1F, 0x77DF, 0x975E, 0x6CB3, 0x2168, 0x10C5, 0x10C5, 0x10E6, 0x10C5, 0x10C5, 0x10C5,
  0x10C5, 0x10C5, 0x10C5, 0x10C5, 0x10C6, 0x10C5, 0x10C5, 0x19EA, 0x5536, 0x8FBF, 0x97FF, 0x877F,
  0x977F, 0xC7FF, 0xC77E, 0x6412, 0x08C6, 0x10C5, 0x10C6, 0x10C5, 0x10C5, 0x10C5, 0x10C5, 0x10C5,
  0x10C5, 0x10C5, 0x10C5, 0x10C5, 0x10C5, 0x10C5, 0x10C5, 0x10C5, 0x10C5, 0x10C5, 0x10C5, 0x10C5,
  0x10C5, 0x30E6, 0xCCB4, 0xFF5F, 0xFEDD, 0xF413, 0xFB50, 0xFC13, 0xDB4E, 0x6167, 0x10C5, 0x10C5,
  0x10C5, 0x10C5, 0x10C5, 0x10C5, 0x10C5, 0x10C5, 0x10C5, 0x10C5, 0x10C5, 0x10C5, 0x10C5, 0x10C5,
  0x628A, 0xD556, 0xFDFC, 0xFD1B, 0xFC78, 0xFC59, 0xFCFB, 0xFCB9, 0x9ACF, 0x28E6, 0x10C5, 0x10C5,
  0x10C6, 0x10C5, 0x10C5, 0x10C5, 0x10C5, 0x10C5, 0x10C5, 0x10C5, 0x10C5, 0x10C5, 0x10C5, 0x10C5,
  0x10C5, 0x10C5, 0x10C5, 0x10C5, 0x10C5, 0x10C5, 0x10C5, 0x10C5, 0x10C5, 0x10C5, 0x10C5, 0x10C5,
  0x10C5, 0x10C5, 0x10C5, 0x10C5, 0x10C5, 0x10C5, 0x10C5, 0x10C5, 0x10C5, 0x10C5, 0x10C5, 0x10C5,
  0x10C5, 0x10C5, 0x10C5, 0x10C5, 0x10C5, 0x10C5, 0x10C5, 0x10C5, 0x10C5, 0x10C5, 0x10C5, 0x10C5,
  0x10C5, 0x10C5, 0x10C5, 0x10C5, 0x10C5, 0x10C5, 0x10C5, 0x10C5, 0x10C5, 0x10C5, 0x10C5, 0x10C5,
  0x10C5, 0x10C5, 0x10C5, 0x10C5, 0x10C5, 0x10C5, 0x10C5, 0x10C5, 0x10C5, 0x10C5, 0x10C5, 0x10C5,
  0x10C5, 0x10C5, 0x10C5, 0x10C5, 0x10C5, 0x10C5, 0x10C5, 0x10C5, 0x10C5, 0x10C5, 0x10C5, 0x10C5,
  0x10C5, 0x10C5, 0x10C6, 0x10C5, 0x10C5, 0x0906, 0x2BB1, 0x56DD, 0x67BF, 0x573F, 0x4EFF, 0x675F,
  0x8FFF, 0x9F1D, 0x6412, 0x1127, 0x10C5, 0x10C5, 0x10C5, 0x10C5, 0x10C5, 0x10C5, 0x10C5, 0x10C5,
  0x10C5, 0x10C6, 0x10C6, 0x10C5, 0x10C5, 0x224B, 0x5D97, 0x8FBF, 0x8F9F, 0x8F5F, 0xC7DF, 0xF7FF,
  0xA61A, 0x1969, 0x10C5, 0x10C6, 0x10C5, 0x10C5, 0x10C5, 0x10C5, 0x10C5, 0x10C5, 0x10C5, 0x10C5,
  0x10C5, 0x10C5, 0x10C5, 0x10C5, 0x10C5, 0x10C5, 0x10C5, 0x10C5, 0x3106, 0xE5B8, 0xFF5F, 0xF69D,
  0xFE5B, 0xFDDA, 0xFC13, 0x81A7, 0x10C5, 0x10C5, 0x10C6, 0x10C5, 0x10C5, 0x10C5, 0x10C5, 0x10C5,
  0x10C5, 0x10C5, 0x10C5, 0x10C5, 0x10C5, 0x10C5, 0x4A09, 0xC4F4, 0xFE1C, 0xFD9C, 0xFCB9, 0xFCB9,
  0xFCB9, 0xF438, 0xAAF1, 0x4147, 0x10C5, 0x10C5, 0x10C6, 0x10C5, 0x10C5, 0x10C5, 0x10C5, 0x10C5,
  0x10C5, 0x10C5, 0x10C5, 0x10C5, 0x10C5, 0x10C5, 0x10C5, 0x10C5, 0x10C5, 0x10C5, 0x10C5, 0x10C5,
  0x10C5, 0x10C5, 0x10C5, 0x10C5, 0x10C5, 0x10C5, 0x10C5, 0x10C5, 0x10C5, 0x10C5, 0x10C5, 0x10C5,
  0x10C5, 0x10C5, 0x10C5, 0x10C5, 0x10C5, 0x10C5, 0x10C5, 0x10C5, 0x10C5, 0x10C5, 0x10C5, 0x10C5,
  0x10C5, 0x10C5, 0x10C5, 0x10C5, 0x10C5, 0x10C5, 0x10C5, 0x10C5, 0x10C5, 0x10C5, 0x10C5, 0x10C5,
  0x10C5, 0x10C5, 0x10C5, 0x10C5, 0x10C5, 0x10C5, 0x10C5, 0x10C5, 0x10C5, 0x10C5, 0x10C5, 0x10C5,
  0x10C5, 0x10C5, 0x10C5, 0x10C5, 0x10C5, 0x10C5, 0x10C5, 0x10C5, 0x10C5, 0x10C5, 0x10C5, 0x10C5,
  0x10C5, 0x10C5, 0x10C5, 0x10C5, 0x10C5, 0x10C5, 0x10C5, 0x10C5, 0x10C5, 0x10C5, 0x10C5, 0x10C5,
  0x10C6, 0x10C5, 0x10C5, 0x1188, 0x3412, 0x5E9C, 0x6F5F, 0x6F3F, 0x671F, 0x6F7F, 0x9FFF, 0xAEDC,
  0x5390, 0x10E6, 0x10C5, 0x10C5, 0x10C5, 0x10C5, 0x10C5, 0x10C5, 0x10C5, 0x10C5, 0x10C5, 0x10C6,
  0x10E6, 0x10C5, 0x10C5, 0x1A8C, 0x975E, 0xC7BF, 0xC7BF, 0xC7BF, 0xE7FF, 0xB6BC, 0x1989, 0x10C5,
  0x10C5, 0x10C5, 0x10C5, 0x10C5, 0x10C5, 0x10C5, 0x10C5, 0x10C5, 0x10C5, 0x10C5, 0x10C5, 0x10C5,
  0x10C5, 0x10C5, 0x10C5, 0x20C5, 0xDD15, 0xFE9D, 0xF59A, 0xFDBA, 0xFD58, 0xFDFA, 0xFE7B, 0xCCF4,
  0x6229, 0x10A5, 0x10C5, 0x10C5, 0x10C5, 0x10C5, 0x10C5, 0x10C5, 0x10C5, 0x10C5, 0x10C5, 0x10C5,
  0x10C5, 0x49E8, 0xFDFC, 0xFD5B, 0xF437, 0xFC78, 0xFCB8, 0xFC78, 0xFC79, 0xC330, 0x18E5, 0x10C5,
  0x10C5, 0x10C6, 0x10C5, 0x10C5, 0x10C5, 0x10C5, 0x10C5, 0x10C5, 0x10C5, 0x10C5, 0x10C5, 0x10C5,
  0x10C5, 0x10C5, 0x10C5, 0x10C5, 0x10C5, 0x10C5, 0x10C5, 0x10C5, 0x10C5, 0x10C5, 0x10C5, 0x10C5,
  0x10C5, 0x10C5, 0x10C5, 0x10C5, 0x10C5, 0x10C5, 0x10C5, 0x10C5, 0x10C5, 0x10C5, 0x10C5, 0x10C5,
  0x10C5, 0x10C5, 0x10C5, 0x10C5, 0x10C5, 0x10C5, 0x10C5, 0x10C5, 0x10C5, 0x10C5, 0x10C5, 0x10C5,
  0x10C5, 0x10C5, 0x10C5, 0x10C5, 0x10C5, 0x10C5, 0x10C5, 0x10C5, 0x10C5, 0x10C5, 0x10C5, 0x10C5,
  0x10C5, 0x10C5, 0x10C5, 0x10C5, 0x10C5, 0x10C5, 0x10C5, 0x10C5, 0x10C5, 0x10C5, 0x10C5, 0x10C5,
  0x10C5, 0x10C5, 0x10C5, 0x10C5, 0x10C5, 0x10C5, 0x10C5, 0x10C5, 0x10C5, 0x10C5, 0x10C5, 0x10C5,
  0x10C5, 0x10C5, 0x10C5, 0x10C5, 0x10C5, 0x10C5, 0x10C5, 0x10C5, 0x10C5, 0x10E6, 0x10C6, 0x10C5,
  0x10C5, 0x4433, 0x8FBF, 0x6F3F, 0x6F3F, 0x773F, 0x6F1E, 0x9FBF, 0xE7FF, 0x2A8D, 0x10C5, 0x10C6,
  0x10C5, 0x10C5, 0x10C5, 0x10C5, 0x10C5, 0x10C5, 0x10C6, 0x10C5, 0x10C5, 0x08E6, 0x4B4F, 0xA5D8,
  0xBFBF, 0xAFBF, 0xA7BF, 0xAFBF, 0xAF9F, 0xE7FF, 0xAE7B, 0x0907, 0x10C5, 0x10C5, 0x10C5, 0x10C5,
  0x10C5, 0x10C5, 0x10C5, 0x10C5, 0x10C5, 0x10C5, 0x10C5, 0x10C5, 0x10C5, 0x10C5, 0x10C5, 0x9B4E,
  0xFF3F, 0xF539, 0xFCD7, 0xFC96, 0xFC96, 0xFC75, 0xFC55, 0xFD79, 0xFE1B, 0xCD14, 0x626A, 0x10C5,
  0x10C5, 0x10C5, 0x10C5, 0x10C5, 0x10C5, 0x10C5, 0x10C5, 0x10C5, 0x10C5, 0x2946, 0xBBB2, 0xFCB8,
  0xFC78, 0xFC16, 0xFBD5, 0xFB95, 0xFB55, 0xFB98, 0xEBB6, 0x8ACF, 0x2127, 0x10C5, 0x10C5, 0x10C6,
  0x10C5, 0x10C5, 0x10C5, 0x10C5, 0x10C5, 0x10C5, 0x10C5, 0x10C5, 0x10C5, 0x10C5, 0x10C5, 0x10C5,
  0x10C5, 0x10C5, 0x10C5, 0x10C5, 0x10C5, 0x10C5, 0x10C5, 0x10C5, 0x10C5, 0x10C5, 0x10C5, 0x10C5,
  0x10C5, 0x10C5, 0x10C5, 0x10C5, 0x10C5, 0x10C5, 0x10C5, 0x10C5, 0x10C5, 0x10C5, 0x10C5, 0x10C5,
  0x10C5, 0x10C5, 0x10C5, 0x10C5, 0x10C5, 0x10C5, 0x10C5, 0x10C5, 0x10C5, 0x10C5, 0x10C5, 0x10C5,
  0x10C5, 0x10C5, 0x10C5, 0x10C5, 0x10C5, 0x10C5, 0x10C5, 0x10C5, 0x10C5, 0x10C5, 0x10C5, 0x10C5,
  0x10C5, 0x10C5, 0x10C5, 0x10C5, 0x10C5, 0x10C5, 0x10C5, 0x10C5, 0x10C5, 0x10C5, 0x10C5, 0x10C5,
  0x10C5, 0x10C5, 0x10C5, 0x10C5, 0x10C5, 0x10C5, 0x10C5, 0x10C5, 0x10C5, 0x10C5, 0x10C5, 0x10C5,
  0x10C5, 0x10C5, 0x10C5, 0x10C6, 0x10C5, 0x10C5, 0x10C6, 0x430E, 0x7E5A, 0x877F, 0x6F1F, 0x671F,
  0x671F, 0x6F3F, 0x8FDF, 0x9FBF, 0x8597, 0x1988, 0x10C5, 0x10C5, 0x10C5, 0x10C5, 0x10C5, 0x10C5,
  0x10C6, 0x10C5, 0x10C5, 0x08E6, 0x4B8F, 0xA67A, 0xC7FF, 0x9FFF, 0x7F9F, 0x7F9F, 0x8FBF, 0x9FBF,
  0xAFBF, 0xB79F, 0xEFFF, 0x5C54, 0x10C5, 0x10C5, 0x10C5, 0x10C5, 0x10C5, 0x10C5, 0x10C5, 0x10C5,
  0x10C5, 0x10C5, 0x10C5, 0x10C5, 0x10C5, 0x10C5, 0x3106, 0xF619, 0xFDDB, 0xFCD7, 0xFCB7, 0xFCB6,
  0xFCB6, 0xFC76, 0xFC35, 0xFC14, 0xFC14, 0xFD38, 0xFDFA, 0xCCB4, 0x628A, 0x10A5, 0x10C5, 0x10C5,
  0x10C5, 0x10C5, 0x10C5, 0x10C5, 0x10C5, 0x10C5, 0x10C5, 0x51A9, 0xC352, 0xFC78, 0xFBD7, 0xFB35,
  0xFAF5, 0xFAD5, 0xFA96, 0xFB58, 0xEBB7, 0x8AD0, 0x2947, 0x10C5, 0x10C5, 0x10C6, 0x10C5, 0x10C5,
  0x10C5, 0x10C5, 0x10C5, 0x10C5, 0x10C5, 0x10C5, 0x10C5, 0x10C5, 0x10C5, 0x10C5, 0x10C5, 0x10C5,
  0x10C5, 0x10C5, 0x10C5, 0x10C5, 0x10C5, 0x10C5, 0x10C5, 0x10C5, 0x10C5, 0x10C5, 0x10C5, 0x10C5,
  0x10C5, 0x10C5, 0x10C5, 0x10C5, 0x10C5, 0x10C5, 0x10C5, 0x10C5, 0x10C5, 0x10C5, 0x10C5, 0x10C5,
  0x10C5, 0x10C5, 0x10C5, 0x10C5, 0x10C5, 0x10C5, 0x10C5, 0x10C5, 0x10C5, 0x10C5, 0x10C5, 0x10C5,
  0x10C5, 0x10C5, 0x10C5, 0x10C5, 0x10C5, 0x10C5, 0x10C5, 0x10C5, 0x10C5, 0x10C5, 0x10C5, 0x10C5,
  0x10C5, 0x10C5, 0x10C5, 0x10C5, 0x10C5, 0x10C5, 0x10C5, 0x10C5, 0x10C5, 0x10C5, 0x10C5, 0x10C5,
  0x10C5, 0x10C5, 0x10C5, 0x10C5, 0x10C5, 0x10C5, 0x10C5, 0x10C5, 0x10C5, 0x10C6, 0x10C5, 0x10C5,
  0x10C5, 0x430E, 0x761A, 0x879F, 0x5F5F, 0x4EDF, 0x56DF, 0x5EFF, 0x6F9F, 0x8FDF, 0x75B8, 0x2A4C,
  0x10C5, 0x10C5, 0x10C5, 0x10C5, 0x10C5, 0x10C5, 0x10C6, 0x10C5, 0x10C5, 0x08C6, 0x534E, 0x9E9B,
  0xB7FF, 0x8FFF, 0x677F, 0x6F7F, 0x7F9F, 0x879F, 0x8F9F, 0x979F, 0xA79F, 0xAFBF, 0xBFBF, 0xC77E,
  0x19CA, 0x10C5, 0x10C5, 0x10C5, 0x10C5, 0x10C5, 0x10C5, 0x10C5, 0x10C5, 0x10C5, 0x10C5, 0x10C5,
  0x10C5, 0x10C5, 0x726C, 0xFE9C, 0xFCB7, 0xFC96, 0xFCD7, 0xFCB6, 0xFC55, 0xFC55, 0xFC35, 0xFC35,
  0xFC34, 0xFBD3, 0xFBB3, 0xFC96, 0xFE1B, 0xCCD5, 0x624A, 0x10A5, 0x10C5, 0x10C5, 0x10C5, 0x10C5,
  0x10C5, 0x10C5, 0x10C5, 0x10C5, 0x10C5, 0x61EA, 0xD3B3, 0xFBB8, 0xFAF6, 0xFAB5, 0xFA74, 0xFA33,
  0xFA55, 0xFAF8, 0xEB57, 0x8AD0, 0x2947, 0x10C5, 0x10C5, 0x10C6, 0x10C5, 0x10C5, 0x10C5, 0x10C5,
  0x10C5, 0x10C5, 0x10C5, 0x10C5, 0x10C5, 0x10C5, 0x10C5, 0x10C5, 0x10C5, 0x10C5, 0x10C5, 0x10C5,
  0x10C5, 0x10C5, 0x10C5, 0x10C5, 0x10C5, 0x10C5, 0x10C5, 0x10C5, 0x10C5, 0x10C5, 0x10C5, 0x10C5,
  0x10C5, 0x10C5, 0x10C5, 0x10C5, 0x10C5, 0x10C5, 0x10C5, 0x10C5, 0x10C5, 0x10C5, 0x10C5, 0x10C5,
  0x10C5, 0x10C5, 0x10C5, 0x10C5, 0x10C5, 0x10C5, 0x10C5, 0x10C5, 0x10C5, 0x10C5, 0x10C5, 0x10C5,
  0x10C5, 0x10C5, 0x10C5, 0x10C5, 0x10C5, 0x10C5, 0x10C5, 0x10C5, 0x10C5, 0x10C5, 0x10C5, 0x10C5,
  0x10C5, 0x10C5, 0x10C5, 0x10C5, 0x10C5, 0x10C5, 0x10C5, 0x10C5, 0x10C5, 0x10C5, 0x10C5, 0x10C5,
  0x10C5, 0x10C5, 0x10C5, 0x10C6, 0x10C5, 0x10C5, 0x10E6, 0x4B2E, 0x7DFA, 0x6F3F, 0x3EFF, 0x36BF,
  0x46DF, 0x46DF, 0x5F7F, 0x7FBF, 0x65F9, 0x2AAD, 0x10C5, 0x10C5, 0x10C5, 0x10C5, 0x10C5, 0x10C5,
  0x10C6, 0x10C5, 0x10C5, 0x0906, 0x5390, 0xAE9B, 0xAFFF, 0x77DF, 0x577F, 0x677F, 0x779F, 0x779F,
  0x779F, 0x777F, 0x879F, 0xAFFF, 0xB7FF, 0xA79F, 0xA79F, 0xCFFF, 0x6413, 0x10C5, 0x10C5, 0x10C5,
  0x10C5, 0x10C5, 0x10C5, 0x10C5, 0x10C5, 0x10C5, 0x10C5, 0x10C5, 0x10C5, 0x10C5, 0xB3B1, 0xFDFB,
  0xF496, 0xFCB7, 0xFC96, 0xFD17, 0xFCD7, 0xFC34, 0xFBF4, 0xFC14, 0xFBF4, 0xFBF4, 0xFBD3, 0xFB93,
  0xF393, 0xFC56, 0xFD59, 0xCCB4, 0x626B, 0x10C5, 0x10C5, 0x10C5, 0x10C5, 0x10C5, 0x10C5, 0x10C5,
  0x10C5, 0x10C5, 0x10C5, 0x69CA, 0xD2D2, 0xFB16, 0xFA95, 0xFA14, 0xFA34, 0xF9D4, 0xF994, 0xFA98,
  0xEB77, 0x9290, 0x2947, 0x10C5, 0x10C5, 0x10C6, 0x10C6, 0x10C5, 0x10C5, 0x10C5, 0x10C5, 0x10C5,
  0x10C5, 0x10C5, 0x10C5, 0x10C5, 0x10C5, 0x10C5, 0x10C5, 0x10C5, 0x10C5, 0x10C5, 0x10C5, 0x10C5,
  0x10C5, 0x10C5, 0x10C5, 0x10C5, 0x10C5, 0x10C5, 0x10C5, 0x10C5, 0x10C5, 0x10C5, 0x10C5, 0x10C5,
  0x10C5, 0x10C5, 0x10C5, 0x10C5, 0x10C5, 0x10C5, 0x10C5, 0x10C5, 0x10C5, 0x10C5, 0x10C5, 0x10C5,
  0x10C5, 0x10C5, 0x10C5, 0x10C5, 0x10C5, 0x10C5, 0x10C5, 0x10C5, 0x10C5, 0x10C5, 0x10C5, 0x10C5,
  0x10C5, 0x10C5, 0x10C5, 0x10C5, 0x10C5, 0x10C5, 0x10C5, 0x10C5, 0x10C5, 0x10C5, 0x10C5, 0x10C5,
  0x10C5, 0x10C5, 0x10C5, 0x10C5, 0x10C5, 0x10C5, 0x10C5, 0x10C5, 0x10C5, 0x10C6, 0x10C5, 0x10C5,
  0x10E6, 0x5370, 0x7E1A, 0x6F1F, 0x3EBF, 0x2E5F, 0x367F, 0x369F, 0x4F3F, 0x5F9F, 0x55FA, 0x32EE,
  0x10C5, 0x10C5, 0x10C5, 0x10C6, 0x10C5, 0x10C5, 0x10C6, 0x10C5, 0x10C5, 0x0906, 0x53B0, 0x9EBB,
  0xA7FF, 0x6FBF, 0x4F5F, 0x577F, 0x5F9F, 0x679F, 0x6F9F, 0x6F7F, 0x6F7F, 0x87FF, 0x9FFF, 0x763A,
  0x7DF9, 0xB7DF, 0x9F7F, 0xBFFF, 0x8D78, 0x10C5, 0x10C5, 0x10C5, 0x10C5, 0x10C5, 0x10C5, 0x10C5,
  0x10C5, 0x10C5, 0x10C5, 0x10C5, 0x10C5, 0x10C5, 0xCC94, 0xFD9A, 0xF496, 0xFCD7, 0x79E9, 0x51A8,
  0xC390, 0xFCF7, 0xFCD7, 0xFC13, 0xF3B3, 0xFBB3, 0xFBB3, 0xFBB3, 0xFB93, 0xFB52, 0xFB32, 0xFBD5,
  0xFCD8, 0xD4B4, 0x6AAB, 0x10A5, 0x10C5, 0x10C5, 0x10C5, 0x10C5, 0x10C5, 0x10C5, 0x10C5, 0x10C5,
  0x10C5, 0x69CA, 0xD2B3, 0xFA96, 0xFA15, 0xF9F4, 0xF9B4, 0xF974, 0xF995, 0xFA18, 0xF2F8, 0x9AB1,
  0x3167, 0x10C5, 0x10C5, 0x10C6, 0x10C5, 0x10C5, 0x10C5, 0x10C5, 0x10C5, 0x10C5, 0x10C5, 0x10C5,
  0x10C5, 0x10C5, 0x10C5, 0x10C5, 0x10C5, 0x10C5, 0x10C5, 0x10C5, 0x10C5, 0x10C5, 0x10C5, 0x10C5,
  0x10C5, 0x10C5, 0x10C5, 0x10C5, 0x10C5, 0x10C5, 0x10C5, 0x10C5, 0x10C5, 0x10C5, 0x10C5, 0x10C5,
  0x10C5, 0x10C5, 0x10C5, 0x10C5, 0x10C5, 0x10C5, 0x10C5, 0x10C5, 0x10C5, 0x10C5, 0x10C5, 0x10C5,
  0x10C5, 0x10C5, 0x10C5, 0x10C5, 0x10C5, 0x10C5, 0x10C5, 0x10C5, 0x10C5, 0x10C5, 0x10C5, 0x10C5,
  0x10C5, 0x10C5, 0x10C5, 0x10C5, 0x10C5, 0x10C5, 0x10C5, 0x10C5, 0x10C5, 0x10C5, 0x10C5, 0x10C5,
  0x10C5, 0x10C5, 0x10C5, 0x10C6, 0x10C5, 0x10C5, 0x10E6, 0x4B2E, 0x6DDA, 0x66FF, 0x369F, 0x263F,
  0x2E5F, 0x367F, 0x36FF, 0x4F5F, 0x4E1A, 0x2AEE, 0x08A6, 0x10C5, 0x10C5, 0x10C6, 0x10C5, 0x10C5,
  0x10C6, 0x10C5, 0x10C5, 0x1106, 0x5390, 0x96BB, 0x87FF, 0x4F9F, 0x3F3F, 0x475F, 0x577F, 0x5F7F,
  0x5F9F, 0x5F7F, 0x677F, 0x8FFF, 0xA7FF, 0x7E9B, 0x2B2F, 0x10A5, 0x1127, 0xA75E, 0x979F, 0xA7BF,
  0xB6FD, 0x10C5, 0x10C5, 0x10C5, 0x10C5, 0x10C5, 0x10C5, 0x10C5, 0x10C5, 0x10C5, 0x10C5, 0x10C5,
  0x10C5, 0x10C5, 0xD474, 0xFD79, 0xFC97, 0xFC34, 0x3106, 0x10C5, 0x10C5, 0x51A8, 0xC3B0, 0xFC96,
  0xFC15, 0xFB93, 0xF372, 0xFB73, 0xFB73, 0xFB53, 0xFB53, 0xFAF2, 0xFAB2, 0xFB75, 0xFCB8, 0xCC14,
  0x624B, 0x10C5, 0x10C5, 0x10C5, 0x10C6, 0x10C5, 0x10C5, 0x10C5, 0x10C5, 0x10C5, 0x10C5, 0x69AB,
  0xDA53, 0xFA16, 0xF9B4, 0xF973, 0xF974, 0xF934, 0xF915, 0xF9D9, 0xF298, 0xA292, 0x3988, 0x10C5,
  0x10C5, 0x10C6, 0x10C5, 0x10C5, 0x10C5, 0x10C5, 0x10C5, 0x10C5, 0x10C5, 0x10C5, 0x10C5, 0x10C5,
  0x10C5, 0x10C5, 0x10C5, 0x10C5, 0x10C5, 0x10C5, 0x10C5, 0x10C5, 0x10C5, 0x10C5, 0x10C5, 0x10C5,
  0x10C5, 0x10C5, 0x10C5, 0x10C5, 0x10C5, 0x10C5, 0x10C5, 0x10C5, 0x10C5, 0x10C5, 0x10C5, 0x10C5,
  0x10C5, 0x10C5, 0x10C5, 0x10C5, 0x10C5, 0x10C5, 0x10C5, 0x10C5, 0x10C5, 0x10C5, 0x10C5, 0x10C5,
  0x10C5, 0x10C5, 0x10C5, 0x10C5, 0x10C5, 0x10C5, 0x10C5, 0x10C5, 0x10C5, 0x10C5, 0x10C5, 0x10C5,
  0x10C5, 0x10C5, 0x10C5, 0x10C5, 0x10C5, 0x10C5, 0x10C5, 0x10C5, 0x10C5, 0x10C6, 0x10C5, 0x10C5,
  0x1106, 0x4B70, 0x75BB, 0x5E7F, 0x25FF, 0x1DDF, 0x261F, 0x263F, 0x2EBF, 0x4F3F, 0x4DFA, 0x2B0F,
  0x08C6, 0x10C5, 0x10C5, 0x10C6, 0x10C5, 0x10C5, 0x10C6, 0x10C5, 0x10C5, 0x1107, 0x53B0, 0x8E9B,
  0x7FFF, 0x479F, 0x2F3F, 0x373F, 0x477F, 0x475F, 0x477F, 0x4F5F, 0x575F, 0x6FDF, 0x87FF, 0x767A,
  0x3370, 0x08E6, 0x10C5, 0x10C5, 0x10E6, 0x8EDC, 0x8FBF, 0x9F9F, 0xAF1D, 0x10C5, 0x10C5, 0x10C5,
  0x10C5, 0x10C5, 0x10C5, 0x10C5, 0x10C5, 0x10C5, 0x10C5, 0x10C5, 0x10C5, 0x10C5, 0xD474, 0xFD18,
  0xFC56, 0xF455, 0x3127, 0x10C5, 0x10C6, 0x10C5, 0x10C5, 0x4967, 0xB2EE, 0xFC34, 0xFC15, 0xFB73,
  0xFB32, 0xFB32, 0xFB32, 0xFAD2, 0xFAD2, 0xFAB2, 0xFA71, 0xFB15, 0xFC78, 0xD475, 0x6A4B, 0x10C5,
  0x10C5, 0x10C5, 0x10C6, 0x10C5, 0x10C5, 0x10C5, 0x10C5, 0x10C5, 0x18E5, 0x798B, 0xDA12, 0xF9D6,
  0xF975, 0xF154, 0xF915, 0xF8D5, 0xF896, 0xF959, 0xF2B9, 0xA292, 0x3989, 0x10C5, 0x10C5, 0x10C5,
  0x10C5, 0x10C5, 0x10C5, 0x10C5, 0x10C5, 0x10C5, 0x10C5, 0x10C5, 0x10C5, 0x10C5, 0x10C5, 0x10C5,
  0x10C5, 0x10C5, 0x10C5, 0x10C5, 0x10C5, 0x10C5, 0x10C5, 0x10C5, 0x10C5, 0x10C5, 0x10C5, 0x10C5,
  0x10C5, 0x10C5, 0x10C5, 0x10C5, 0x10C5, 0x10C5, 0x10C5, 0x10C5, 0x10C5, 0x10C5, 0x10C5, 0x10C5,
  0x10C5, 0x10C5, 0x10C5, 0x10C5, 0x10C5, 0x10C5, 0x10C5, 0x10C5, 0x10C5, 0x10C5, 0x10C5, 0x10C5,
  0x10C5, 0x10C5, 0x10C5, 0x10C5, 0x10C5, 0x10C5, 0x10C5, 0x10C5, 0x10C5, 0x10C5, 0x10C5, 0x10C5,
  0x10C5, 0x10C5, 0x10C5, 0x10C6, 0x10C5, 0x10C5, 0x1926, 0x5370, 0x759B, 0x561F, 0x2D9F, 0x1D5F,
  0x259F, 0x25DF, 0x2E7F, 0x3EFF, 0x3DDB, 0x2B2F, 0x10E6, 0x10C5, 0x10C5, 0x10C6, 0x10C5, 0x10C5,
  0x10E6, 0x10C5, 0x10C5, 0x1106, 0x53D1, 0x8EDC, 0x7FDF, 0x377F, 0x1F1F, 0x2F1F, 0x375F, 0x3F5F,
  0x3F5F, 0x475F, 0x475F, 0x5FDF, 0x7FFF, 0x6E7B, 0x334F, 0x08C6, 0x10C5, 0x10C5, 0x10E6, 0x10C5,
  0x10C5, 0x8E9B, 0x7FBF, 0x979F, 0xAF1E, 0x10C5, 0x10C5, 0x10C5, 0x10C5, 0x10C5, 0x10C5, 0x10C5,
  0x10C5, 0x10C5, 0x10C5, 0x10C5, 0x10C5, 0x10C5, 0xD474, 0xFCD8, 0xFC36, 0xFC76, 0x3147, 0x10C5,
  0x10C5, 0x10C5, 0x10C5, 0x10C5, 0x10C5, 0x4967, 0xB30F, 0xFC14, 0xFBD4, 0xFB12, 0xF2D1, 0xFAB2,
  0xFAB2, 0xFAD2, 0xFAB2, 0xFA71, 0xFA31, 0xFAD4, 0xFBB7, 0xD3F5, 0x624B, 0x10E5, 0x10C5, 0x10C5,
  0x10C6, 0x10C5, 0x10C5, 0x10C5, 0x10C5, 0x10C5, 0x1905, 0x796C, 0xD9D4, 0xF997, 0xF8F6, 0xF0D5,
  0xF8B5, 0xF075, 0xF876, 0xF919, 0xFA3A, 0xAA93, 0x4189, 0x10C5, 0x10C5, 0x10C5, 0x10C5, 0x10C5,
  0x10C5, 0x10C5, 0x10C5, 0x10C5, 0x10C5, 0x10C5, 0x10C5, 0x10C5, 0x10C5, 0x10C5, 0x10C5, 0x10C5,
  0x10C5, 0x10C5, 0x10C5, 0x10C5, 0x10C5, 0x10C5, 0x10C5, 0x10C5, 0x10C5, 0x10C5, 0x10C5, 0x10C5,
  0x10C5, 0x10C5, 0x10C5, 0x10C5, 0x10C5, 0x10C5, 0x10C5, 0x10C5, 0x10C5, 0x10C5, 0x10C5, 0x10C5,
  0x10C5, 0x10C5, 0x10C5, 0x10C5, 0x10C5, 0x10C5, 0x10C5, 0x10C5, 0x10C5, 0x10C5, 0x10C5, 0x10C5,
  0x10C5, 0x10C5, 0x10C5, 0x10C5, 0x10C5, 0x10C5, 0x10C5, 0x10C5, 0x10C5, 0x10C6, 0x10C5, 0x10C5,
  0x2167, 0x5BB1, 0x6D9C, 0x4DDF, 0x253F, 0x1D1F, 0x1D5F, 0x1D7F, 0x25FF, 0x3EBF, 0x3DDB, 0x2B2F,
  0x08C6, 0x10C5, 0x10C5, 0x10C6, 0x10C5, 0x10C5, 0x10C6, 0x10C5, 0x10C5, 0x1106, 0x5BB0, 0x8E9B,
  0x67BF, 0x2F5F, 0x0EFF, 0x1F1F, 0x2F3F, 0x2F3F, 0x2F3F, 0x2F3F, 0x373F, 0x57DF, 0x6FFF, 0x5E3A,
  0x2B2F, 0x08C6, 0x10C5, 0x10C5, 0x10C6, 0x10C5, 0x10C5, 0x10C5, 0x10C5, 0x7E7B, 0x77BF, 0x979F,
  0xAF3E, 0x10C5, 0x10C5, 0x10C5, 0x10C5, 0x10C5, 0x10C5, 0x10C5, 0x10C5, 0x10C5, 0x10C5, 0x10C5,
  0x10C5, 0x10C5, 0xD454, 0xFCD8, 0xFC15, 0xFC56, 0x3147, 0x10C5, 0x10C5, 0x10C5, 0x10C5, 0x10C5,
  0x10C5, 0x10C5, 0x10C5, 0x4967, 0xB30E, 0xFBD4, 0xFB54, 0xFAB2, 0xF291, 0xFAB2, 0xFA72, 0xFA52,
  0xFA52, 0xFA11, 0xF9D1, 0xFA74, 0xFB78, 0xD375, 0x6A4C, 0x10E5, 0x10C5, 0x10C5, 0x10C6, 0x10C5,
  0x10C5, 0x10C6, 0x10C5, 0x10C5, 0x18E6, 0x798D, 0xE155, 0xF917, 0xF8B6, 0xF075, 0xF075, 0xF036,
  0xF017, 0xF8BA, 0xF9BA, 0xB275, 0x49CA, 0x10C5, 0x10C5, 0x10C5, 0x10C6, 0x10C5, 0x10C5, 0x10C5,
  0x10C5, 0x10C5, 0x10C5, 0x10C5, 0x10C5, 0x10C5, 0x10C5, 0x10C5, 0x10C5, 0x10C5, 0x10C5, 0x10C5,
  0x10C5, 0x10C5, 0x10C5, 0x10C5, 0x10C5, 0x10C5, 0x10C5, 0x10C5, 0x10C5, 0x10C5, 0x10C5, 0x10C5,
  0x10C5, 0x10C5, 0x10C5, 0x10C5, 0x10C5, 0x10C5, 0x10C5, 0x10C5, 0x10C5, 0x10C5, 0x10C5, 0x10C5,
  0x10C5, 0x10C5, 0x10C5, 0x10C5, 0x10C5, 0x10C5, 0x10C5, 0x10C5, 0x10C5, 0x10C5, 0x10C5, 0x10C5,
  0x10C5, 0x10C5, 0x10C6, 0x10C6, 0x10C5, 0x10C5, 0x2188, 0x5BF2, 0x757D, 0x4D7F, 0x24DF, 0x14BF,
  0x1CFF, 0x1D1F, 0x259F, 0x2E3F, 0x3DBC, 0x2B30, 0x10E6, 0x10C5, 0x10C5, 0x10C6, 0x10C5, 0x10C5,
  0x10E6, 0x10C5, 0x10C5, 0x1127, 0x5BD1, 0x869B, 0x67BF, 0x273F, 0x0EDF, 0x1EFF, 0x271F, 0x1F1F,
  0x271F, 0x1F1F, 0x273F, 0x47BF, 0x5FDF, 0x4E19, 0x230E, 0x08C6, 0x10C5, 0x10C5, 0x10C6, 0x10C5,
  0x10C5, 0x10C5, 0x10C5, 0x10C5, 0x10C5, 0x767B, 0x6F9F, 0x979F, 0xAF1E, 0x10C5, 0x10C5, 0x10C5,
  0x10C5, 0x10C5, 0x10C5, 0x10C5, 0x10C5, 0x10C5, 0x10C5, 0x10C5, 0x10C5, 0x10C5, 0xD454, 0xFCB7,
  0xFBF5, 0xFC36, 0x3147, 0x10C5, 0x10C5, 0x10C5, 0x10C5, 0x10C5, 0x10C5, 0x10C5, 0x10C5, 0x10C5,
  0x10C5, 0x4167, 0xAAAD, 0xFB73, 0xFB34, 0xFA71, 0xF231, 0xFA51, 0xFA31, 0xFA11, 0xF9F2, 0xF9D1,
  0xF971, 0xF9D4, 0xFAF8, 0xD335, 0x6A4C, 0x10E5, 0x10C5, 0x10C5, 0x10C6, 0x10C5, 0x10C5, 0x10C6,
  0x10C5, 0x10C5, 0x18E6, 0x796C, 0xD954, 0xF8B8, 0xF856, 0xF035, 0xF036, 0xE816, 0xF017, 0xF8DA,
  0xF9FB, 0xB255, 0x49CB, 0x10C5, 0x10C5, 0x10C5, 0x10C6, 0x10C5, 0x10C5, 0x10C5, 0x10C5, 0x10C5,
  0x10C5, 0x10C5, 0x10C5, 0x10C5, 0x10C5, 0x10C5, 0x10C5, 0x10C5, 0x10C5, 0x10C5, 0x10C5, 0x10C5,
  0x10C5, 0x10C5, 0x10C5, 0x10C5, 0x10C5, 0x10C5, 0x10C5, 0x10C5, 0x10C5, 0x10C5, 0x10C5, 0x10C5,
  0x10C5, 0x10C5, 0x10C5, 0x10C5, 0x10C5, 0x10C5, 0x10C5, 0x10C5, 0x10C5, 0x10C5, 0x10C5, 0x10C5,
  0x10C5, 0x10C5, 0x10C5, 0x10C5, 0x10C5, 0x10C5, 0x10C5, 0x10C5, 0x10C6, 0x10C6, 0x10C5, 0x10C5,
  0x29A8, 0x5BD3, 0x755D, 0x4CFF, 0x1C5F, 0x145F, 0x249F, 0x1CBF, 0x1D3F, 0x35FF, 0x355B, 0x2330,
  0x1107, 0x10C5, 0x10C5, 0x10C6, 0x10C5, 0x10C5, 0x10C6, 0x10C5, 0x10C5, 0x1107, 0x53F1, 0x86DC,
  0x679F, 0x16FF, 0x06BF, 0x16DF, 0x1EFF, 0x1EFF, 0x1EFF, 0x16FF, 0x1F1F, 0x379F, 0x57BF, 0x4DF9,
  0x22EE, 0x10A5, 0x10C5, 0x10C5, 0x10C6, 0x10C5, 0x10C5, 0x10C5, 0x10C5, 0x10C5, 0x10C5, 0x10C5,
  0x10C5, 0x6E5B, 0x679F, 0x879F, 0xAF1E, 0x10C5, 0x10C5, 0x10C5, 0x10C5, 0x10C5, 0x10C5, 0x10C5,
  0x10C5, 0x10C5, 0x10C5, 0x10C5, 0x10C5, 0x10C5, 0xD454, 0xFCB7, 0xFBD5, 0xFC15, 0x3127, 0x10C5,
  0x10C5, 0x10C5, 0x10C5, 0x10C5, 0x10C5, 0x10C5, 0x10C5, 0x10C5, 0x10C5, 0x10C5, 0x10C5, 0x3927,
  0xA24D, 0xF312, 0xFAF3, 0xFA51, 0xF210, 0xF9F1, 0xF9F1, 0xF9B1, 0xF992, 0xF972, 0xF951, 0xF9B4,
  0xFAF8, 0xD335, 0x6A0D, 0x10E5, 0x10C5, 0x10C5, 0x10C6, 0x10C5, 0x10C5, 0x10C6, 0x10C5, 0x10C5,
  0x18E6, 0x712D, 0xD915, 0xF879, 0xF817, 0xE816, 0xE836, 0xE816, 0xE817, 0xF87A, 0xF9BB, 0xBA55,
  0x51CB, 0x10C5, 0x10C5, 0x10C5, 0x10C6, 0x10C5, 0x10C5, 0x10C5, 0x10C5, 0x10C5, 0x10C5, 0x10C5,
  0x10C5, 0x10C5, 0x10C5, 0x10C5, 0x10C5, 0x10C5, 0x10C5, 0x10C5, 0x10C5, 0x10C5, 0x10C5, 0x10C5,
  0x10C5, 0x10C5, 0x10C5, 0x10C5, 0x10C5, 0x10C5, 0x10C5, 0x10C5, 0x10C5, 0x10C5, 0x10C5, 0x10C5,
  0x10C5, 0x10C5, 0x10C5, 0x10C5, 0x10C5, 0x10C5, 0x10C5, 0x10C5, 0x10C5, 0x10C5, 0x10C5, 0x10C5,
  0x10C5, 0x10C5, 0x10C6, 0x10C6, 0x10C5, 0x10C5, 0x29E9, 0x6BF4, 0x751D, 0x3C7F, 0x1BDF, 0x1BDF,
  0x1C5F, 0x1C5F, 0x1CDF, 0x359F, 0x351B, 0x2331, 0x1107, 0x10C5, 0x10C5, 0x10C6, 0x10C5, 0x10C5,
  0x10C6, 0x10C5, 0x10C5, 0x1947, 0x53F1, 0x86BC, 0x5F9F, 0x16FF, 0x069F, 0x06BF, 0x16FF, 0x16FF,
  0x0EFF, 0x0EDF, 0x16FF, 0x379F, 0x4F9F, 0x45D9, 0x1AAD, 0x10C5, 0x10C5, 0x10C5, 0x10C6, 0x10C5,
  0x10C5, 0x10C5, 0x10C5, 0x10C5, 0x10C5, 0x10C5, 0x10C5, 0x10C5, 0x10C5, 0x6E5B, 0x679F, 0x879F,
  0xAF3E, 0x10C5, 0x10C5, 0x10C5, 0x10C5, 0x10C5, 0x10C5, 0x10C5, 0x10C5, 0x10C5, 0x10C5, 0x10C5,
  0x10C5, 0x10C5, 0xD434, 0xFC77, 0xFBB4, 0xFBD5, 0x3127, 0x10C5, 0x10C5, 0x10C5, 0x10C5, 0x10C5,
  0x10C5, 0x10C5, 0x10C5, 0x10C5, 0x10C5, 0x10C5, 0x10C5, 0x10C5, 0x10C5, 0x3926, 0x9A6C, 0xF2D1,
  0xFA93, 0xFA11, 0xF9B0, 0xF991, 0xF971, 0xF951, 0xF972, 0xF952, 0xF912, 0xF954, 0xFA17, 0xD2D6,
  0x6A2D, 0x18E6, 0x10C5, 0x10C5, 0x10C6, 0x10C5, 0x10C5, 0x10C6, 0x10C5, 0x10C5, 0x1906, 0x70ED,
  0xD8D5, 0xF899, 0xF017, 0xE016, 0xE036, 0xE017, 0xE017, 0xF05A, 0xF99D, 0xBA56, 0x51CB, 0x08E5,
  0x10C5, 0x10C5, 0x10C6, 0x10C5, 0x10C5, 0x10C5, 0x10C5, 0x10C5, 0x10C5, 0x10C5, 0x10C5, 0x10C5,
  0x10C5, 0x10C5, 0x10C5, 0x10C5, 0x10C5, 0x10C5, 0x10C5, 0x10C5, 0x10C5, 0x10C5, 0x10C5, 0x10C5,
  0x10C5, 0x10C5, 0x10C5, 0x10C5, 0x10C5, 0x10C5, 0x10C5, 0x10C5, 0x10C5, 0x10C5, 0x10C5, 0x10C5,
  0x10C5, 0x10C5, 0x10C5, 0x10C5, 0x10C5, 0x10C5, 0x10C5, 0x10C5, 0x10C5, 0x10C6, 0x10C5, 0x10C5,
  0x31E9, 0x6BF4, 0x6CBE, 0x4C1F, 0x239F, 0x23BF, 0x23FF, 0x23FF, 0x249F, 0x2D1F, 0x34DC, 0x2331,
  0x1106, 0x10C5, 0x10C5, 0x10C6, 0x10C5, 0x10C5, 0x10C6, 0x10C5, 0x10C5, 0x1947, 0x5412, 0x769D,
  0x575F, 0x16DF, 0x067F, 0x069F, 0x0EBF, 0x0EDF, 0x0EDF, 0x06BF, 0x0EDF, 0x2F7F, 0x4F7F, 0x3D78,
  0x1A6C, 0x10C5, 0x10C5, 0x10C5, 0x10C6, 0x10C5, 0x10C5, 0x10C5, 0x10C5, 0x10C5, 0x10C5, 0x10C5,
  0x10C5, 0x10C5, 0x10C5, 0x10C5, 0x10C5, 0x6E5B, 0x679F, 0x7F9F, 0xA71E, 0x10C5, 0x10C5, 0x10C5,
  0x10C5, 0x10C5, 0x10C5, 0x10C5, 0x10C5, 0x10C5, 0x10C5, 0x10C5, 0x10C5, 0x10C5, 0xD454, 0xFC76,
  0xFB94, 0xF3B4, 0x3127, 0x10C5, 0x10C5, 0x10C5, 0x10C5, 0x10C5, 0x10C5, 0x10C5, 0x10C5, 0x10C5,
  0x10C5, 0x10C5, 0x10C5, 0x10C5, 0x10C6, 0x10C5, 0x10C5, 0x3126, 0x9A0B, 0xEA71, 0xFA13, 0xF991,
  0xF150, 0xF951, 0xF952, 0xF932, 0xF932, 0xF8F2, 0xF891, 0xF8F4, 0xFA18, 0xD2B6, 0x6A2E, 0x1105,
  0x10C5, 0x10C5, 0x10C6, 0x10C5, 0x10C5, 0x10C6, 0x10C5, 0x10C5, 0x1906, 0x714D, 0xD0D6, 0xF879,
  0xF018, 0xE016, 0xD837, 0xE018, 0xE018, 0xE85B, 0xF95D, 0xC278, 0x5A0C, 0x10E5, 0x10C5, 0x10C5,
  0x10C6, 0x10C5, 0x10C5, 0x10C5, 0x10C5, 0x10C5, 0x10C5, 0x10C5, 0x10C5, 0x10C5, 0x10C5, 0x10C5,
  0x10C5, 0x10C5, 0x10C5, 0x10C5, 0x10C5, 0x10C5, 0x10C5, 0x10C5, 0x10C5, 0x10C5, 0x10C5, 0x10C5,
  0x10C5, 0x10C5, 0x10C5, 0x10C5, 0x10C5, 0x10C5, 0x10C5, 0x10C5, 0x10C5, 0x10C5, 0x10C5, 0x10C5,
  0x10C5, 0x10C5, 0x10C5, 0x10C5, 0x10C5, 0x10C5, 0x31EA, 0x6BF5, 0x747E, 0x4BDF, 0x2AFF, 0x235F,
  0x2B9F, 0x23BF, 0x241F, 0x2CBF, 0x349C, 0x22D0, 0x1107, 0x10C5, 0x10C5, 0x10C6, 0x10C5, 0x10C5,
  0x10C6, 0x10C5, 0x10C5, 0x1947, 0x5411, 0x6E9C, 0x4F3F, 0x0E9F, 0x065F, 0x067F, 0x0E9F, 0x0EBF,
  0x06BF, 0x069F, 0x06BF, 0x275F, 0x475F, 0x3D77, 0x1A6C, 0x10C5, 0x10C5, 0x10C5, 0x10C6, 0x10C5,
  0x10C5, 0x10C5, 0x10C5, 0x10C5, 0x10C5, 0x10C5, 0x10C5, 0x10C5, 0x10C5, 0x10C5, 0x10C5, 0x10C5,
  0x10C5, 0x6E5B, 0x5F9F, 0x7F7F, 0xA71E, 0x10C5, 0x10C5, 0x10C5, 0x10C5, 0x10C5, 0x10C5, 0x10C5,
  0x10C5, 0x10C5, 0x10C5, 0x10C5, 0x10C5, 0x10C5, 0xD454, 0xFC76, 0xFB74, 0xF3B4, 0x3147, 0x10C5,
  0x10C5, 0x10C5, 0x10C5, 0x10C5, 0x10C5, 0x10C5, 0x10C5, 0x10C5, 0x10C5, 0x10C5, 0x10C5, 0x10C5,
  0x10C5, 0x10C5, 0x10C5, 0x10C5, 0x10C5, 0x2906, 0x89CB, 0xEA52, 0xFA14, 0xF992, 0xF131, 0xF911,
  0xF912, 0xF8D2, 0xF8D2, 0xF8D2, 0xF892, 0xF8D5, 0xF9B9, 0xD256, 0x69EE, 0x1105, 0x10C5, 0x10C5,
  0x10C6, 0x10C5, 0x10C5, 0x10C6, 0x10C5, 0x10C5, 0x18E6, 0x690D, 0xD0D7, 0xF85A, 0xF019, 0xE017,
  0xD818, 0xD818, 0xE019, 0xF05C, 0xF15D, 0xC217, 0x620E, 0x1105, 0x10C5, 0x10C5, 0x10C6, 0x10C5,
  0x10C5, 0x10C5, 0x10C5, 0x10C5, 0x10C5, 0x10C5, 0x10C5, 0x10C5, 0x10C5, 0x10C5, 0x10C5, 0x10C5,
  0x10C5, 0x10C5, 0x10C5, 0x10C5, 0x10C5, 0x10C5, 0x10C5, 0x10C5, 0x10C5, 0x10C5, 0x10C5, 0x10C5,
  0x10C5, 0x10C5, 0x10C5, 0x10C5, 0x10C5, 0x10C5, 0x10C5, 0x10C5, 0x10C6, 0x10C5, 0x10C5, 0x10C5,
  0x3A2B, 0x73F6, 0x73FF, 0x4B3F, 0x32BF, 0x331F, 0x333F, 0x2B3F, 0x2BBF, 0x3C5F, 0x3C1B, 0x2290,
  0x10E6, 0x10C5, 0x10C5, 0x10C6, 0x10C5, 0x10C6, 0x10C6, 0x10C5, 0x10C5, 0x1968, 0x5412, 0x6E7C,
  0x46FF, 0x063F, 0x061F, 0x065F, 0x067F, 0x067F, 0x069F, 0x067F, 0x06BF, 0x273F, 0x3F1F, 0x3537,
  0x1A4C, 0x10C5, 0x10C5, 0x10C5, 0x10C6, 0x10C5, 0x10C5, 0x10C5, 0x10C5, 0x10C5, 0x10C5, 0x10C5,
  0x10C5, 0x10C5, 0x10C5, 0x10C5, 0x10C5, 0x10C5, 0x10C5, 0x10C5, 0x10C5, 0x6E5B, 0x579F, 0x777F,
  0xA71E, 0x10C5, 0x10C5, 0x10C5, 0x10C5, 0x10C5, 0x10C5, 0x10C5, 0x10C5, 0x10C5, 0x10C5, 0x10C5,
  0x10C5, 0x10C5, 0xD434, 0xFC56, 0xFB73, 0xFBB4, 0x3127, 0x10C5, 0x10C5, 0x10C5, 0x10C5, 0x10C5,
  0x10C5, 0x10C5, 0x10C5, 0x10C5, 0x10C5, 0x10C5, 0x10C5, 0x10C5, 0x10C5, 0x10C5, 0x10C5, 0x10C5,
  0x10C5, 0x10C5, 0x10C5, 0x2906, 0x89EC, 0xEA32, 0xF9B4, 0xF912, 0xF8F1, 0xF8D2, 0xF8D2, 0xF8B3,
  0xF8B3, 0xF873, 0xF033, 0xF855, 0xF979, 0xD236, 0x69EE, 0x10E6, 0x10C5, 0x10C5, 0x10C6, 0x10C5,
  0x10C5, 0x10C6, 0x10C5, 0x10C5, 0x18E6, 0x712D, 0xD0D7, 0xF85A, 0xE819, 0xD818, 0xD818, 0xD818,
  0xD819, 0xE83C, 0xF97E, 0xC218, 0x69CE, 0x1906, 0x10C5, 0x10C5, 0x10C6, 0x10C5, 0x10C5, 0x10C5,
  0x10C5, 0x10C5, 0x10C5, 0x10C5, 0x10C5, 0x10C5, 0x10C5, 0x10C5, 0x10C5, 0x10C5, 0x10C5, 0x10C5,
  0x10C5, 0x10C5, 0x10C5, 0x10C5, 0x10C5, 0x10C5, 0x10C5, 0x10C5, 0x10C5, 0x10C5, 0x10C5, 0x10C5,
  0x10C5, 0x10C5, 0x10C6, 0x10C5, 0x10C5, 0x10C5, 0x422B, 0x7B97, 0x73BF, 0x52FF, 0x327F, 0x329F,
  0x3ADF, 0x32FF, 0x3B7F, 0x43FF, 0x33BB, 0x2270, 0x10E6, 0x10C5, 0x10C5, 0x10C6, 0x10C5, 0x10C6,
  0x10C6, 0x10C5, 0x10C5, 0x2168, 0x5412, 0x6E7D, 0x3EBF, 0x063F, 0x05DF, 0x061F, 0x065F, 0x065F,
  0x065F, 0x065F, 0x067F, 0x1F3F, 0x36FF, 0x3517, 0x122B, 0x10C5, 0x10C5, 0x10C5, 0x10C6, 0x10C5,
  0x10C5, 0x10C5, 0x10C5, 0x10C5, 0x10C5, 0x10C5, 0x10C5, 0x10C5, 0x10C5, 0x10C5, 0x10C5, 0x10C5,
  0x10C5, 0x10C5, 0x10C5, 0x10C5, 0x10C5, 0x6E5B, 0x577F, 0x777F, 0xA71E, 0x10C5, 0x10C5, 0x10C5,
  0x10C5, 0x10C5, 0x10C5, 0x10C5, 0x10C5, 0x10C5, 0x10C5, 0x10C5, 0x10C5, 0x10C5, 0xD414, 0xFC16,
  0xFB53, 0xFB94, 0x3127, 0x10C5, 0x10C5, 0x10C5, 0x10C5, 0x10C5, 0x10C5, 0x10C5, 0x10C5, 0x10C5,
  0x10C5, 0x10C5, 0x10C5, 0x10C5, 0x10C5, 0x10C5, 0x10C5, 0x10C5, 0x10C5, 0x10C5, 0x10C5, 0x10C5,
  0x10C5, 0x2106, 0x81AB, 0xE191, 0xF974, 0xF8F3, 0xF0D2, 0xF8B2, 0xF873, 0xF853, 0xF854, 0xF833,
  0xF013, 0xF836, 0xF939, 0xD237, 0x6A0D, 0x1105, 0x10C5, 0x10C5, 0x10C6, 0x10C5, 0x10C5, 0x10C6,
  0x10C5, 0x10C5, 0x10E6, 0x690D, 0xC8B7, 0xF85C, 0xE81A, 0xD818, 0xD839, 0xD839, 0xD819, 0xE03B,
  0xF11E, 0xCA5A, 0x722E, 0x1926, 0x10C5, 0x10C5, 0x10C6, 0x10C5, 0x10C5, 0x10C5, 0x10C5, 0x10C5,
  0x10C5, 0x10C5, 0x10C5, 0x10C5, 0x10C5, 0x10C5, 0x10C5, 0x10C5, 0x10C5, 0x10C5, 0x10C5, 0x10C5,
  0x10C5, 0x10C5, 0x10C5, 0x10C5, 0x10C5, 0x10C5, 0x10C5, 0x10C5, 0x10C6, 0x10C5, 0x10C5, 0x10C5,
  0x4A4C, 0x7B97, 0x7B9F, 0x5A9F, 0x39FF, 0x425F, 0x42BF, 0x3A9F, 0x3ADF, 0x4B9F, 0x439B, 0x2A70,
  0x10E6, 0x10C5, 0x10C5, 0x10C6, 0x10C5, 0x10C6, 0x10C6, 0x10C5, 0x10C5, 0x2188, 0x5433, 0x665D,
  0x369F, 0x05FF, 0x05BF, 0x05FF, 0x061F, 0x063F, 0x063F, 0x061F, 0x067F, 0x271F, 0x2EDF, 0x24D6,
  0x11EA, 0x10C5, 0x10C5, 0x10C5, 0x10C6, 0x10C5, 0x10C5, 0x10C5, 0x10C5, 0x10C5, 0x10C5, 0x10C5,
  0x10C5, 0x10C5, 0x10C5, 0x10C5, 0x10C5, 0x10C5, 0x10C5, 0x10C5, 0x10C5, 0x10C5, 0x10C5, 0x10C5,
  0x10C5, 0x6E5B, 0x4F7F, 0x6F7F, 0x9F1E, 0x10C5, 0x10C5, 0x10C5, 0x10C5, 0x10C5, 0x10C5, 0x10C5,
  0x10C5, 0x10C5, 0x10C5, 0x10C5, 0x10C5, 0x10C5, 0xD3F4, 0xFBD5, 0xFB33, 0xF373, 0x3127, 0x10C5,
  0x10C5, 0x10C5, 0x10C5, 0x10C5, 0x10C5, 0x10C5, 0x10C5, 0x10C5, 0x10C5, 0x10C5, 0x10C5, 0x10C5,
  0x10C5, 0x10C5, 0x10C5, 0x10C5, 0x10C5, 0x10C5, 0x10C5, 0x10C5, 0x10C5, 0x10C5, 0x10C5, 0x18E5,
  0x798B, 0xD9D2, 0xF955, 0xF8B3, 0xF052, 0xF853, 0xF833, 0xF814, 0xF834, 0xF014, 0xE813, 0xF836,
  0xF97A, 0xD277, 0x69ED, 0x1105, 0x10C5, 0x10C5, 0x10C6, 0x10C5, 0x10C5, 0x10C6, 0x10C5, 0x10C5,
  0x10E6, 0x60ED, 0xC8B7, 0xF85B, 0xE81A, 0xD819, 0xD839, 0xD03A, 0xD01A, 0xE03D, 0xE8FE, 0xC9FA,
  0x7250, 0x2147, 0x10C5, 0x10C5, 0x10C6, 0x10C6, 0x10C5, 0x10C5, 0x10C5, 0x10C5, 0x10C5, 0x10C5,
  0x10C5, 0x10C5, 0x10C5, 0x10C5, 0x10C5, 0x10C5, 0x10C5, 0x10C5, 0x10C5, 0x10C5, 0x10C5, 0x10C5,
  0x10C5, 0x10C5, 0x10C6, 0x10C5, 0x10C5, 0x10E5, 0x528D, 0x83B8, 0x831F, 0x61FF, 0x49DF, 0x4A3F,
  0x4A5F, 0x3A5F, 0x42BF, 0x535F, 0x4B3B, 0x2A0F, 0x10E6, 0x10C5, 0x10C5, 0x10C6, 0x10C5, 0x10C6,
  0x10C6, 0x10C5, 0x10C5, 0x21A9, 0x5C74, 0x5E3D, 0x2E3F, 0x05BF, 0x057F, 0x05BF, 0x05FF, 0x061F,
  0x05FF, 0x05DF, 0x063F, 0x1F1F, 0x36DF, 0x2CB6, 0x11CA, 0x10C5, 0x10C5, 0x10C5, 0x10C6, 0x10C5,
  0x10C5, 0x10C5, 0x10C5, 0x10C5, 0x10C5, 0x10C5, 0x10C5, 0x10C5, 0x10C5, 0x10C5, 0x10C5, 0x10C5,
  0x10C5, 0x10C5, 0x10C5, 0x10C5, 0x10C5, 0x10C5, 0x10C5, 0x10C5, 0x10C5, 0x6E7B, 0x4F7F, 0x677F,
  0x9F1D, 0x10C5, 0x10C5, 0x10C5, 0x10C5, 0x10C5, 0x10C5, 0x10C5, 0x10C5, 0x10C5, 0x10C5, 0x10C5,
  0x10C5, 0x10C5, 0xD3F3, 0xFBD5, 0xFAF2, 0xF332, 0x3127, 0x10C5, 0x10C5, 0x10C5, 0x10C5, 0x10C5,
  0x10C5, 0x10C5, 0x10C5, 0x10C5, 0x10C5, 0x10C5, 0x10C5, 0x10C5, 0x10C5, 0x10C5, 0x10C5, 0x10C5,
  0x10C5, 0x10C5, 0x10C5, 0x10C5, 0x10C5, 0x10C5, 0x10C5, 0x10C5, 0x10C5, 0x18E5, 0x716A, 0xD191,
  0xF915, 0xF854, 0xF013, 0xF033, 0xF834, 0xF014, 0xF014, 0xE814, 0xE814, 0xF837, 0xF93A, 0xC9B6,
  0x69CD, 0x1106, 0x10C5, 0x10C5, 0x10C6, 0x10C5, 0x10C5, 0x10C6, 0x10C5, 0x10C5, 0x10E5, 0x610D,
  0xC0F7, 0xF07B, 0xE83B, 0xD01A, 0xD03A, 0xD03B, 0xD01B, 0xD81D, 0xE93F, 0xD25B, 0x8252, 0x2147,
  0x10C5, 0x10C5, 0x10C6, 0x10C5, 0x10C5, 0x10C5, 0x10C5, 0x10C5, 0x10C5, 0x10C5, 0x10C5, 0x10C5,
  0x10C5, 0x10C5, 0x10C5, 0x10C5, 0x10C5, 0x10C5, 0x10C5, 0x10C5, 0x10C6, 0x10C5, 0x10C5, 0x1905,
  0x528D, 0x8B79, 0x92FF, 0x69DF, 0x597F, 0x59DF, 0x51FF, 0x4A1F, 0x527F, 0x52FF, 0x52FA, 0x320F,
  0x10E6, 0x10C5, 0x10C5, 0x10C6, 0x10C5, 0x10C6, 0x10C6, 0x10C5, 0x10C5, 0x21A8, 0x5453, 0x5E1E,
  0x2E1F, 0x057F, 0x055F, 0x059F, 0x05DF, 0x05DF, 0x05DF, 0x05DF, 0x061F, 0x1EBF, 0x267E, 0x2454,
  0x11CA, 0x10C5, 0x10C5, 0x10C6, 0x10C5, 0x10C5, 0x10C5, 0x10C5, 0x10C5, 0x10C5, 0x10C5, 0x10C5,
  0x10C5, 0x10C5, 0x10C5, 0x10C5, 0x10C5, 0x10C5, 0x10C5, 0x10C5, 0x10C5, 0x10C5, 0x10C5, 0x10C5,
  0x10C5, 0x10C5, 0x10C5, 0x10C5, 0x10C6, 0x665B, 0x4F7F, 0x6F7F, 0x96FD, 0x10C5, 0x10C5, 0x10C5,
  0x10C5, 0x10C5, 0x10C5, 0x10C5, 0x10C5, 0x10C5, 0x10C5, 0x10C5, 0x10C5, 0x10C5, 0xD3D3, 0xFBB4,
  0xFAF2, 0xF332, 0x3127, 0x10C5, 0x10C5, 0x10C5, 0x10C5, 0x10C5, 0x10C5, 0x10C5, 0x10C5, 0x10C5,
  0x10C5, 0x10C5, 0x10C5, 0x10C5, 0x10C5, 0x10C5, 0x10C5, 0x10C5, 0x10C5, 0x10C5, 0x10C5, 0x10C5,
  0x10C5, 0x10C5, 0x10C5, 0x10C5, 0x10C5, 0x10C5, 0x10C5, 0x10E5, 0x694A, 0xC951, 0xF917, 0xF855,
  0xF013, 0xF013, 0xF014, 0xF014, 0xE814, 0xE814, 0xE014, 0xF016, 0xF93B, 0xD258, 0x69AD, 0x10E5,
  0x10C5, 0x10C5, 0x10C6, 0x10C5, 0x10C5, 0x10C6, 0x10C5, 0x10C5, 0x10E5, 0x510C, 0xB8F7, 0xF09D,
  0xE83C, 0xD01B, 0xD03B, 0xD05B, 0xD01B, 0xD01C, 0xD8FF, 0xD21C, 0x8232, 0x2968, 0x10C5, 0x10C5,
  0x10C5, 0x10C5, 0x10C5, 0x10C5, 0x10C5, 0x10C5, 0x10C5, 0x10C5, 0x10C5, 0x10C5, 0x10C5, 0x10C5,
  0x10C5, 0x10C5, 0x10C6, 0x10C5, 0x10C5, 0x1926, 0x628F, 0x935A, 0x929F, 0x699F, 0x617F, 0x69BF,
  0x61BF, 0x61DF, 0x6A1F, 0x729F, 0x5ABA, 0x31EF, 0x10E6, 0x10C5, 0x10C5, 0x10C6, 0x10C5, 0x10C6,
  0x10C6, 0x10C5, 0x10C5, 0x29E9, 0x5C54, 0x5DFE, 0x2DDF, 0x053F, 0x053F, 0x057F, 0x059F, 0x05BF,
  0x05BF, 0x05BF, 0x063F, 0x1EBF, 0x261D, 0x2413, 0x1189, 0x10C5, 0x10C5, 0x10C6, 0x10C5, 0x10C5,
  0x10C5, 0x10C5, 0x10C5, 0x10C5, 0x10C5, 0x10C5, 0x10C5, 0x10C5, 0x10C5, 0x10C5, 0x10C5, 0x10C5,
  0x10C5, 0x10C5, 0x10C5, 0x10C5, 0x10C5, 0x10C5, 0x10C5, 0x10C5, 0x10C5, 0x10C5, 0x10C5, 0x10C5,
  0x10C6, 0x5E5B, 0x477F, 0x6F7F, 0x9EFD, 0x10C5, 0x10C5, 0x10C5, 0x10C5, 0x10C5, 0x10C5, 0x10C5,
  0x10C5, 0x10C5, 0x10C5, 0x10C5, 0x10C5, 0x10C5, 0xD3B3, 0xFB94, 0xFAD1, 0xF312, 0x3127, 0x10C5,
  0x10C5, 0x10C5, 0x10C5, 0x10C5, 0x10C5, 0x10C5, 0x10C5, 0x10C5, 0x10C5, 0x10C5, 0x10C5, 0x10C5,
  0x10C5, 0x10C5, 0x10C5, 0x10C5, 0x10C5, 0x10C5, 0x10C5, 0x10C5, 0x10C5, 0x10C5, 0x10C5, 0x10C5,
  0x10C5, 0x10C5, 0x10C5, 0x10C5, 0x10C5, 0x10E5, 0x596A, 0xC0F1, 0xF896, 0xF835, 0xE813, 0xE813,
  0xE814, 0xE814, 0xE815, 0xE815, 0xE816, 0xF018, 0xF8DB, 0xD1D8, 0x69EE, 0x1106, 0x10C5, 0x10C5,
  0x10C6, 0x10C5, 0x10C5, 0x10C6, 0x10C5, 0x10C5, 0x10E5, 0x510C, 0xB916, 0xF0BD, 0xE03D, 0xD01B,
  0xC83B, 0xC83B, 0xC01B, 0xC01C, 0xD0BF, 0xD23D, 0x9294, 0x3989, 0x10C5, 0x10C5, 0x10C5, 0x10C6,
  0x10C5, 0x10C5, 0x10C5, 0x10C5, 0x10C5, 0x10C5, 0x10C5, 0x10C5, 0x10C6, 0x10C5, 0x10C5, 0x2146,
  0x62AF, 0x9B3B, 0x921F, 0x793F, 0x713F, 0x717F, 0x699F, 0x699F, 0x71DF, 0x827F, 0x6A7A, 0x39CE,
  0x10C5, 0x10C5, 0x10C5, 0x10C6, 0x10C5, 0x10C5, 0x10C6, 0x10C5, 0x10C5, 0x29E9, 0x6495, 0x5DBE,
  0x253F, 0x04BF, 0x04DF, 0x053F, 0x057F, 0x057F, 0x057F, 0x057F, 0x05DF, 0x167F, 0x363D, 0x23F3,
  0x1148, 0x10C5, 0x10C5, 0x10C6, 0x10C6, 0x10C5, 0x10C5, 0x10C5, 0x10C5, 0x10C5, 0x10C5, 0x10C5,
  0x10C5, 0x10C5, 0x10C5, 0x10C5, 0x10C5, 0x10C5, 0x10C5, 0x10C5, 0x10C5, 0x10C5, 0x10C5, 0x10C5,
  0x10C5, 0x10C5, 0x10C5, 0x10C5, 0x10C5, 0x10C5, 0x10C5, 0x10C5, 0x10E6, 0x5E5B, 0x477F, 0x6F7F,
  0x9EFD, 0x10C5, 0x10C5, 0x10C5, 0x10C5, 0x10C5, 0x10C5, 0x10C5, 0x10C5, 0x10C5, 0x10C5, 0x10C5,
  0x10C5, 0x10C5, 0xD393, 0xFB74, 0xFAD1, 0xF2F2, 0x3127, 0x10C5, 0x10C5, 0x10C5, 0x10C5, 0x10C5,
  0x10C5, 0x10C5, 0x10C5, 0x10C5, 0x10C5, 0x10C5, 0x10C5, 0x10C5, 0x10C5, 0x10C5, 0x10C5, 0x10C5,
  0x10C5, 0x10C5, 0x10C5, 0x10C5, 0x10C5, 0x10C5, 0x10C5, 0x10C5, 0x10C5, 0x10C5, 0x10C5, 0x10C5,
  0x10C5, 0x10C5, 0x10C5, 0x10C5, 0x5129, 0xB951, 0xF897, 0xF836, 0xE814, 0xE014, 0xE815, 0xE815,
  0xE815, 0xE016, 0xD816, 0xF039, 0xF93B, 0xC9F8, 0x69AD, 0x1105, 0x10C5, 0x10C5, 0x10C6, 0x10C5,
  0x10C5, 0x10C6, 0x10C5, 0x10C5, 0x10E5, 0x492B, 0xA935, 0xE0BC, 0xE05E, 0xC81B, 0xC03B, 0xC05C,
  0xB83C, 0xC03D, 0xD0FF, 0xD1FD, 0x9A36, 0x418A, 0x10C5, 0x10C5, 0x10C5, 0x10C6, 0x10C5, 0x10C5,
  0x10C5, 0x10C6, 0x10C6, 0x10C5, 0x10C5, 0x2167, 0x6AD1, 0x9B1C, 0x91FF, 0x811F, 0x791F, 0x795F,
  0x715F, 0x715F, 0x79BF, 0x8A3F, 0x7259, 0x31AD, 0x08C5, 0x10C5, 0x10C5, 0x10C6, 0x10C5, 0x10C5,
  0x10C6, 0x10C5, 0x10C5, 0x29E9, 0x5C54, 0x557E, 0x251F, 0x045F, 0x047F, 0x04BF, 0x04FF, 0x055F,
  0x053F, 0x055F, 0x05BF, 0x1E5F, 0x257C, 0x1B51, 0x1148, 0x10C5, 0x10C5, 0x10C6, 0x10C6, 0x10C5,
  0x10C5, 0x10C5, 0x10C5, 0x10C5, 0x10C5, 0x10C5, 0x10C5, 0x10C5, 0x10C5, 0x10C5, 0x10C5, 0x10C5,
  0x10C5, 0x10C5, 0x10C5, 0x10C5, 0x10C5, 0x10C5, 0x10C5, 0x10C5, 0x10C5, 0x10C5, 0x10C5, 0x10C5,
  0x10C5, 0x10C5, 0x10C5, 0x10C5, 0x10E6, 0x5E7B, 0x477F, 0x677F, 0x9F1D, 0x10C5, 0x10C5, 0x10C5,
  0x10C5, 0x10C5, 0x10C5, 0x10C5, 0x10C5, 0x10C5, 0x10C5, 0x10C5, 0x10C5, 0x10C5, 0xDB93, 0xFB74,
  0xFAB1, 0xF2D1, 0x3126, 0x10C5, 0x10C5, 0x10C5, 0x10C5, 0x10C5, 0x10C5, 0x10C5, 0x10C5, 0x10C5,
  0x10C5, 0x10C5, 0x10C5, 0x10C5, 0x10C5, 0x10C5, 0x10C5, 0x10C5, 0x10C5, 0x10C5, 0x10C5, 0x10C5,
  0x10C5, 0x10C5, 0x10C5, 0x10C5, 0x10C5, 0x10C5, 0x10C5, 0x10C5, 0x10C5, 0x10C5, 0x10C5, 0x10C5,
  0x10C5, 0x10C5, 0x512A, 0xB912, 0xF897, 0xF816, 0xE814, 0xE014, 0xE015, 0xE016, 0xE016, 0xE016,
  0xD816, 0xE818, 0xF8FB, 0xC9D8, 0x61EE, 0x1105, 0x10C5, 0x10C5, 0x10C6, 0x10C5, 0x10C5, 0x10C6,
  0x10C5, 0x10C5, 0x10C5, 0x410B, 0xA135, 0xD8BD, 0xD85E, 0xC83C, 0xC03C, 0xC05C, 0xB83C, 0xB03C,
  0xC09F, 0xD1BE, 0xA2B7, 0x49EB, 0x10C5, 0x10C5, 0x10C5, 0x10C6, 0x10C6, 0x10C5, 0x10C5, 0x29A8,
  0x72D2, 0xA2FC, 0x99BF, 0x80DF, 0x80FF, 0x813F, 0x793F, 0x713F, 0x817F, 0x91DF, 0x71F8, 0x396D,
  0x10C5, 0x10C5, 0x10C5, 0x10C6, 0x10C5, 0x10C5, 0x10C6, 0x10C5, 0x10C5, 0x2A2A, 0x6475, 0x655E,
  0x2CDF, 0x041F, 0x041F, 0x047F, 0x049F, 0x04BF, 0x04DF, 0x04FF, 0x057F, 0x263F, 0x2D9C, 0x1B51,
  0x1107, 0x10C5, 0x10C5, 0x10C6, 0x10C5, 0x10C5, 0x10C5, 0x10C5, 0x10C5, 0x10C5, 0x10C5, 0x10C5,
  0x10C5, 0x10C5, 0x10C5, 0x10C5, 0x10C5, 0x10C5, 0x10C5, 0x10C5, 0x10C5, 0x10C5, 0x10C5, 0x10C5,
  0x10C5, 0x10C5, 0x10C5, 0x10C5, 0x10C5, 0x10C5, 0x10C5, 0x10C5, 0x10C5, 0x10C5, 0x10C5, 0x10C5,
  0x10C6, 0x5E7B, 0x477F, 0x677F, 0x9F1E, 0x10C5, 0x10C5, 0x10C5, 0x10C5, 0x10C5, 0x10C5, 0x10C5,
  0x10C5, 0x10C5, 0x10C5, 0x10C5, 0x10C5, 0x10C5, 0xDB92, 0xFB53, 0xFA91, 0xF2D1, 0x3126, 0x10C5,
  0x10C5, 0x10C5, 0x10C5, 0x10C5, 0x10C5, 0x10C5, 0x10C5, 0x10C5, 0x10C5, 0x10C5, 0x10C5, 0x10C5,
  0x2105, 0x10C5, 0x10C5, 0x10C5, 0x10C5, 0x10C5, 0x10C5, 0x10C5, 0x10C5, 0x10C5, 0x10C5, 0x10C5,
  0x10C5, 0x10C5, 0x10C5, 0x10C5, 0x10C5, 0x10C5, 0x10C5, 0x10C5, 0x10C5, 0x10C5, 0x10C5, 0x10C5,
  0x4909, 0xB0D1, 0xF076, 0xF817, 0xE015, 0xE015, 0xE016, 0xE016, 0xD816, 0xD816, 0xD816, 0xE819,
  0xF93D, 0xC1F7, 0x61CD, 0x1105, 0x10C5, 0x10C5, 0x10C5, 0x10C5, 0x10C5, 0x10C5, 0x10C5, 0x10C5,
  0x10C5, 0x390A, 0x9914, 0xD8BD, 0xD87E, 0xC05C, 0xB05C, 0xB05C, 0xB05D, 0xB05D, 0xB8BF, 0xC9BF,
  0xAAD7, 0x4A0C, 0x10E5, 0x10C5, 0x10C5, 0x31C9, 0x7AD3, 0xA2BD, 0x999F, 0x88DF, 0x88FF, 0x891F,
  0x80FF, 0x78FF, 0x893F, 0x91BF, 0x79F8, 0x396D, 0x10C5, 0x10C5, 0x10C5, 0x10C6, 0x10C5, 0x10C5,
  0x10C5, 0x10C5, 0x10C5, 0x322A, 0x6456, 0x655F, 0x345F, 0x0BBF, 0x0BFF, 0x0C5F, 0x045F, 0x047F,
  0x049F, 0x04BF, 0x051F, 0x1DDF, 0x2D5C, 0x2351, 0x1127, 0x10C5, 0x10C5, 0x10C6, 0x10C5, 0x10C5,
  0x10C5, 0x10C5, 0x10C5, 0x10C5, 0x10C5, 0x10C5, 0x10C5, 0x10C5, 0x10C5, 0x10C5, 0x10C5, 0x10C5,
  0x10C5, 0x10C5, 0x10C5, 0x10C5, 0x10C5, 0x10C5, 0x10C5, 0x10C5, 0x10C5, 0x10C5, 0x10C5, 0x10C5,
  0x10C5, 0x10C5, 0x10C5, 0x10C5, 0x10C5, 0x10C5, 0x10C5, 0x10C5, 0x10E6, 0x667B, 0x4F7F, 0x677F,
  0x9EFE, 0x10C5, 0x10C5, 0x10C5, 0x10C5, 0x10C5, 0x10C5, 0x10C5, 0x10C5, 0x10C5, 0x10C5, 0x10C5,
  0x10C5, 0x10C5, 0xD372, 0xFB33, 0xFA71, 0xF2D1, 0x3126, 0x10C5, 0x10C5, 0x10C5, 0x10C5, 0x10C5,
  0x10C5, 0x10C5, 0x10C5, 0x10C5, 0x10C5, 0x10C5, 0x10C5, 0x10C5, 0xD575, 0xBCD3, 0x4987, 0x10C5,
  0x10C5, 0x10C5, 0x10C5, 0x10C5, 0x10C5, 0x10C5, 0x10C5, 0x10C5, 0x10C5, 0x10C5, 0x10C5, 0x10C5,
  0x10C5, 0x10C5, 0x10C5, 0x10C5, 0x10C5, 0x10C5, 0x10C5, 0x10C5, 0x10C5, 0x10C5, 0x4109, 0xA8F2,
  0xF897, 0xF818, 0xE016, 0xD815, 0xD816, 0xE016, 0xD816, 0xD816, 0xD016, 0xE019, 0xF13D, 0xD259,
  0x61AD, 0x10C5, 0x10C5, 0x10C5, 0x10C5, 0x10C5, 0x10C5, 0x10C5, 0x10C5, 0x10C5, 0x10C5, 0x3109,
  0x8933, 0xD0DC, 0xD07E, 0xB85D, 0xB05C, 0xB07D, 0xB07D, 0xB05D, 0xC0FF, 0xC9FF, 0xA258, 0x628F,
  0x8AF5, 0xB27E, 0xA17F, 0x90BF, 0x90DE, 0x911E, 0x891E, 0x88FF, 0x991F, 0xA19F, 0x79B7, 0x314B,
  0x10C5, 0x10C5, 0x10C5, 0x10C6, 0x10C5, 0x10C5, 0x10C5, 0x10C5, 0x10C5, 0x1968, 0x6476, 0x753F,
  0x341F, 0x135F, 0x137F, 0x13FF, 0x141F, 0x0C3F, 0x043F, 0x043F, 0x04DF, 0x1D7F, 0x24FB, 0x1B11,
  0x10E6, 0x10C5, 0x10C5, 0x10C6, 0x10C5, 0x10C5, 0x10C5, 0x10C5, 0x10C5, 0x10C5, 0x10C5, 0x10C5,
  0x10C5, 0x10C5, 0x10C5, 0x10C5, 0x10C5, 0x10C5, 0x10C5, 0x10C5, 0x10C5, 0x10C5, 0x10C5, 0x10C5,
  0x10C5, 0x10C5, 0x10C5, 0x10C5, 0x10C5, 0x10C5, 0x10C5, 0x10C5, 0x10C5, 0x10C5, 0x10C5, 0x10C5,
  0x10C5, 0x10C5, 0x10C5, 0x10C5, 0x10E6, 0x667B, 0x4F7F, 0x677F, 0x9F1D, 0x10C5, 0x10C5, 0x10C5,
  0x10C5, 0x10C5, 0x10C5, 0x10C5, 0x10C5, 0x10C5, 0x10C5, 0x10C5, 0x10C5, 0x10C5, 0xD332, 0xFB12,
  0xFA71, 0xF2B1, 0x3126, 0x10C5, 0x10C5, 0x10C5, 0x10C5, 0x10C5, 0x10C5, 0x10C5, 0x10C5, 0x10C5,
  0x10C5, 0x10C5, 0x10C5, 0x10C5, 0xE5D8, 0xFF3F, 0xFE9C, 0xBCB3, 0x51E8, 0x10C5, 0x10C5, 0x10C5,
  0x10C5, 0x10C5, 0x10C5, 0x10C5, 0x10C5, 0x10C5, 0x10C5, 0x10C5, 0x10C5, 0x10C5, 0x10C5, 0x10C5,
  0x10C5, 0x10C5, 0x10C5, 0x10C5, 0x10C5, 0x10C5, 0x10C5, 0x10C5, 0x4109, 0xA912, 0xF078, 0xF018,
  0xD816, 0xD815, 0xD816, 0xD816, 0xD817, 0xD017, 0xD017, 0xE83B, 0xE95B, 0x18E6, 0x10C5, 0x10C5,
  0x10C5, 0x10C5, 0x10C5, 0x10C5, 0x10C5, 0x10C5, 0x10C6, 0x10C5, 0x10C5, 0x2908, 0x8153, 0xC8FC,
  0xD09F, 0xB07D, 0xA87C, 0xB09D, 0xB09D, 0xA81E, 0xC0FF, 0xDADF, 0xA95F, 0x989F, 0x90DE, 0x98FE,
  0x90DE, 0x90DF, 0xA11F, 0xA99F, 0x81B6, 0x314B, 0x10C5, 0x10C5, 0x10C5, 0x10C6, 0x10C5, 0x10C5,
  0x10C5, 0x10C5, 0x10C5, 0x10C6, 0x10C5, 0x3291, 0x545F, 0x231F, 0x1B3F, 0x1B9F, 0x1BBF, 0x13FF,
  0x13FF, 0x141F, 0x147F, 0x1CFF, 0x24BC, 0x1AD0, 0x1106, 0x10C5, 0x10C5, 0x10C6, 0x10C5, 0x10C5,
  0x10C5, 0x10C5, 0x10C5, 0x10C5, 0x10C5, 0x10C5, 0x10C5, 0x10C5, 0x10C5, 0x10C5, 0x10C5, 0x10C5,
  0x10C5, 0x10C5, 0x10C6, 0x10E6, 0x10E6, 0x10E6, 0x10E6, 0x10C6, 0x10C5, 0x10C5, 0x10C5, 0x10C5,
  0x10C5, 0x10C5, 0x10C5, 0x10C5, 0x10C5, 0x10C5, 0x10C5, 0x10C5, 0x10C5, 0x10C5, 0x10C5, 0x10C5,
  0x10E6, 0x6E9C, 0x4F7F, 0x677F, 0x96FD, 0x10C5, 0x10C5, 0x10C5, 0x10C5, 0x10C5, 0x10C5, 0x10C5,
  0x10C5, 0x10C5, 0x10C5, 0x10C5, 0x10C5, 0x10C5, 0xD352, 0xFAF2, 0xFA50, 0xF290, 0x3126, 0x10C5,
  0x10C5, 0x10C5, 0x10C5, 0x10C5, 0x10C5, 0x10C5, 0x10C5, 0x10C5, 0x10C5, 0x10C5, 0x10C5, 0x10A5,
  0xDD36, 0xFE3C, 0xFE1B, 0xFF1F, 0xFEFD, 0xC535, 0x626A, 0x10A5, 0x10C5, 0x10C5, 0x10C5, 0x10C5,
  0x10C5, 0x10C5, 0x10C5, 0x10C5, 0x10C5, 0x10C5, 0x10C5, 0x10C5, 0x10C5, 0x10C5, 0x10C5, 0x10C5,
  0x10C5, 0x10C5, 0x10C5, 0x10C5, 0x10C5, 0x10C5, 0x38E9, 0xA0F1, 0xE898, 0xF019, 0xD816, 0xD015,
  0xD016, 0xD817, 0xD017, 0xD818, 0xD8B9, 0x20E7, 0x10C5, 0x10C5, 0x10C5, 0x10C5, 0x10C5, 0x10C5,
  0x10C5, 0x10C5, 0x10C5, 0x10C5, 0x10C6, 0x10C5, 0x10C5, 0x2908, 0x7912, 0xC11C, 0xC8BF, 0xB89E,
  0xA89D, 0xA89D, 0xA8DE, 0xB95F, 0x989E, 0x98FE, 0x90DE, 0x98DF, 0xA91F, 0xA15E, 0x7975, 0x314B,
  0x10C5, 0x10C5, 0x10C5, 0x10C6, 0x10C5, 0x10C5, 0x10C5, 0x10C5, 0x10C5, 0x10C5, 0x10C5, 0x10C6,
  0x10C5, 0x3292, 0x43DF, 0x335F, 0x2B7F, 0x23BF, 0x1BBF, 0x13BF, 0x243F, 0x2CDF, 0x2C5B, 0x22B0,
  0x1107, 0x10C5, 0x10C5, 0x10C6, 0x10C5, 0x10C5, 0x10C5, 0x10C5, 0x10C5, 0x10C5, 0x10C5, 0x10C5,
  0x10C5, 0x10C5, 0x10C5, 0x10C5, 0x10C5, 0x10C5, 0x10C5, 0x10C6, 0x10C6, 0x10C5, 0x10C5, 0x10C5,
  0x10C5, 0x10C5, 0x10C5, 0x10C5, 0x10C6, 0x10C6, 0x10C5, 0x10C5, 0x10C5, 0x10C5, 0x10C5, 0x10C5,
  0x10C5, 0x10C5, 0x10C5, 0x10C5, 0x10C5, 0x10C5, 0x10C5, 0x10C5, 0x1106, 0x6EBC, 0x577F, 0x6F7F,
  0x9F1E, 0x10C5, 0x10C5, 0x10C5, 0x10C5, 0x10C5, 0x10C5, 0x10C5, 0x10C5, 0x10C5, 0x10C5, 0x10C5,
  0x10C5, 0x10C5, 0xD352, 0xFAF2, 0xFA50, 0xF2B0, 0x3126, 0x10C5, 0x10C5, 0x10C5, 0x10C5, 0x10C5,
  0x10C5, 0x10C5, 0x10C5, 0x10C5, 0x10C5, 0x10C5, 0x10C5, 0x18A5, 0xE536, 0xFE5C, 0xFDDA, 0xFD99,
  0xFDDA, 0xFF5F, 0xFF7F, 0xCD15, 0x49A8, 0x10C5, 0x10C5, 0x10C5, 0x10C5, 0x10C5, 0x10C5, 0x10C5,
  0x10C5, 0x10C5, 0x10C5, 0x10C5, 0x10C5, 0x10C5, 0x10C5, 0x10C5, 0x10C5, 0x10C5, 0x10C5, 0x10C5,
  0x10C5, 0x10C5, 0x10C5, 0x10C5, 0x38E9, 0xA0D1, 0xF098, 0xF039, 0xD816, 0xD016, 0xD017, 0xE019,
  0xD8F9, 0x18E6, 0x10C5, 0x10C5, 0x10C5, 0x10C5, 0x10C5, 0x10C5, 0x10C5, 0x10C5, 0x10C5, 0x10C5,
  0x10C5, 0x10C6, 0x10C6, 0x10C5, 0x10C5, 0x2107, 0x7131, 0xB93B, 0xD0FF, 0xB07E, 0xA89D, 0xB93F,
  0x989E, 0x98DE, 0xB0FF, 0xB95E, 0x8195, 0x2929, 0x10C5, 0x10C5, 0x10C5, 0x10C5, 0x10C5, 0x10C5,
  0x10C5, 0x10C5, 0x10C5, 0x10C5, 0x10C5, 0x10C5, 0x10C5, 0x10C6, 0x10C5, 0x3AB2, 0x4C1F, 0x333F,
  0x2B7F, 0x237F, 0x2BFF, 0x349F, 0x2C3A, 0x2290, 0x10E6, 0x10C5, 0x10C5, 0x10C6, 0x10C5, 0x10C5,
  0x10C5, 0x10C5, 0x10C5, 0x10C5, 0x10C5, 0x10C5, 0x10C5, 0x10C5, 0x10C5, 0x10C5, 0x10C5, 0x10C5,
  0x10C5, 0x10C6, 0x10C5, 0x10C5, 0x10C5, 0x1168, 0x3AAC, 0x5BB0, 0x7452, 0x6411, 0x4B0E, 0x21C9,
  0x10C5, 0x10C5, 0x10C6, 0x10C5, 0x10C5, 0x10C5, 0x10C5, 0x10C5, 0x10C5, 0x10C5, 0x10C5, 0x10C5,
  0x10C5, 0x10C5, 0x10C5, 0x10C5, 0x10C6, 0x6E7B, 0x577F, 0x6F7F, 0x9F1E, 0x10C5, 0x10C5, 0x10C5,
  0x10C5, 0x10C5, 0x10C5, 0x10C5, 0x10C5, 0x10C5, 0x10C5, 0x10C5, 0x10C5, 0x10C5, 0xDB32, 0xFAB1,
  0xFA30, 0xF290, 0x3126, 0x10C5, 0x10C5, 0x10C5, 0x10C5, 0x10C5, 0x10C5, 0x10C5, 0x10C5, 0x10C5,
  0x10C5, 0x10C5, 0x10C5, 0x18A5, 0xE557, 0xFE5C, 0xFD99, 0xFD79, 0xFD59, 0xFD9A, 0xFDDB, 0xFE9E,
  0xFE9C, 0x51C8, 0x10C5, 0x10C5, 0x10C5, 0x10C5, 0x10C5, 0x10C5, 0x10C5, 0x10C5, 0x10C5, 0x10C5,
  0x10C5, 0x10C5, 0x10C5, 0x10C5, 0x10C5, 0x10C5, 0x10C5, 0x10C5, 0x10C5, 0x10C5, 0x10C5, 0x10C6,
  0x10C5, 0x10C5, 0x38E8, 0x98D2, 0xE878, 0xF03A, 0xD817, 0xD818, 0xD8B9, 0x18E6, 0x10C5, 0x10C5,
  0x10C5, 0x10C5, 0x10C5, 0x10C5, 0x10C5, 0x10C5, 0x10C5, 0x10C5, 0x10C5, 0x10C5, 0x10C5, 0x10C5,
  0x10C6, 0x10C5, 0x10C5, 0x18E6, 0x6130, 0xB0FA, 0xD13F, 0xC99F, 0xB91F, 0xB95E, 0x8195, 0x3129,
  0x10C5, 0x10C5, 0x10C6, 0x10C5, 0x10C5, 0x10C5, 0x10C5, 0x10C5, 0x10C5, 0x10C5, 0x10C5, 0x10C5,
  0x10C5, 0x10C5, 0x10C5, 0x10C6, 0x10C5, 0x3272, 0x4BDF, 0x3B3E, 0x3B9F, 0x441F, 0x3BFB, 0x226F,
  0x08E6, 0x10C5, 0x10C5, 0x10C6, 0x10C5, 0x10C5, 0x10C5, 0x10C5, 0x10C5, 0x10C5, 0x10C5, 0x10C5,
  0x10C5, 0x10C5, 0x10C5, 0x10C5, 0x10C5, 0x10C5, 0x10C6, 0x10C6, 0x10C5, 0x10C5, 0x0906, 0x4B6F,
  0x9DD8, 0xCF7D, 0xDFFF, 0xF7FF, 0xF7FF, 0xE7FF, 0xEFFF, 0xD7BE, 0x8D76, 0x220A, 0x10C5, 0x10C6,
  0x10C5, 0x10C5, 0x10C5, 0x10C5, 0x10C5, 0x10C5, 0x10C5, 0x10C5, 0x10C5, 0x10C5, 0x10C5, 0x10C5,
  0x10E6, 0x6E7B, 0x577F, 0x675F, 0x971E, 0x10C5, 0x10C5, 0x10C5, 0x10C5, 0x10C5, 0x10C5, 0x10C5,
  0x10C5, 0x10C5, 0x10C5, 0x10C5, 0x10C5, 0x10C5, 0xD311, 0xFA91, 0xFA0F, 0xF290, 0x3126, 0x10C5,
  0x10C5, 0x10C5, 0x10C5, 0x10C5, 0x10C5, 0x10C5, 0x10C5, 0x10C5, 0x10C5, 0x10C5, 0x10C5, 0x18A5,
  0xE516, 0xFE3C, 0xFD78, 0xFD58, 0xFD58, 0xFD38, 0xFCF8, 0xF579, 0xFF3F, 0xBC92, 0x10C5, 0x10C5,
  0x10C5, 0x10C5, 0x10C5, 0x10C5, 0x10C5, 0x10C5, 0x10C5, 0x10C5, 0x10C5, 0x10C5, 0x10C5, 0x10C5,
  0x10C5, 0x10C5, 0x10C5, 0x10C5, 0x10C5, 0x10C5, 0x10C5, 0x10C5, 0x10C6, 0x10C6, 0x10C5, 0x10C5,
  0x30E8, 0x9111, 0xE0B9, 0xF87C, 0xE0FA, 0x18E6, 0x10C5, 0x10C5, 0x10C6, 0x10C6, 0x10C5, 0x10C5,
  0x10C5, 0x10C5, 0x10C5, 0x10C5, 0x10C5, 0x10C5, 0x10C5, 0x10C5, 0x10C5, 0x10C5, 0x10C6, 0x10C5,
  0x10C5, 0x10E6, 0x618F, 0xAA19, 0x7994, 0x2929, 0x10C5, 0x10C5, 0x10C6, 0x10C6, 0x10C5, 0x10C5,
  0x10C5, 0x10C5, 0x10C5, 0x10C5, 0x10C5, 0x10C5, 0x10C5, 0x10C5, 0x10C6, 0x10C5, 0x10C5, 0x10C6,
  0x10C5, 0x3A92, 0x6C7F, 0x541F, 0x4BBA, 0x2A4F, 0x10E6, 0x10C5, 0x10C5, 0x10C6, 0x10C5, 0x10C5,
  0x10C5, 0x10C5, 0x10C5, 0x10C5, 0x10C5, 0x10C5, 0x10C5, 0x10C5, 0x10C5, 0x10C5, 0x10C5, 0x10C5,
  0x10C5, 0x10C6, 0x10C5, 0x10C5, 0x1147, 0x6431, 0xC6FC, 0xF7FF, 0xE7FF, 0xBFFF, 0xA7BF, 0xAFBF,
  0xA79F, 0xAF9F, 0xD7BF, 0xDFFF, 0xEFFF, 0xDFBE, 0x534E, 0x10C5, 0x10C6, 0x10C5, 0x10C5, 0x10C5,
  0x10C5, 0x10C5, 0x10C5, 0x10C5, 0x10C5, 0x10C5, 0x10C5, 0x10C5, 0x10E6, 0x6E9C, 0x577F, 0x675F,
  0x96FD, 0x10C5, 0x10C5, 0x10C5, 0x10C5, 0x10C5, 0x10C5, 0x10C5, 0x10C5, 0x10C5, 0x10C5, 0x10C5,
  0x10C5, 0x10C5, 0xD311, 0xFA71, 0xF9EF, 0xF290, 0x3126, 0x10C5, 0x10C5, 0x10C5, 0x10C5, 0x10C5,
  0x10C5, 0x10C5, 0x10C5, 0x10C5, 0x10C5, 0x10C5, 0x10C5, 0x18C5, 0xE516, 0xFE5C, 0xFD17, 0xFD37,
  0xFD38, 0xFD18, 0xFCF8, 0xFD18, 0xFEFE, 0xFEBC, 0x3146, 0x10C5, 0x10C5, 0x10C5, 0x10C5, 0x10C5,
  0x10C5, 0x10C5, 0x10C5, 0x10C5, 0x10C5, 0x10C5, 0x10C5, 0x10C5, 0x10C5, 0x10C5, 0x10C5, 0x10C5,
  0x10C5, 0x10C5, 0x10C5, 0x10C5, 0x10C5, 0x10C5, 0x10C6, 0x10C6, 0x10C5, 0x10C5, 0x28E7, 0x9132,
  0xC1B7, 0x18C6, 0x10C5, 0x10C5, 0x10C5, 0x10C5, 0x10C5, 0x10C6, 0x10C5, 0x10C5, 0x10C5, 0x10C5,
  0x10C5, 0x10C5, 0x10C5, 0x10C5, 0x10C5, 0x10C5, 0x10C5, 0x10C5, 0x10C6, 0x10C5, 0x10C5, 0x10C5,
  0x10C5, 0x10C5, 0x10C6, 0x10C6, 0x10C5, 0x10C5, 0x10C5, 0x10C5, 0x10C5, 0x10C5, 0x10C5, 0x10C5,
  0x10C5, 0x10C5, 0x10C6, 0x10C5, 0x10C5, 0x10C5, 0x10C5, 0x10C6, 0x10C5, 0x2A2E, 0x5C19, 0x220E,
  0x08E6, 0x10C5, 0x10C5, 0x10C6, 0x10C5, 0x10C5, 0x10C5, 0x10C5, 0x10C5, 0x10C5, 0x10C5, 0x10C5,
  0x10C5, 0x10C5, 0x10C5, 0x10C5, 0x10C5, 0x10C5, 0x10C6, 0x10C5, 0x10C5, 0x10C5, 0x19C9, 0x6CB4,
  0xCF3D, 0xEFFF, 0xBFFF, 0x979F, 0x7F9F, 0x7F9F, 0x87BF, 0x8FBF, 0x8FBF, 0x8FBF, 0x97BF, 0x97BF,
  0xB79F, 0xEFFF, 0xE7FF, 0x42ED, 0x10C5, 0x10C6, 0x10C5, 0x10C5, 0x10C5, 0x10C5, 0x10C5, 0x10C5,
  0x10C5, 0x10C5, 0x10C5, 0x10C5, 0x10E6, 0x6E9C, 0x577F, 0x675F, 0x8EFD, 0x10C5, 0x10C5, 0x10C5,
  0x10C5, 0x10C5, 0x10C5, 0x10C5, 0x10C5, 0x10C5, 0x10C5, 0x10C5, 0x10C5, 0x10C5, 0xD311, 0xFA70,
  0xF9CE, 0xF270, 0x3126, 0x10C5, 0x10C5, 0x10C5, 0x10C5, 0x10C5, 0x10C5, 0x10C5, 0x10C5, 0x10C5,
  0x10C5, 0x10C5, 0x10C5, 0x18C5, 0xE537, 0xFE1B, 0xFCD6, 0xFCF7, 0xFCD7, 0xFCD7, 0xFCB7, 0xFC96,
  0xF5FB, 0xFF7F, 0x932E, 0x10C5, 0x10C6, 0x10C5, 0x10C5, 0x10C5, 0x10C5, 0x10C5, 0x10C5, 0x10C5,
  0x10C5, 0x10C5, 0x10C5, 0x10C5, 0x10C5, 0x10C5, 0x10C5, 0x10C5, 0x10C5, 0x10C5, 0x10C5, 0x10C5,
  0x10C5, 0x10C5, 0x10C5, 0x10C5, 0x10C5, 0x10C6, 0x10C5, 0x10C5, 0x10E5, 0x10C5, 0x10C6, 0x10C5,
  0x622E, 0x7A50, 0x1906, 0x10C5, 0x10C5, 0x10C6, 0x10C6, 0x10C5, 0x10C5, 0x10C5, 0x10C5, 0x10C5,
  0x10C5, 0x10C5, 0x10C5, 0x10C5, 0x10C5, 0x10C5, 0x10C6, 0x10C5, 0x10C6, 0x10C5, 0x10C5, 0x10C5,
  0x10C5, 0x10C5, 0x10C5, 0x10C5, 0x10C5, 0x10C5, 0x10C5, 0x10C5, 0x10C6, 0x10C5, 0x10C5, 0x10E5,
  0x4A8D, 0x8436, 0x10E7, 0x10C5, 0x10C5, 0x10C5, 0x10C5, 0x10C5, 0x10C5, 0x10C6, 0x10C5, 0x10C5,
  0x10C5, 0x10C5, 0x10C5, 0x10C5, 0x10C5, 0x10C5, 0x10C5, 0x10C5, 0x10C5, 0x10C5, 0x10C5, 0x10C5,
  0x10C6, 0x10C5, 0x10C5, 0x10C5, 0x2A4B, 0x8D56, 0xDFBE, 0xD7FF, 0xA7DF, 0x7F7F, 0x777F, 0x7F9F,
  0x87BF, 0x87BF, 0x8FBF, 0x8FBF, 0x8FBF, 0x97BF, 0x97BF, 0x97BF, 0x8F9F, 0xB7BF, 0xEFFF, 0xD77E,
  0x1988, 0x10C5, 0x10C6, 0x10C5, 0x10C5, 0x10C5, 0x10C5, 0x10C5, 0x10C5, 0x10C5, 0x10C5, 0x10C5,
  0x10E6, 0x6E7C, 0x577F, 0x5F5F, 0x8EFD, 0x10C5, 0x10C5, 0x10C5, 0x10C5, 0x10C5, 0x10C5, 0x10C5,
  0x10C5, 0x10C5, 0x10C5, 0x10C5, 0x10C5, 0x10C5, 0xD311, 0xFA50, 0xF9CE, 0xF24F, 0x3126, 0x10C5,
  0x10C5, 0x10C5, 0x10C5, 0x10C5, 0x10C5, 0x10C5, 0x10C5, 0x10C5, 0x10C5, 0x10C5, 0x10C5, 0x18C5,
  0xE516, 0xFDDA, 0xFC75, 0xFCB6, 0xFC96, 0xFC95, 0xFC76, 0xFC55, 0xFCB7, 0xFF5F, 0xEDF8, 0x18E5,
  0x10C5, 0x10C5, 0x10C5, 0x10C5, 0x10C5, 0x10C5, 0x10C5, 0x10C5, 0x10C5, 0x10C5, 0x10C5, 0x10C5,
  0x10C5, 0x10C5, 0x10C5, 0x10C5, 0x10C5, 0x10C5, 0x10C5, 0x10C5, 0x10C5, 0x10C5, 0x10C5, 0x10C5,
  0x10C5, 0x10C5, 0x10C5, 0x10C6, 0x10C5, 0x10C5, 0x10C6, 0x10C5, 0x9A73, 0xFADF, 0xE25A, 0x8271,
  0x2147, 0x10C5, 0x10C5, 0x10C6, 0x10C5, 0x10C5, 0x10C5, 0x10C5, 0x10C5, 0x10C5, 0x10C5, 0x10C5,
  0x10C5, 0x10C5, 0x10C5, 0x10C5, 0x10C5, 0x10C5, 0x10C5, 0x10C5, 0x10C5, 0x10C5, 0x10C5, 0x10C5,
  0x10C5, 0x10C5, 0x10C6, 0x10C5, 0x10C5, 0x1906, 0x52CE, 0x9C7A, 0xCDBF, 0xAD1D, 0x1106, 0x10C5,
  0x10C5, 0x10C5, 0x10C5, 0x10C6, 0x10C5, 0x10C5, 0x10C5, 0x10C5, 0x10C5, 0x10C5, 0x10C5, 0x10C5,
  0x10C5, 0x10C5, 0x10C5, 0x10C5, 0x10C5, 0x10C6, 0x10C6, 0x10C5, 0x10C5, 0x10C5, 0x3ACD, 0x95B7,
  0xE7FF, 0xD7FF, 0x8F9F, 0x6F5F, 0x6F9F, 0x779F, 0x7F9F, 0x7F9F, 0x7F9F, 0x87BF, 0x87BF, 0x87BF,
  0x87BF, 0x8FBF, 0x8FBF, 0x8FBF, 0x97BF, 0x879F, 0xBF9F, 0xFFFF, 0x7CF5, 0x10C5, 0x10C6, 0x10C5,
  0x10C5, 0x10C5, 0x10C5, 0x10C5, 0x10C5, 0x10C5, 0x10C5, 0x10C5, 0x10C6, 0x6E7B, 0x577F, 0x5F5F,
  0x8EFE, 0x10C5, 0x10C5, 0x10C5, 0x10C5, 0x10C5, 0x10C5, 0x10C5, 0x10C5, 0x10C5, 0x10C5, 0x10C5,
  0x10C5, 0x10C5, 0xD2D0, 0xFA30, 0xF9AE, 0xF24F, 0x3126, 0x10C5, 0x10C5, 0x10C5, 0x10C5, 0x10C5,
  0x10C5, 0x10C5, 0x10C5, 0x10C5, 0x10C5, 0x10C5, 0x10C5, 0x18C5, 0xE536, 0xFDDA, 0xFC54, 0xFC54,
  0xFC54, 0xFC54, 0xFC55, 0xFC55, 0xFBF4, 0xFE3B, 0xFF7F, 0x6A4A, 0x10C5, 0x10C6, 0x10C5, 0x10C5,
  0x10C5, 0x10C5, 0x10C5, 0x10C5, 0x10C5, 0x10C5, 0x10C5, 0x10C5, 0x10C5, 0x10C5, 0x10C5, 0x10C5,
  0x10C5, 0x10C5, 0x10C5, 0x10C5, 0x10C5, 0x10C5, 0x10C5, 0x10C5, 0x10C5, 0x10C5, 0x10C5, 0x10C5,
  0x10C5, 0x10C5, 0x10C5, 0x10C5, 0x20E7, 0x81D1, 0xEA7C, 0xFB1F, 0xEAFD, 0x8252, 0x3168, 0x10C5,
  0x10C5, 0x10C5, 0x10C6, 0x10C5, 0x10C5, 0x10C5, 0x10C5, 0x10C5, 0x10C5, 0x10C5, 0x10C5, 0x10C5,
  0x10C5, 0x10C5, 0x10C5, 0x10C5, 0x10C5, 0x10C5, 0x10C5, 0x10C6, 0x10C6, 0x10C5, 0x10C5, 0x1947,
  0x6330, 0xACFC, 0xD57F, 0xB4DF, 0x6B94, 0x2189, 0x10C5, 0x10C5, 0x10C5, 0x10C5, 0x10C5, 0x10C5,
  0x10C5, 0x10C5, 0x10C5, 0x10C5, 0x10C5, 0x10C5, 0x10C5, 0x10C5, 0x10C5, 0x10C5, 0x10C5, 0x10C5,
  0x10C6, 0x10C5, 0x10C5, 0x0927, 0x4B6F, 0xAE7A, 0xCFFF, 0xBFFF, 0x8F9F, 0x677F, 0x677F, 0x779F,
  0x779F, 0x779F, 0x779F, 0x7F7F, 0x7F9F, 0x7FBF, 0x7FBF, 0x7F9F, 0x87BF, 0x87BF, 0x879F, 0x8FBF,
  0x8FBF, 0x8FBF, 0x979F, 0xDFDF, 0xC77E, 0x1989, 0x10C5, 0x10C5, 0x10C5, 0x10C5, 0x10C5, 0x10C5,
  0x10C5, 0x10C5, 0x10C5, 0x10C5, 0x10E6, 0x669B, 0x577F, 0x5F5F, 0x8EFE, 0x10C5, 0x10C5, 0x10C5,
  0x10C5, 0x10C5, 0x10C5, 0x10C5, 0x10C5, 0x10C5, 0x10C5, 0x10C5, 0x10C5, 0x10C5, 0xD2B0, 0xFA0F,
  0xF9AE, 0xF22F, 0x3126, 0x10C5, 0x10C5, 0x10C5, 0x10C5, 0x10C5, 0x10C5, 0x10C5, 0x10C5, 0x10C5,
  0x10C5, 0x10C5, 0x10C5, 0x18C5, 0xE516, 0xFD99, 0xFC13, 0xFC13, 0xFBF3, 0xFC34, 0xFC14, 0xFC14,
  0xFBD3, 0xFCB6, 0xFF5F, 0xC494, 0x10A5, 0x10C5, 0x10C5, 0x10C5, 0x10C5, 0x10C5, 0x10C5, 0x10C5,
  0x10C5, 0x10C5, 0x10C5, 0x10C5, 0x10C5, 0x10C5, 0x10C5, 0x10C5, 0x10C5, 0x10C5, 0x10C5, 0x10C5,
  0x10C5, 0x10C5, 0x10C5, 0x10C5, 0x10C5, 0x10C5, 0x10C5, 0x10C5, 0x10C5, 0x10C5, 0x10C5, 0x10C5,
  0x10C5, 0x10C5, 0x2107, 0x71D0, 0xDA5B, 0xFB1F, 0xF37E, 0x9B14, 0x41CB, 0x10C5, 0x10C5, 0x10C5,
  0x10C6, 0x10C5, 0x10C5, 0x10C5, 0x10C5, 0x10C5, 0x10C5, 0x10C5, 0x10C5, 0x10C5, 0x10C5, 0x10C5,
  0x10C5, 0x10C6, 0x10C6, 0x10C5, 0x10C5, 0x2188, 0x6B51, 0xB4DD, 0xD59F, 0xACDE, 0x6B33, 0x2168,
  0x10C5, 0x10C5, 0x10C5, 0x10C5, 0x10C5, 0x10C5, 0x10C5, 0x10C5, 0x10C5, 0x10C5, 0x10C5, 0x10C5,
  0x10C5, 0x10C5, 0x10C5, 0x10C5, 0x10C5, 0x10C6, 0x10C5, 0x10C5, 0x10C5, 0x19A9, 0x6C93, 0xC73D,
  0xEFFF, 0xB7FF, 0x6F5F, 0x5F5F, 0x679F, 0x6F9F, 0x6F9F, 0x779F, 0x779F, 0x779F, 0x779F, 0x777F,
  0x7F9F, 0x7F9F, 0x7F9F, 0x7F9F, 0x87BF, 0x879F, 0x87BF, 0x87BF, 0x87BF, 0x8FBF, 0x87BF, 0xBFBF,
  0xDFFF, 0x432F, 0x10C5, 0x10C6, 0x10C5, 0x10C5, 0x10C5, 0x10C5, 0x10C5, 0x10C5, 0x10C5, 0x10C5,
  0x10E6, 0x6E9C, 0x577F, 0x5F5F, 0x86DE, 0x10C5, 0x10C5, 0x10C5, 0x10C5, 0x10C5, 0x10C5, 0x10C5,
  0x10C5, 0x10C5, 0x10C5, 0x10C5, 0x10C5, 0x10C5, 0xD2B0, 0xFA0F, 0xF9AE, 0xF22F, 0x3126, 0x10C5,
  0x10C5, 0x10C5, 0x10C5, 0x10C5, 0x10C5, 0x10C5, 0x10C5, 0x10C5, 0x10C5, 0x10C5, 0x10C5, 0x18C5,
  0xE4F5, 0xFD99, 0xFBF2, 0xFBD2, 0xFBD2, 0xFBD2, 0xFBD3, 0xFBD3, 0xFBD3, 0xFB93, 0xFE5C, 0xFEBC,
  0x4187, 0x10C5, 0x10C5, 0x10C5, 0x10C5, 0x10C5, 0x10C5, 0x10C5, 0x10C5, 0x10C5, 0x10C5, 0x10C5,
  0x10C5, 0x10C5, 0x10C5, 0x10C5, 0x10C5, 0x10C5, 0x10C5, 0x10C5, 0x10C5, 0x10C5, 0x10C5, 0x10C5,
  0x10C5, 0x10C5, 0x10C5, 0x10C5, 0x10C5, 0x10C5, 0x10C5, 0x10C5, 0x10C5, 0x10C6, 0x10C5, 0x10C5,
  0x18E6, 0x69CF, 0xCAD9, 0xFB9F, 0xFBBF, 0xB336, 0x51EC, 0x08C5, 0x10C5, 0x10C5, 0x10C6, 0x10C5,
  0x10C5, 0x10C5, 0x10C5, 0x10C5, 0x10C5, 0x10C5, 0x10C5, 0x10C6, 0x10C5, 0x10C5, 0x10C5, 0x31CA,
  0x8394, 0xCCFE, 0xEDDF, 0xB4BD, 0x5AB1, 0x1948, 0x10C5, 0x10C5, 0x10C6, 0x10C6, 0x10C5, 0x10C5,
  0x10C5, 0x10C5, 0x10C5, 0x10C5, 0x10C5, 0x10C5, 0x10C5, 0x10C5, 0x10C5, 0x10C5, 0x10C5, 0x10C6,
  0x10C5, 0x10C5, 0x10C5, 0x2A4B, 0x8515, 0xD79E, 0xE7FF, 0xAFDF, 0x6F5F, 0x575F, 0x677F, 0x6F7F,
  0x6F7F, 0x6F7F, 0x6F7F, 0x6F9F, 0x6F9F, 0x779F, 0x779F, 0x779F, 0x779F, 0x7F9F, 0x7F9F, 0x7FBF,
  0x7FBF, 0x7F9F, 0x7F9F, 0x87BF, 0x879F, 0x8FBF, 0x7FBF, 0x9F9F, 0xEFFF, 0x6453, 0x10C5, 0x10E6,
  0x10C5, 0x10C5, 0x10C5, 0x10C5, 0x10C5, 0x10C5, 0x10C5, 0x10C5, 0x10E6, 0x667C, 0x577F, 0x675F,
  0x8EFE, 0x10C5, 0x10C5, 0x10C5, 0x10C5, 0x10C5, 0x10C5, 0x10C5, 0x10C5, 0x10C5, 0x10C5, 0x10C5,
  0x10C5, 0x10C5, 0xD28F, 0xFA10, 0xF98E, 0xF20F, 0x3106, 0x10C5, 0x10C5, 0x10C5, 0x10C5, 0x10C5,
  0x10C5, 0x10C5, 0x10C5, 0x10C5, 0x10C5, 0x10C5, 0x10C5, 0x18C5, 0xE4F5, 0xFD78, 0xFB71, 0xFB91,
  0xFB91, 0xFB91, 0xFB91, 0xFB92, 0xFB92, 0xFB32, 0xFCD7, 0xFF9F, 0x9BAF, 0x10C5, 0x10C6, 0x10C5,
  0x10C5, 0x10C5, 0x10C5, 0x10C5, 0x10C5, 0x10C5, 0x10C5, 0x10C5, 0x10C5, 0x10C5, 0x10C5, 0x10C5,
  0x10C5, 0x10C5, 0x10C5, 0x10C5, 0x10C5, 0x10C5, 0x10C5, 0x10C5, 0x10C5, 0x10C5, 0x10C5, 0x10C5,
  0x10C5, 0x10C5, 0x10C5, 0x10C5, 0x10C5, 0x10C5, 0x10C5, 0x10C6, 0x10C5, 0x10C5, 0x10E5, 0x59AD,
  0xBA58, 0xFB1F, 0xFBBF, 0xBBB9, 0x5A8E, 0x1106, 0x10C5, 0x10C5, 0x10C6, 0x10C6, 0x10C5, 0x10C5,
  0x10C5, 0x10C6, 0x10C5, 0x10C5, 0x10C5, 0x422B, 0x9476, 0xDD5F, 0xED9F, 0xB47B, 0x62D0, 0x1927,
  0x10C5, 0x10C5, 0x10C6, 0x10C6, 0x10C5, 0x10C5, 0x10C5, 0x10C5, 0x10C5, 0x10C5, 0x10C5, 0x10C5,
  0x10C5, 0x10C5, 0x10C5, 0x10C5, 0x10C5, 0x10C5, 0x10C5, 0x10C5, 0x08E6, 0x430E, 0x95F8, 0xDFFF,
  0xD7FF, 0x979F, 0x675F, 0x5F5F, 0x677F, 0x6F5F, 0x677F, 0x677F, 0x677F, 0x679F, 0x6F7F, 0x6F7F,
  0x6F7F, 0x6F9F, 0x779F, 0x779F, 0x779F, 0x779F, 0x779F, 0x779F, 0x7FBF, 0x7F9F, 0x7F9F, 0x879F,
  0x87BF, 0x87BF, 0x7FBF, 0x979F, 0xEFFF, 0x74F5, 0x10C5, 0x10C6, 0x10C5, 0x10C5, 0x10C5, 0x10C5,
  0x10C5, 0x10C5, 0x10C5, 0x10C5, 0x10E6, 0x6E7C, 0x577F, 0x677F, 0x8EFE, 0x10C5, 0x10C5, 0x10C5,
  0x10C5, 0x10C5, 0x10C5, 0x10C5, 0x10C5, 0x10C5, 0x10C5, 0x10C5, 0x10C5, 0x10C5, 0xD290, 0xF9EF,
  0xF96E, 0xF1EF, 0x3106, 0x10C5, 0x10C5, 0x10C5, 0x10C5, 0x10C5, 0x10C5, 0x10C5, 0x10C5, 0x10C5,
  0x10C5, 0x10C5, 0x10C5, 0x10C5, 0xDCB5, 0xFD57, 0xFB10, 0xFB50, 0xFB51, 0xFB50, 0xFB50, 0xFB31,
  0xFB51, 0xFB51, 0xFB92, 0xFEFE, 0xE5D8, 0x18C5, 0x10C5, 0x10C5, 0x10C5, 0x10C5, 0x10C5, 0x10C5,
  0x10C5, 0x10C5, 0x10C5, 0x10C5, 0x10C5, 0x10C5, 0x10C5, 0x10C5, 0x10C5, 0x10C5, 0x10C5, 0x10C5,
  0x10E6, 0x10C5, 0x10C5, 0x10C5, 0x10C5, 0x10C5, 0x10C5, 0x10C5, 0x10C5, 0x10C5, 0x10C5, 0x10C5,
  0x10C5, 0x10C5, 0x10C5, 0x10C5, 0x10C5, 0x10C6, 0x10C5, 0x10C5, 0x08C5, 0x498C, 0xB2B7, 0xFBFF,
  0xFC9F, 0xCBDB, 0x6AB0, 0x1927, 0x10C5, 0x10C5, 0x10C6, 0x10C6, 0x10C5, 0x10C5, 0x10E6, 0x526D,
  0xAC58, 0xED7F, 0xED5F, 0xAC5A, 0x526F, 0x1106, 0x10C5, 0x10C5, 0x10C6, 0x10C5, 0x10C5, 0x10C5,
  0x10C5, 0x10C5, 0x10C5, 0x10C5, 0x10C5, 0x10C5, 0x10C5, 0x10C5, 0x10C5, 0x10C5, 0x10C5, 0x10C5,
  0x10C5, 0x10C5, 0x1127, 0x4BB0, 0xA6BB, 0xEFFF, 0xCFFF, 0x7F7F, 0x573F, 0x573F, 0x677F, 0x677F,
  0x677F, 0x675F, 0x677F, 0x677F, 0x677F, 0x677F, 0x677F, 0x6F9F, 0x6F9F, 0x6F7F, 0x7F7F, 0x8F9F,
  0x9FBF, 0x9FBF, 0x979F, 0x7F9F, 0x779F, 0x7FBF, 0x7F9F, 0x7F9F, 0x7FBF, 0x87BF, 0x77BF, 0x979F,
  0xEFFF, 0x7D16, 0x10C5, 0x10C6, 0x10C5, 0x10C5, 0x10C5, 0x10C5, 0x10C5, 0x10C5, 0x10C5, 0x10C5,
  0x10E6, 0x6E9C, 0x577F, 0x5F5F, 0x8EFE, 0x10C5, 0x10C5, 0x10C5, 0x10C5, 0x10C5, 0x10C5, 0x10C5,
  0x10C5, 0x10C5, 0x10C5, 0x10C5, 0x10C5, 0x10C5, 0xD290, 0xF9CF, 0xF96E, 0xF1EF, 0x3106, 0x10C5,
  0x10C5, 0x10C5, 0x10C5, 0x10C5, 0x10C5, 0x10C5, 0x10C5, 0x10C5, 0x10C5, 0x10C5, 0x10C5, 0x18C5,
  0xE4B5, 0xFD17, 0xFACF, 0xFB10, 0xFAF0, 0xFB10, 0xFB10, 0xFB10, 0xFB10, 0xFB51, 0xFAB0, 0xFD59,
  0xFF3F, 0x6A4A, 0x10C5, 0x10C6, 0x10C5, 0x10C5, 0x10C5, 0x10C5, 0x10C5, 0x10C5, 0x10C5, 0x10C5,
  0x10C5, 0x10C5, 0x10C5, 0x10C5, 0x10C5, 0x10C5, 0x10C5, 0x10C5, 0x10C5, 0x10C5, 0x10C5, 0x10C6,
  0x10C5, 0x10C5, 0x10C5, 0x10C5, 0x10C5, 0x10C5, 0x10C5, 0x10C5, 0x10C5, 0x10C5, 0x10C5, 0x10C5,
  0x10C5, 0x10C5, 0x10C5, 0x10C6, 0x10C5, 0x10C5, 0x10C5, 0x49AC, 0xA2B6, 0xF3BF, 0xFC3F, 0xD41C,
  0x8332, 0x29A9, 0x10C5, 0x10C5, 0x1947, 0x6310, 0xBC9A, 0xF53F, 0xECFF, 0xA3F8, 0x420D, 0x08C5,
  0x10C5, 0x10C5, 0x10C6, 0x10C5, 0x10C5, 0x10C5, 0x10C5, 0x10C5, 0x10C5, 0x10C5, 0x10C5, 0x10C5,
  0x10C5, 0x10C5, 0x10C5, 0x10C5, 0x10C5, 0x10C5, 0x10C5, 0x10C5, 0x10E6, 0x10C5, 0x5BF2, 0xEFFF,
  0xB7BF, 0x775F, 0x5F5F, 0x5F5F, 0x675F, 0x675F, 0x675F, 0x675F, 0x5F5F, 0x5F5F, 0x5F7F, 0x5F7F,
  0x677F, 0x677F, 0x679F, 0x6F7F, 0x7F7F, 0x9FDF, 0xB7FF, 0xC7FF, 0xBFBF, 0xBFBF, 0xBFFF, 0xBFFF,
  0xA7BF, 0x7F9F, 0x779F, 0x779F, 0x7F9F, 0x7FBF, 0x77BF, 0x8F9F, 0xE7FF, 0x7D36, 0x10C5, 0x10C6,
  0x10C5, 0x10C5, 0x10C5, 0x10C5, 0x10C5, 0x10C5, 0x10C5, 0x10C5, 0x1106, 0x6EDC, 0x575F, 0x5F5F,
  0x8EFE, 0x10C5, 0x10C5, 0x10C5, 0x10C5, 0x10C5, 0x10C5, 0x10C5, 0x10C5, 0x10C5, 0x10C5, 0x10C5,
  0x10C5, 0x10C5, 0xD270, 0xF9CF, 0xF96E, 0xF1EF, 0x3106, 0x10C5, 0x10C5, 0x10C5, 0x10C5, 0x10C5,
  0x10C5, 0x10C5, 0x10C5, 0x10C5, 0x10C5, 0x10C5, 0x10C5, 0x18C5, 0xE4B4, 0xFCD6, 0xF2AE, 0xFACF,
  0xFACF, 0xFACF, 0xFACF, 0xFACF, 0xFAF0, 0xFAF0, 0xFAB0, 0xFB52, 0xFF3F, 0xCCB3, 0x10A5, 0x10C5,
  0x10C5, 0x10C5, 0x10C5, 0x10C5, 0x10C5, 0x10C5, 0x10C5, 0x10C5, 0x10C5, 0x10C5, 0x10C5, 0x10C5,
  0x10C5, 0x10C5, 0x10C5, 0x3147, 0x93D0, 0x49E9, 0x10C5, 0x10C5, 0x10C5, 0x10C6, 0x10C5, 0x10C5,
  0x10C5, 0x10C5, 0x10C5, 0x10C5, 0x10C5, 0x10C5, 0x10C5, 0x10C5, 0x10C5, 0x10C5, 0x10C5, 0x10C5,
  0x10C5, 0x10C6, 0x10C5, 0x10C5, 0x10C5, 0x398B, 0x9AD6, 0xEBDF, 0xFC9F, 0xDCFE, 0x9374, 0x7B12,
  0xCCDD, 0xFD5F, 0xE4DF, 0xA3D8, 0x39EC, 0x10C5, 0x10C5, 0x10C5, 0x10C6, 0x10C5, 0x10C5, 0x10C5,
  0x10C5, 0x10C5, 0x10C5, 0x10C5, 0x10C5, 0x10C5, 0x10C5, 0x10C5, 0x10C5, 0x10C5, 0x10C5, 0x10C5,
  0x10C5, 0x10C5, 0x10C5, 0x10C5, 0x10E6, 0x10C5, 0x6412, 0xE7FF, 0x671E, 0x573F, 0x675F, 0x675F,
  0x675F, 0x675F, 0x5F5F, 0x5F5F, 0x5F5F, 0x5F5F, 0x5F5F, 0x5F7F, 0x677F, 0x5F5F, 0x677F, 0x97DF,
  0xC7FF, 0xB77E, 0x6D56, 0x32EE, 0x11C9, 0x19E9, 0x3B4F, 0x96BB, 0xD7FF, 0x979F, 0x6F9F, 0x779F,
  0x7F9F, 0x7FBF, 0x77BF, 0x879F, 0xE7FF, 0x7D36, 0x10C5, 0x10C6, 0x10C5, 0x10C5, 0x10C5, 0x10C5,
  0x10C5, 0x10C5, 0x10C5, 0x10C5, 0x1106, 0x6EBC, 0x575F, 0x5F5F, 0x8EFE, 0x10C5, 0x10C5, 0x10C5,
  0x10C5, 0x10C5, 0x10C5, 0x10C5, 0x10C5, 0x10C5, 0x10C5, 0x10C5, 0x10C5, 0x10C5, 0xD270, 0xF9AF,
  0xF96E, 0xF1EF, 0x3126, 0x10C5, 0x10C5, 0x10C5, 0x10C5, 0x10C5, 0x10C5, 0x10C5, 0x10C5, 0x10C5,
  0x10C5, 0x10C5, 0x10C5, 0x18C5, 0xDC94, 0xFCD5, 0xF28E, 0xFAAF, 0xFAAE, 0xFAAE, 0xFA8E, 0xFAAF,
  0xFAAF, 0xFAAF, 0xFAB0, 0xFA2E, 0xFDDA, 0xFE9D, 0x4987, 0x10C5, 0x10C5, 0x10C5, 0x10C5, 0x10C5,
  0x10C5, 0x10C5, 0x10C5, 0x10C5, 0x10C5, 0x10C5, 0x10C5, 0x10C5, 0x10C5, 0x10C6, 0x10C5, 0xCD76,
  0xFFFF, 0xFF5F, 0xCD36, 0x6AAB, 0x18C5, 0x10C5, 0x10C5, 0x10C6, 0x10C5, 0x10C5, 0x10C5, 0x10C5,
  0x10C5, 0x10C5, 0x10C5, 0x10C5, 0x10C5, 0x10C5, 0x10C5, 0x10C5, 0x10C5, 0x10C5, 0x10C5, 0x10C6,
  0x10C5, 0x10C5, 0x10C5, 0x39AA, 0x9315, 0xDBBE, 0xFC9F, 0xFD1F, 0xDC7F, 0x8B55, 0x31AB, 0x10C5,
  0x10C5, 0x10C5, 0x10C6, 0x10C5, 0x10C5, 0x10C5, 0x10C5, 0x10C5, 0x10C5, 0x10C5, 0x10C5, 0x10C5,
  0x10C5, 0x10C5, 0x10C5, 0x10C5, 0x10C5, 0x10C5, 0x10C5, 0x10C5, 0x10C5, 0x10C5, 0x10C5, 0x10C5,
  0x10E6, 0x10C5, 0x5C12, 0xD7FF, 0x6F1F, 0x673F, 0x673F, 0x673F, 0x5F3F, 0x5F3F, 0x5F5F, 0x5F5F,
  0x5F5F, 0x5F5F, 0x5F7F, 0x5F5F, 0x6F5F, 0x97DF, 0xB7FF, 0x96FC, 0x5452, 0x19A9, 0x10C5, 0x10C5,
  0x10C5, 0x10C5, 0x10C5, 0x1127, 0x967A, 0xBFDF, 0x777F, 0x779F, 0x779F, 0x77BF, 0x6F9F, 0x7F9F,
  0xD7FF, 0x7D35, 0x10C5, 0x10C6, 0x10C5, 0x10C5, 0x10C5, 0x10C5, 0x10C5, 0x10C5, 0x10C5, 0x10C5,
  0x10E6, 0x667C, 0x577F, 0x5F5F, 0x8EFD, 0x10C5, 0x10C5, 0x10C5, 0x10C5, 0x10C5, 0x10C5, 0x10C5,
  0x10C5, 0x10C5, 0x10C5, 0x10C5, 0x10C5, 0x10C5, 0xD270, 0xF9AF, 0xF94E, 0xF1EF, 0x3106, 0x10C5,
  0x10C5, 0x10C5, 0x10C5, 0x10C5, 0x10C5, 0x10C5, 0x10C5, 0x10C5, 0x10C5, 0x10C5, 0x10C5, 0x18C5,
  0xE474, 0xFCB5, 0xFA4D, 0xFA6E, 0xFA4E, 0xFA6E, 0xFA4E, 0xFA4E, 0xFA4E, 0xFA4E, 0xFA8F, 0xFA0E,
  0xF393, 0xFF3F, 0xAB8F, 0x10C5, 0x10C6, 0x10C5, 0x10C5, 0x10C5, 0x10C5, 0x10C5, 0x10C5, 0x10C5,
  0x10C5, 0x10C5, 0x10C5, 0x10C5, 0x10C6, 0x10C5, 0x836E, 0xFF7F, 0xF376, 0xFD5B, 0xFF7F, 0xFF7F,
  0xDD59, 0x82CE, 0x2906, 0x10C5, 0x10C5, 0x10C5, 0x10C5, 0x10C5, 0x10C5, 0x10C5, 0x10C5, 0x10C5,
  0x10C5, 0x10C5, 0x10C5, 0x10C5, 0x10C5, 0x10C5, 0x10C5, 0x10C5, 0x10C5, 0x10C5, 0x10C6, 0x10C5,
  0x10C5, 0x2948, 0x7AD3, 0x8334, 0x2969, 0x10C5, 0x10C5, 0x10C5, 0x10C6, 0x10C5, 0x10C5, 0x10C5,
  0x10C5, 0x10C5, 0x10C5, 0x10C5, 0x10C5, 0x10C5, 0x10C5, 0x10C5, 0x10C5, 0x10C5, 0x10C6, 0x10E6,
  0x10E6, 0x10C6, 0x10C5, 0x10C5, 0x10C5, 0x10C5, 0x10C5, 0x10C5, 0x10E6, 0x10C5, 0x5C12, 0xCFFF,
  0x5EFF, 0x5F3F, 0x673F, 0x5F3F, 0x5F3F, 0x5F3F, 0x573F, 0x5F3F, 0x5F5F, 0x575F, 0x5F5F, 0x8FDF,
  0xBFFF, 0xA6FC, 0x5432, 0x1127, 0x10C5, 0x10C5, 0x10C6, 0x10C6, 0x10C6, 0x10C6, 0x10E6, 0x10C5,
  0x2A8C, 0xCFFF, 0x8F9F, 0x679F, 0x779F, 0x77BF, 0x6F9F, 0x7F9F, 0xD7FF, 0x7D36, 0x10C5, 0x10C6,
  0x10C5, 0x10C5, 0x10C5, 0x10C5, 0x10C5, 0x10C5, 0x10C5, 0x10C5, 0x10E6, 0x667B, 0x4F7F, 0x5F5F,
  0x8EFD, 0x10C5, 0x10C5, 0x10C5, 0x10C5, 0x10C5, 0x10C5, 0x10C5, 0x10C5, 0x10C5, 0x10C5, 0x10C5,
  0x10C5, 0x10C5, 0xD250, 0xF98F, 0xF92E, 0xF1CF, 0x3106, 0x10C5, 0x10C5, 0x10C5, 0x10C5, 0x10C5,
  0x10C5, 0x10C5, 0x10C5, 0x10C5, 0x10C5, 0x10C5, 0x10C5, 0x18C5, 0xDC74, 0xFC95, 0xF20D, 0xFA2D,
  0xFA2D, 0xFA0D, 0xFA0D, 0xFA2D, 0xFA0D, 0xFA2D, 0xFA2E, 0xFA4F, 0xF9ED, 0xFDDB, 0xF5F9, 0x2905,
  0x10C5, 0x10C5, 0x10C5, 0x10C5, 0x10C5, 0x10C5, 0x10C5, 0x10C5, 0x10C5, 0x10C5, 0x10C5, 0x10C5,
  0x10C5, 0x3987, 0xF75D, 0xFC98, 0xF9D2, 0xFA54, 0xFB16, 0xFCBA, 0xFE9F, 0xFF1F, 0xF63B, 0xA413,
  0x49A9, 0x10C5, 0x10C5, 0x10C5, 0x10C5, 0x10C5, 0x10C5, 0x10C5, 0x10C5, 0x10C5, 0x10C5, 0x10C5,
  0x10C5, 0x10C5, 0x10C5, 0x10C5, 0x10C5, 0x10C5, 0x10C5, 0x10C5, 0x10C5, 0x10C5, 0x10C5, 0x10C5,
  0x10C5, 0x10C6, 0x10C5, 0x10C5, 0x10C5, 0x10C5, 0x10C5, 0x10C5, 0x10C5, 0x10C5, 0x10C5, 0x10C5,
  0x10C6, 0x10C6, 0x10E6, 0x10C6, 0x10C5, 0x10C5, 0x10C5, 0x10C5, 0x10C5, 0x10C5, 0x10C5, 0x10C5,
  0x10C5, 0x10C5, 0x10C5, 0x10C5, 0x10E6, 0x10C5, 0x5C12, 0xCFFF, 0x5EFF, 0x5F1F, 0x673F, 0x5F3F,
  0x5F3F, 0x571F, 0x573F, 0x573F, 0x575F, 0x7F9F, 0xB7FF, 0x8E9B, 0x4390, 0x0907, 0x10C5, 0x10C5,
  0x10E6, 0x10C6, 0x10C5, 0x10C5, 0x10C5, 0x10C5, 0x10C5, 0x10C5, 0x1107, 0xAF3D, 0x9FDF, 0x5F7F,
  0x6F9F, 0x77BF, 0x6F9F, 0x7F7F, 0xDFFF, 0x7D36, 0x10C5, 0x10C6, 0x10C5, 0x10C5, 0x10C5, 0x10C5,
  0x10C5, 0x10C5, 0x10C5, 0x10C5, 0x10E6, 0x667C, 0x4F7F, 0x5F5F, 0x86DD, 0x10C5, 0x10C5, 0x10C5,
  0x10C5, 0x10C5, 0x10C5, 0x10C5, 0x10C5, 0x10C5, 0x10C5, 0x10C5, 0x10C5, 0x10C5, 0xD270, 0xF96F,
  0xF90E, 0xF1AF, 0x2906, 0x10C5, 0x10C5, 0x10C5, 0x10C5, 0x10C5, 0x10C5, 0x10C5, 0x10C5, 0x10C5,
  0x10C5, 0x10C5, 0x10C5, 0x18E5, 0xDC73, 0xFC74, 0xF9CC, 0xFA0D, 0xF9ED, 0xF9EC, 0xF9EC, 0xFA0D,
  0xF9ED, 0xFA0D, 0xFA0D, 0xFA0E, 0xF96C, 0xFB93, 0xFF1F, 0x82CC, 0x10C5, 0x10C6, 0x10C5, 0x10C5,
  0x10C5, 0x10C5, 0x10C5, 0x10C5, 0x10C5, 0x10C5, 0x10C5, 0x10C6, 0x10A5, 0xCD75, 0xFEDE, 0xFA11,
  0xFA94, 0xFA73, 0xFA33, 0xFA14, 0xFAB6, 0xFC39, 0xFE7F, 0xFF5F, 0xFE7E, 0xC4D5, 0x2948, 0x10C5,
  0x10C5, 0x10C5, 0x10C5, 0x10C5, 0x10C5, 0x10C5, 0x10C5, 0x10C5, 0x10C5, 0x10C5, 0x10C5, 0x10C5,
  0x10C5, 0x10C5, 0x10C5, 0x10C5, 0x10C5, 0x10C6, 0x10C6, 0x10C6, 0x10C5, 0x10C5, 0x10C5, 0x10C5,
  0x10C5, 0x10C5, 0x10C6, 0x10C6, 0x10E6, 0x10C6, 0x10C5, 0x10C5, 0x10C5, 0x10C5, 0x10C5, 0x10C5,
  0x08E6, 0x21CA, 0x42EE, 0x63D2, 0x7433, 0x3AAD, 0x10C5, 0x10C5, 0x10C5, 0x10C5, 0x10C5, 0x10C5,
  0x10E6, 0x10C5, 0x5BF2, 0xCFFF, 0x5EFF, 0x571F, 0x5F1F, 0x571F, 0x573F, 0x571F, 0x4F3F, 0x473F,
  0x9FBF, 0x96FD, 0x32ED, 0x08E6, 0x10C5, 0x10C5, 0x10C6, 0x10C5, 0x10C5, 0x10C5, 0x10C5, 0x10C5,
  0x10C5, 0x10C5, 0x10C5, 0x10C5, 0x10C5, 0x8E39, 0xAFFF, 0x5F7F, 0x6F9F, 0x6F9F, 0x6F9F, 0x7F9F,
  0xDFFF, 0x7D15, 0x10C5, 0x10C6, 0x10C5, 0x10C5, 0x10C5, 0x10C5, 0x10C5, 0x10C5, 0x10C5, 0x10C5,
  0x10E6, 0x667C, 0x4F7F, 0x5F5F, 0x8EFE, 0x10C5, 0x10C5, 0x10C5, 0x10C5, 0x10C5, 0x10C5, 0x10C5,
  0x10C5, 0x10C5, 0x10C5, 0x10C5, 0x10C5, 0x10C5, 0xD250, 0xF96F, 0xF90E, 0xF1AF, 0x3106, 0x10C5,
  0x10C5, 0x10C5, 0x10C5, 0x10C5, 0x10C5, 0x10C5, 0x10C5, 0x10C5, 0x10C5, 0x10C5, 0x10C5, 0x18C5,
  0xDC73, 0xFC54, 0xF98C, 0xF9CC, 0xF9CC, 0xF9CC, 0xF9CC, 0xF9CC, 0xF9CC, 0xF9CD, 0xF9ED, 0xF9CD,
  0xF9AD, 0xF9AD, 0xFE7D, 0xDD57, 0x10C5, 0x10C5, 0x10C5, 0x10C5, 0x10C5, 0x10C5, 0x10C5, 0x10C5,
  0x10C5, 0x10C5, 0x10C6, 0x10C5, 0x72CC, 0xFF1F, 0xFB34, 0xFA32, 0xFA52, 0xFA32, 0xFA33, 0xFA54,
  0xFA14, 0xF9F4, 0xFA36, 0xFB39, 0xF59E, 0xFF7F, 0x624C, 0x10C5, 0x10C6, 0x10C5, 0x10C5, 0x10C5,
  0x10C5, 0x10C5, 0x10C5, 0x10C5, 0x10C5, 0x10C5, 0x10C5, 0x10C5, 0x10C5, 0x10C5, 0x10C5, 0x10C5,
  0x10C5, 0x10C6, 0x10C6, 0x10C6, 0x10C6, 0x10E6, 0x10C6, 0x10C6, 0x10C5, 0x10C5, 0x10C5, 0x10C5,
  0x10C5, 0x10C5, 0x10C5, 0x08E6, 0x2189, 0x428D, 0x6BD2, 0x9577, 0xC6BC, 0xE77F, 0xE79F, 0xF7FF,
  0xFFFF, 0xE7FF, 0x74D5, 0x10C6, 0x10C6, 0x10C5, 0x10C5, 0x10C5, 0x10E6, 0x10C5, 0x5C12, 0xD7FF,
  0x5EFF, 0x571F, 0x571F, 0x571F, 0x4F1F, 0x4F1F, 0x4F1F, 0x4F1F, 0xAFFF, 0x6DD9, 0x10C5, 0x10C5,
  0x10C6, 0x10C5, 0x10C5, 0x10C5, 0x10C5, 0x10C5, 0x10C5, 0x10C5, 0x10C5, 0x10C5, 0x10C5, 0x10C6,
  0x10C5, 0x8597, 0xBFFF, 0x5F7F, 0x679F, 0x6F9F, 0x6F9F, 0x779F, 0xDFFF, 0x7D15, 0x10C5, 0x10C6,
  0x10C5, 0x10C5, 0x10C5, 0x10C5, 0x10C5, 0x10C5, 0x10C5, 0x10C5, 0x1106, 0x66BC, 0x4F5F, 0x5F5F,
  0x8EFE, 0x10C5, 0x10C5, 0x10C5, 0x10C5, 0x10C5, 0x10C5, 0x10C5, 0x10C5, 0x10C5, 0x10C5, 0x10C5,
  0x10C5, 0x10C5, 0xD250, 0xF96F, 0xF8EE, 0xF1AF, 0x3126, 0x10C5, 0x10C5, 0x10C5, 0x10C5, 0x10C5,
  0x10C5, 0x10C5, 0x10C5, 0x10C5, 0x10C5, 0x10C5, 0x10C5, 0x18C5, 0xDC53, 0xFC33, 0xF96B, 0xF9AC,
  0xF9AC, 0xF9AC, 0xF9AC, 0xF9CC, 0xF9AC, 0xF9AC, 0xF9AD, 0xF98D, 0xF9CD, 0xF90B, 0xFC75, 0xFEDE,
  0x5A09, 0x10C5, 0x10C6, 0x10C5, 0x10C5, 0x10C5, 0x10C5, 0x10C5, 0x10C5, 0x10C5, 0x10C5, 0x2906,
  0xEE9A, 0xFC57, 0xF970, 0xFA72, 0xFA32, 0xFA12, 0xFA13, 0xFA33, 0xFA34, 0xFA55, 0xFA35, 0xF934,
  0xFB9A, 0xFF1F, 0x59EC, 0x10C5, 0x10C6, 0x10C5, 0x10C5, 0x10C5, 0x10C5, 0x10C5, 0x10C5, 0x10C5,
  0x10C5, 0x10C5, 0x10C5, 0x10C5, 0x10C5, 0x10C5, 0x10C5, 0x10C5, 0x10C5, 0x10C5, 0x10C5, 0x10C5,
  0x10C5, 0x10C5, 0x10C5, 0x10C5, 0x10C5, 0x10E6, 0x2169, 0x3A4C, 0x5B4F, 0x8475, 0xA578, 0xC69C,
  0xE73F, 0xEF9F, 0xEF9F, 0xE73F, 0xD6BF, 0xBDFF, 0xA5BF, 0xA5DF, 0xB67F, 0xC73F, 0xDFDF, 0x4B50,
  0x10C5, 0x10C6, 0x10C5, 0x10C5, 0x10E6, 0x10C5, 0x5C12, 0xD7FF, 0x5EFF, 0x4EFF, 0x4EFF, 0x4F1F,
  0x4F1F, 0x4F1F, 0x4F1F, 0x4F1F, 0x9FFF, 0x75F9, 0x10C6, 0x10C5, 0x10C5, 0x10C5, 0x10C5, 0x10C5,
  0x10C5, 0x10C5, 0x10C5, 0x10C5, 0x10C5, 0x10C5, 0x10C5, 0x10C6, 0x10C5, 0x8597, 0xB7FF, 0x5F7F,
  0x6F9F, 0x6F9F, 0x679F, 0x779F, 0xD7FF, 0x7D15, 0x10C5, 0x10C6, 0x10C5, 0x10C5, 0x10C5, 0x10C5,
  0x10C5, 0x10C5, 0x10C5, 0x10C5, 0x1106, 0x66BC, 0x4F5F, 0x575F, 0x8EFE, 0x10C5, 0x10C5, 0x10C5,
  0x10C5, 0x10C5, 0x10C5, 0x10C5, 0x10C5, 0x10C5, 0x10C5, 0x10C5, 0x10C5, 0x10C5, 0xD250, 0xF94F,
  0xF8EE, 0xF1AF, 0x3126, 0x10C5, 0x10C5, 0x10C5, 0x10C5, 0x10C5, 0x10C5, 0x10C5, 0x10C5, 0x10C5,
  0x10C5, 0x10C5, 0x10C5, 0x18C5, 0xE433, 0xFBF3, 0xF12B, 0xF98C, 0xF96C, 0xF96C, 0xF96C, 0xF98C,
  0xF98C, 0xF96C, 0xF96C, 0xF96C, 0xF96D, 0xF92C, 0xFA2E, 0xFE9D, 0xBC11, 0x10C5, 0x10C6, 0x10C5,
  0x10C5, 0x10C5, 0x10C5, 0x10C5, 0x10C5, 0x10C6, 0x10C5, 0xAC51, 0xFE9D, 0xF1AF, 0xF9F1, 0xF9F1,
  0xF9F1, 0xF9F1, 0xF9F2, 0xF9F3, 0xFA13, 0xF9F4, 0xF9F4, 0xF994, 0xFBBA, 0xFEDF, 0x59EC, 0x10C5,
  0x10C6, 0x10C5, 0x10C5, 0x10C5, 0x10C5, 0x10C5, 0x10C5, 0x10C5, 0x10C5, 0x10C5, 0x10C5, 0x10C5,
  0x10C5, 0x10C5, 0x10C5, 0x10C5, 0x10C6, 0x2128, 0x2989, 0x39CB, 0x526E, 0x7371, 0x83F4, 0xA4D7,
  0xBDB9, 0xD67C, 0xE71F, 0xF77F, 0xFF7F, 0xFF7F, 0xF71F, 0xDE7F, 0xCDFF, 0xBD5F, 0xAD1F, 0xA4FF,
  0xA51F, 0x9D3F, 0x9D7F, 0xA5BF, 0x8D7F, 0xA65F, 0xDFBF, 0xAE5B, 0x08C6, 0x10C5, 0x10C5, 0x10C5,
  0x10E6, 0x10C5, 0x5C12, 0xD7FF, 0x56DF, 0x46DF, 0x4EFF, 0x471F, 0x4F3F, 0x4F1F, 0x471F, 0x4F1F,
  0xA7FF, 0x75F9, 0x10C5, 0x10C5, 0x10C5, 0x10C5, 0x10C5, 0x10C5, 0x10C5, 0x10C5, 0x10C5, 0x10C5,
  0x10C5, 0x10C5, 0x10C5, 0x10C6, 0x10C5, 0x8577, 0xB7FF, 0x5F7F, 0x6F9F, 0x679F, 0x679F, 0x779F,
  0xD7FF, 0x7D16, 0x10C5, 0x10C6, 0x10C5, 0x10C5, 0x10C5, 0x10C5, 0x10C5, 0x10C5, 0x10C5, 0x10C5,
  0x10E6, 0x667C, 0x475F, 0x575F, 0x8EFE, 0x10C5, 0x10C5, 0x10C5, 0x10C5, 0x10C5, 0x10C5, 0x10C5,
  0x10C5, 0x10C5, 0x10C5, 0x10C5, 0x10C5, 0x10C5, 0xD230, 0xF94F, 0xF8CE, 0xF18F, 0x3127, 0x10C5,
  0x10C5, 0x10C5, 0x10C5, 0x10C5, 0x10C5, 0x10C5, 0x10C5, 0x10C5, 0x10C5, 0x10C5, 0x10C5, 0x18C5,
  0xE412, 0xFBB2, 0xF90B, 0xF96B, 0xF94B, 0xF94C, 0xF94B, 0xF94C, 0xF96C, 0xF94C, 0xF94C, 0xF94C,
  0xF94C, 0xF96C, 0xF8CB, 0xFCF8, 0xF579, 0x3126, 0x10C5, 0x10C5, 0x10C5, 0x10C5, 0x10C5, 0x10C5,
  0x10C5, 0x10C5, 0x51E8, 0xFF1D, 0xF333, 0xF990, 0xF9F1, 0xF9D0, 0xF9D1, 0xF9D1, 0xF9D1, 0xF9D2,
  0xF9D3, 0xF9D3, 0xF9F4, 0xF954, 0xFB7A, 0xFE9F, 0x5A0C, 0x10C5, 0x10C6, 0x10C5, 0x10C5, 0x10C6,
  0x10C5, 0x5A2C, 0xC517, 0xC4B7, 0xC4B7, 0xC4D8, 0xC4D8, 0xC4F8, 0xC518, 0xC558, 0xCDBA, 0xCDFA,
  0xD5FB, 0xEE5E, 0xF71F, 0xFF7F, 0xFF5F, 0xFF3F, 0xFEDF, 0xFEDF, 0xF6BF, 0xEDDF, 0xDD7F, 0xCD1F,
  0xC4BF, 0xBC9F, 0xBC9F, 0xB49F, 0xB4BF, 0xB4DF, 0xACFF, 0xAD1F, 0xAD3F, 0xA55F, 0xA59F, 0x9DBF,
  0x95DF, 0x95DF, 0xD75F, 0xD77F, 0x21EA, 0x10C5, 0x10C5, 0x10C5, 0x10E6, 0x10C5, 0x5C12, 0xD7FF,
  0x4EDF, 0x3EDF, 0x46FF, 0x471F, 0x471F, 0x471F, 0x3F1F, 0x3EFF, 0x9FFF, 0x75F9, 0x10C5, 0x10C5,
  0x10C5, 0x10C5, 0x10C5, 0x10C5, 0x10C5, 0x10C5, 0x10C5, 0x10C5, 0x10C5, 0x10C5, 0x10C5, 0x10C6,
  0x10C5, 0x8577, 0xBFFF, 0x5F7F, 0x679F, 0x679F, 0x679F, 0x6F7F, 0xCFFF, 0x7D36, 0x10C5, 0x10C6,
  0x10C5, 0x10C5, 0x10C5, 0x10C5, 0x10C5, 0x10C5, 0x10C5, 0x10C5, 0x1106, 0x6EBC, 0x475F, 0x575F,
  0x8EFE, 0x10C5, 0x10C5, 0x10C5, 0x10C5, 0x10C5, 0x10C5, 0x10C5, 0x10C5, 0x10C5, 0x10C5, 0x10C5,
  0x10C5, 0x10C5, 0xD230, 0xF94F, 0xF8CE, 0xF18F, 0x3126, 0x10C5, 0x10C5, 0x10C5, 0x10C5, 0x10C5,
  0x10C5, 0x10C5, 0x10C5, 0x10C5, 0x10C5, 0x10C5, 0x10C5, 0x18C5, 0xE3D2, 0xFBB2, 0xF8EB, 0xF92B,
  0xF92B, 0xF92B, 0xF90B, 0xF92C, 0xF90C, 0xF90B, 0xF92B, 0xF92C, 0xF90C, 0xF92C, 0xF88B, 0xFA90,
  0xFDFC, 0x930C, 0x10C5, 0x10C6, 0x10C5, 0x10C5, 0x10C5, 0x10C5, 0x10C6, 0x18C5, 0xDD56, 0xFCD8,
  0xF92E, 0xF9F0, 0xF9B0, 0xF9B0, 0xF990, 0xF991, 0xF9B1, 0xF991, 0xF9B2, 0xF9B3, 0xF9D3, 0xF954,
  0xFB9A, 0xFEBF, 0x5A0C, 0x10C5, 0x10C6, 0x10C5, 0x10C5, 0x10C6, 0x10C5, 0x8B73, 0xFF7F, 0xFE7F,
  0xFF1F, 0xFEDF, 0xFE9F, 0xFEBF, 0xFEDF, 0xFE9F, 0xFE7F, 0xFE1F, 0xFDFF, 0xFDBF, 0xF57F, 0xED3F,
  0xE49F, 0xDC3F, 0xDC5F, 0xD43F, 0xCC1F, 0xCBFF, 0xC41F, 0xBC1F, 0xBC5F, 0xBC7F, 0xBC9F, 0xBCBF,
  0xB4BF, 0xACDF, 0xACFF, 0xA4FF, 0xA51F, 0xA55F, 0xA57F, 0x9D7F, 0x95BF, 0x8DBF, 0xC6FF, 0xE7DF,
  0x42CE, 0x10C5, 0x10C6, 0x10C5, 0x10E6, 0x10C5, 0x5C12, 0xD7FF, 0x4EDF, 0x3EDF, 0x46FF, 0x46FF,
  0x3F1F, 0x3EFF, 0x3EFF, 0x3EFF, 0x97FF, 0x75D9, 0x10C5, 0x10C5, 0x10C5, 0x10C5, 0x10C5, 0x10C5,
  0x10C5, 0x10C5, 0x10C5, 0x10C5, 0x10C5, 0x10C5, 0x10C5, 0x10C6, 0x10C5, 0x8577, 0xB7FF, 0x5F7F,
  0x679F, 0x679F, 0x5F9F, 0x677F, 0xCFFF, 0x7D36, 0x10C5, 0x10C6, 0x10C5, 0x10C5, 0x10C5, 0x10C5,
  0x10C5, 0x10C5, 0x10C5, 0x10C5, 0x10E6, 0x669C, 0x475F, 0x575F, 0x8EFE, 0x10C5, 0x10C5, 0x10C5,
  0x10C5, 0x10C5, 0x10C5, 0x10C5, 0x10C5, 0x10C5, 0x10C5, 0x10C5, 0x10C5, 0x10C5, 0xD210, 0xF92F,
  0xF8CE, 0xF16F, 0x2906, 0x10C5, 0x10C5, 0x10C5, 0x10C5, 0x10C5, 0x10C5, 0x10C5, 0x10C5, 0x10C5,
  0x10C5, 0x10C5, 0x10C5, 0x18C5, 0xE3B1, 0xFB71, 0xF8AA, 0xF90B, 0xF8EB, 0xF8EB, 0xF8AB, 0xF9ED,
  0xFA8E, 0xF8AB, 0xF90B, 0xF90B, 0xF8EB, 0xF8EC, 0xF8CC, 0xF8CB, 0xFD39, 0xE4B4, 0x18E5, 0x10C5,
  0x10C5, 0x10C5, 0x10C5, 0x10C6, 0x10C5, 0x830D, 0xFEBC, 0xF16F, 0xF92F, 0xF990, 0xF990, 0xF990,
  0xF970, 0xF970, 0xF991, 0xF991, 0xF972, 0xF993, 0xF9B3, 0xF913, 0xFB59, 0xFE9F, 0x5A0B, 0x10C5,
  0x10C6, 0x10C5, 0x10C5, 0x10C6, 0x10C5, 0x8312, 0xFEBF, 0xF41E, 0xFB5E, 0xFB5E, 0xFB9F, 0xF37E,
  0xF37E, 0xF37F, 0xF35F, 0xF35F, 0xEB3F, 0xEB5F, 0xE37F, 0xE37F, 0xDB5F, 0xDB9F, 0xD3FF, 0xD41F,
  0xCC1F, 0xCC1F, 0xC43F, 0xBC3F, 0xBC5F, 0xBC5F, 0xBC7F, 0xB47F, 0xB49F, 0xAC9F, 0xACBF, 0xA4DF,
  0xA4FF, 0xA51F, 0x9D5F, 0x957F, 0x959F, 0x8DBF, 0xB6BF, 0xDFDF, 0x4351, 0x10C5, 0x10C6, 0x10C5,
  0x10E6, 0x10C5, 0x53F2, 0xCFFF, 0x4EDF, 0x3EDF, 0x46FF, 0x3EFF, 0x3EFF, 0x3EFF, 0x36FF, 0x36FF,
  0x97FF, 0x75D9, 0x10C5, 0x10C5, 0x10C5, 0x10C5, 0x10C5, 0x10C5, 0x10C5, 0x10C5, 0x10C5, 0x10C5,
  0x10C5, 0x10C5, 0x10C5, 0x10C6, 0x10C5, 0x8577, 0xB7FF, 0x5F7F, 0x679F, 0x679F, 0x5F9F, 0x677F,
  0xCFFF, 0x7D36, 0x10C5, 0x10C6, 0x10C5, 0x10C5, 0x10C5, 0x10C5, 0x10C5, 0x10C5, 0x10C5, 0x10C5,
  0x10E6, 0x669C, 0x475F, 0x575F, 0x86FE, 0x10C5, 0x10C5, 0x10C5, 0x10C5, 0x10C5, 0x10C5, 0x10C5,
  0x10C5, 0x10C5, 0x10C5, 0x10C5, 0x10C5, 0x10C5, 0xD210, 0xF92F, 0xF8CE, 0xF16F, 0x2906, 0x10C5,
  0x10C5, 0x10C5, 0x10C5, 0x10C5, 0x10C5, 0x10C5, 0x10C5, 0x10C5, 0x10C5, 0x10C5, 0x10C5, 0x18C5,
  0xE391, 0xFB30, 0xF88A, 0xF8EB, 0xF8CB, 0xF8CB, 0xF88A, 0xF98C, 0xFBD1, 0xF96D, 0xF8AB, 0xF8CB,
  0xF8AB, 0xF8AB, 0xF8CC, 0xF84B, 0xFB52, 0xFD9A, 0x5A09, 0x10C5, 0x10C5, 0x10C5, 0x10C5, 0x10C5,
  0x3126, 0xF5B8, 0xFB94, 0xF8CE, 0xF96F, 0xF94F, 0xF94F, 0xF970, 0xF950, 0xF970, 0xF950, 0xF971,
  0xF951, 0xF972, 0xF993, 0xF8F2, 0xFB18, 0xFE9F, 0x5A0B, 0x10C5, 0x10C6, 0x10C5, 0x10C5, 0x10C6,
  0x10C5, 0x82F2, 0xFEBF, 0xF3DE, 0xFB1F, 0xFB7F, 0xFB9F, 0xFB7F, 0xFB5F, 0xF37F, 0xF37F, 0xF35F,
  0xF37F, 0xEB9F, 0xE3BF, 0xE39F, 0xDB9F, 0xD3BF, 0xD3DF, 0xCBDF, 0xCBDF, 0xC3DF, 0xC41F, 0xC43F,
  0xBC1F, 0xBC3F, 0xB43F, 0xB45F, 0xB47F, 0xAC7F, 0xA49F, 0xA4BF, 0xA4DF, 0xA51F, 0x9D3F, 0x955F,
  0x8D9F, 0x859F, 0xA67F, 0xD7BF, 0x53D3, 0x10C5, 0x10C6, 0x10C5, 0x10E6, 0x10C5, 0x53F2, 0xC7FF,
  0x4EDF, 0x36DF, 0x3EDF, 0x36DF, 0x36FF, 0x36FF, 0x2EFF, 0x2EDF, 0x97FF, 0x6DD9, 0x10C5, 0x10C5,
  0x10C5, 0x10C5, 0x10C5, 0x10C5, 0x10C5, 0x10C5, 0x10C5, 0x10C5, 0x10C5, 0x10C5, 0x10C5, 0x10C6,
  0x10C5, 0x8577, 0xB7FF, 0x577F, 0x5F9F, 0x5F9F, 0x579F, 0x677F, 0xCFFF, 0x7D36, 0x10C5, 0x10C6,
  0x10C5, 0x10C5, 0x10C5, 0x10C5, 0x10C5, 0x10C5, 0x10C5, 0x10C5, 0x1106, 0x66BC, 0x475F, 0x575F,
  0x86DE, 0x10C5, 0x10C5, 0x10C5, 0x10C5, 0x10C5, 0x10C5, 0x10C5, 0x10C5, 0x10C5, 0x10C5, 0x10C5,
  0x10C5, 0x10C5, 0xD231, 0xF910, 0xF8AE, 0xF16F, 0x2926, 0x10C5, 0x10C5, 0x10C5, 0x10C5, 0x10C5,
  0x10C5, 0x10C5, 0x10C5, 0x10C5, 0x10C5, 0x10C5, 0x10C5, 0x18C5, 0xE370, 0xFB31, 0xF88A, 0xF8AB,
  0xF88B, 0xF8AB, 0xF86A, 0xF98C, 0xFB50, 0xFA8F, 0xF86B, 0xF88B, 0xF88B, 0xF88B, 0xF8AC, 0xF86C,
  0xF92C, 0xFD58, 0xC390, 0x10C5, 0x10C5, 0x10C5, 0x10C5, 0x10C5, 0xBC10, 0xFD17, 0xF0CD, 0xF92F,
  0xF92F, 0xF92F, 0xF92F, 0xF92F, 0xF930, 0xF930, 0xF930, 0xF930, 0xF931, 0xF931, 0xF952, 0xF8D2,
  0xFB39, 0xFE9F, 0x5A0B, 0x10C5, 0x10C6, 0x10C5, 0x10C5, 0x10C6, 0x10C5, 0x8312, 0xFE7F, 0xF39E,
  0xFAFF, 0xFB7F, 0xFB3F, 0xFB1F, 0xFB3F, 0xF33F, 0xF33F, 0xF33F, 0xEB5F, 0xE35F, 0xE35F, 0xDB7F,
  0xDB7F, 0xD39F, 0xCB9F, 0xCBBF, 0xCBBF, 0xC3DF, 0xC3FF, 0xBC1F, 0xBC1F, 0xB41F, 0xB41F, 0xB43F,
  0xAC5F, 0xAC7F, 0xA49F, 0xA49F, 0xA4BF, 0xA4FF, 0x94FF, 0x953F, 0x8D7F, 0x857F, 0xA67F, 0xE7FF,
  0x6CB5, 0x10C5, 0x10C6, 0x10C5, 0x10E6, 0x10C5, 0x53F2, 0xC7FF, 0x4EDF, 0x2EBF, 0x36DF, 0x36DF,
  0x2EFF, 0x2EFF, 0x2EFF, 0x2EFF, 0x8FFF, 0x65D9, 0x10C5, 0x10C5, 0x10C5, 0x10C5, 0x10C5, 0x10C5,
  0x10C5, 0x10C5, 0x10C5, 0x10C5, 0x10C5, 0x10C5, 0x10C5, 0x10C6, 0x10C5, 0x8577, 0xB7FF, 0x577F,
  0x5F9F, 0x5F9F, 0x579F, 0x677F, 0xCFFF, 0x7516, 0x10C5, 0x10C6, 0x10C5, 0x10C5, 0x10C5, 0x10C5,
  0x10C5, 0x10C5, 0x10C5, 0x10C5, 0x10E6, 0x5E7C, 0x475F, 0x575F, 0x7EDE, 0x10C5, 0x10C5, 0x10C5,
  0x10C5, 0x10C5, 0x10C5, 0x10C5, 0x10C5, 0x10C5, 0x10C5, 0x10C5, 0x10C5, 0x10C5, 0xD211, 0xF910,
  0xF88F, 0xF14F, 0x3106, 0x10C5, 0x10C5, 0x10C5, 0x10C5, 0x10C5, 0x10C5, 0x10C5, 0x10C5, 0x10C5,
  0x10C5, 0x10C5, 0x10C5, 0x18C5, 0xE351, 0xFB10, 0xF84A, 0xF88B, 0xF86B, 0xF86B, 0xF80A, 0xF9CD,
  0xFA6D, 0xFA0D, 0xF94D, 0xF80B, 0xF86B, 0xF88B, 0xF88C, 0xF88C, 0xF82A, 0xFB92, 0xFC75, 0x3966,
  0x10C5, 0x10C6, 0x10C5, 0x59E9, 0xFD78, 0xFA0F, 0xF8CE, 0xF90F, 0xF8EE, 0xF8EF, 0xF8EF, 0xF8EF,
  0xF8CF, 0xF90F, 0xF910, 0xF910, 0xF8F0, 0xF8F1, 0xF8F1, 0xF871, 0xFB79, 0xFE7F, 0x59EB, 0x10C5,
  0x10C6, 0x10C5, 0x10C5, 0x10C6, 0x10C5, 0x82F2, 0xFE1F, 0xF39E, 0xFAFF, 0xFB3F, 0xFB3F, 0xFB1F,
  0xF31F, 0xF31F, 0xEB1F, 0xEB3F, 0xEB3F, 0xE33F, 0xE33F, 0xDB5F, 0xDB5F, 0xD35F, 0xCB7F, 0xCB9F,
  0xCB9F, 0xC3BF, 0xC3DF, 0xBBDF, 0xBBFF, 0xB3FF, 0xB41F, 0xB41F, 0xAC3F, 0xAC5F, 0xA47F, 0xA49F,
  0xA4BF, 0x9CDF, 0x94FF, 0x953F, 0x8D7F, 0x857F, 0xAE9F, 0xEFFF, 0x5C13, 0x10C5, 0x10E6, 0x10C5,
  0x10E6, 0x10C5, 0x53F2, 0xC7FF, 0x46BF, 0x2EBF, 0x36BF, 0x2EDF, 0x2EDF, 0x2EFF, 0x2EFF, 0x26DF,
  0x87DF, 0x65DA, 0x10C5, 0x10C5, 0x10C5, 0x10C5, 0x10C5, 0x10C5, 0x10C5, 0x10C5, 0x10C5, 0x10C5,
  0x10C5, 0x10C5, 0x10C5, 0x10C6, 0x10C5, 0x8577, 0xB7FF, 0x4F5F, 0x579F, 0x5F9F, 0x579F, 0x5F7F,
  0xC7FF, 0x7516, 0x10C5, 0x10C6, 0x10C5, 0x10C5, 0x10C5, 0x10C5, 0x10C5, 0x10C5, 0x10C5, 0x10C5,
  0x1106, 0x5EBC, 0x475F, 0x575F, 0x86DE, 0x10C5, 0x10C5, 0x10C5, 0x10C5, 0x10C5, 0x10C5, 0x10C5,
  0x10C5, 0x10C5, 0x10C5, 0x10C5, 0x10C5, 0x10C5, 0xD211, 0xF8F0, 0xF88F, 0xF130, 0x2906, 0x10C5,
  0x10C5, 0x10C5, 0x10C5, 0x10C5, 0x10C5, 0x10C5, 0x10C5, 0x10C5, 0x10C5, 0x10C5, 0x10C5, 0x18C5,
  0xE330, 0xFAF0, 0xF82A, 0xF86B, 0xF84B, 0xF84B, 0xF80A, 0xF98D, 0xEA8D, 0xD189, 0xFA6F, 0xF82A,
  0xF84B, 0xF86B, 0xF84C, 0xF84C, 0xF80B, 0xF1AD, 0xFC96, 0x926B, 0x10C5, 0x10C6, 0x18E5, 0xDC94,
  0xFB73, 0xF84C, 0xF8EE, 0xF8CE, 0xF8CE, 0xF8CF, 0xF8CF, 0xF8AF, 0xF88F, 0xF8CF, 0xF8CF, 0xF8D0,
  0xF8B0, 0xF8B0, 0xF8B1, 0xF830, 0xFB39, 0xFE3F, 0x5A0B, 0x10C5, 0x10C6, 0x10C5, 0x10C5, 0x10C6,
  0x10C5, 0x82D2, 0xFDFF, 0xF35E, 0xFADF, 0xFB1F, 0xFAFF, 0xFAFF, 0xF2DF, 0xEADF, 0xEAFF, 0xEB1F,
  0xE2FF, 0xE31F, 0xDB1F, 0xDB3F, 0xD33F, 0xD33F, 0xCB5F, 0xCB7F, 0xC37F, 0xC39F, 0xC3BF, 0xBBBF,
  0xBBDF, 0xB3DF, 0xB3FF, 0xB41F, 0xAC3F, 0xAC3F, 0xA45F, 0x9C7F, 0x9C9F, 0x9CBF, 0x94FF, 0x953F,
  0x8D5F, 0x7D3F, 0xAE7F, 0xE7DF, 0x4330, 0x10C5, 0x10C6, 0x10C5, 0x10E6, 0x10C5, 0x53F2, 0xBFFF,
  0x3EBF, 0x26BF, 0x2EBF, 0x26DF, 0x26DF, 0x26FF, 0x26FF, 0x26DF, 0x87DF, 0x65D9, 0x10C5, 0x10C5,
  0x10C5, 0x10C5, 0x10C5, 0x10C5, 0x10C5, 0x10C5, 0x10C5, 0x10C5, 0x10C5, 0x10C5, 0x10C5, 0x10C6,
  0x10C5, 0x8577, 0xAFFF, 0x4F5F, 0x579F, 0x579F, 0x4F7F, 0x577F, 0xC7FF, 0x7516, 0x10C5, 0x10C6,
  0x10C5, 0x10C5, 0x10C5, 0x10C5, 0x10C5, 0x10C5, 0x10C5, 0x10C5, 0x10E6, 0x5E9C, 0x475F, 0x575F,
  0x86FE, 0x10C5, 0x10C5, 0x10C5, 0x10C5, 0x10C5, 0x10C5, 0x10C5, 0x10C5, 0x10C5, 0x10C5, 0x10C5,
  0x10C5, 0x10C5, 0xD211, 0xF8D0, 0xF86F, 0xF150, 0x2906, 0x10C5, 0x10C5, 0x10C5, 0x10C5, 0x10C5,
  0x10C5, 0x10C5, 0x10C5, 0x10C5, 0x10C5, 0x10C5, 0x10C5, 0x18C5, 0xE310, 0xFACF, 0xF80A, 0xF82B,
  0xF82B, 0xF82B, 0xF80A, 0xF96D, 0xEAAE, 0x4965, 0xF2AF, 0xF94D, 0xF80B, 0xF84C, 0xF82C, 0xF80C,
  0xF80C, 0xF04B, 0xFBB3, 0xE2F1, 0x20E5, 0x10C5, 0x8A6B, 0xFC96, 0xF10D, 0xF88E, 0xF88E, 0xF88E,
  0xF8AE, 0xF8AF, 0xF88F, 0xF88F, 0xF88F, 0xF84E, 0xF88F, 0xF890, 0xF870, 0xF850, 0xF870, 0xF810,
  0xFB38, 0xFE3F, 0x5A0B, 0x10C5, 0x10C6, 0x10C5, 0x10C5, 0x10C6, 0x10C5, 0x82D2, 0xFDFF, 0xF35E,
  0xFADF, 0xFB1F, 0xFADF, 0xFABF, 0xF2BF, 0xEADF, 0xEAFF, 0xEAFF, 0xE2FF, 0xE2FF, 0xDB1F, 0xDB1F,
  0xDB3F, 0xD33F, 0xCB3F, 0xCB5F, 0xC35F, 0xBB3F, 0xBB3F, 0xB35F, 0xAB5F, 0xABDF, 0xABFF, 0xABFF,
  0xAC1F, 0xA41F, 0xA43F, 0x9C7F, 0x9C7F, 0x9C9F, 0x94DF, 0x8CFF, 0x853F, 0x7D3F, 0xBEDF, 0xCF7F,
  0x220B, 0x10C5, 0x10C6, 0x10C5, 0x10E6, 0x10C5, 0x4BF2, 0xB7FF, 0x3EBF, 0x26BF, 0x2EBF, 0x26DF,
  0x26DF, 0x26DF, 0x1EDF, 0x26DF, 0x87DF, 0x65D9, 0x10C5, 0x10C5, 0x10C5, 0x10C5, 0x10C5, 0x10C5,
  0x10C5, 0x10C5, 0x10C5, 0x10C5, 0x10C5, 0x10C5, 0x10C5, 0x10C6, 0x10C5, 0x8577, 0xAFFF, 0x475F,
  0x577F, 0x579F, 0x4F7F, 0x5F7F, 0xBFFF, 0x7515, 0x10C5, 0x10C6, 0x10C5, 0x10C5, 0x10C5, 0x10C5,
  0x10C5, 0x10C5, 0x10C5, 0x10C5, 0x1106, 0x5EBC, 0x3F3F, 0x575F, 0x86FE, 0x10C5, 0x10C5, 0x10C5,
  0x10C5, 0x10C5, 0x10C5, 0x10C5, 0x10C5, 0x10C5, 0x10C5, 0x10C5, 0x10C5, 0x10C5, 0xD1F1, 0xF8D0,
  0xF86F, 0xF150, 0x3127, 0x10C5, 0x10C5, 0x10C5, 0x10C5, 0x10C5, 0x10C5, 0x10C5, 0x10C5, 0x10C5,
  0x10C5, 0x10C5, 0x10C5, 0x18C5, 0xE310, 0xFAAF, 0xF80A, 0xF82B, 0xF80B, 0xF82B, 0xF80A, 0xF96D,
  0xFA8E, 0x20C5, 0x91EA, 0xFA90, 0xF02B, 0xF80B, 0xF80B, 0xF80B, 0xF82C, 0xF80B, 0xF24F, 0xFBF5,
  0x61A8, 0x2906, 0xF434, 0xFA0F, 0xF82D, 0xF88E, 0xF86E, 0xF84E, 0xF86E, 0xF86E, 0xF86F, 0xF84E,
  0xF84E, 0xFA11, 0xF8AF, 0xF82F, 0xF850, 0xF830, 0xF850, 0xF80F, 0xFB38, 0xFE3F, 0x59EB, 0x10C5,
  0x10C6, 0x10C5, 0x10C5, 0x10C6, 0x10C5, 0x82B2, 0xFDFF, 0xF37E, 0xFA9E, 0xFABF, 0xFA9F, 0xF27F,
  0xF27F, 0xEA9F, 0xEA9F, 0xE29F, 0xE29F, 0xDA9F, 0xDA9F, 0xD29F, 0xD2BF, 0xCADF, 0xC2DF, 0xC33F,
  0xCBBF, 0xCBFF, 0xCC3F, 0xDD3F, 0xE5DF, 0xCD7F, 0xD5DF, 0xBC9F, 0xABDF, 0xAC1F, 0xA41F, 0x9C5F,
  0x9C7F, 0x949F, 0x94BF, 0x8CFF, 0x84FF, 0x9DFF, 0xD77F, 0x95FA, 0x08C6, 0x10C5, 0x10C5, 0x10C5,
  0x10E6, 0x10C5, 0x4BD2, 0xB7FF, 0x36BF, 0x1E9F, 0x2EBF, 0x26BF, 0x1EBF, 0x1EDF, 0x1EBF, 0x26DF,
  0x7FBF, 0x5DD9, 0x10C5, 0x10C5, 0x10C5, 0x10C5, 0x10C5, 0x10C5, 0x10C5, 0x10C5, 0x10C5, 0x10C5,
  0x10C5, 0x10C5, 0x10C5, 0x10C6, 0x10C5, 0x7D77, 0xA7FF, 0x475F, 0x4F7F, 0x579F, 0x4F7F, 0x575F,
  0xBFFF, 0x7515, 0x10C5, 0x10C6, 0x10C5, 0x10C5, 0x10C5, 0x10C5, 0x10C5, 0x10C5, 0x10C5, 0x10C5,
  0x1106, 0x5EBC, 0x3F3F, 0x575F, 0x86FE, 0x10C5, 0x10C5, 0x10C5, 0x10C5, 0x10C5, 0x10C5, 0x10C5,
  0x10C5, 0x10C5, 0x10C5, 0x10C5, 0x10C5, 0x10C5, 0xD212, 0xF8D1, 0xF870, 0xF151, 0x2927, 0x10C5,
  0x10C5, 0x10C5, 0x10C5, 0x10C5, 0x10C5, 0x10C5, 0x10C5, 0x10C5, 0x10C5, 0x10C5, 0x10C5, 0x18C5,
  0xE2CF, 0xFAAF, 0xF80A, 0xF82B, 0xF80B, 0xF80B, 0xF80A, 0xF96D, 0xFAAF, 0x28C6, 0x2906, 0xF2AF,
  0xF90C, 0xF80B, 0xF82B, 0xF80B, 0xF80B, 0xF80C, 0xF8EC, 0xFBD4, 0xC9EB, 0xBA6C, 0xFB73, 0xF84C,
  0xF84D, 0xF84D, 0xF82E, 0xF82E, 0xF82E, 0xF84E, 0xF84F, 0xF82E, 0xF9B2, 0xFBF6, 0xF8CF, 0xF80F,
  0xF830, 0xF810, 0xF830, 0xF80F, 0xFB18, 0xFDFF, 0x59EB, 0x10C5, 0x10C6, 0x10C5, 0x10C5, 0x10C6,
  0x10C5, 0x82D2, 0xFDFF, 0xF2BE, 0xF21E, 0xF23E, 0xF21E, 0xEA1E, 0xEA1F, 0xE27F, 0xE29F, 0xE2BF,
  0xEB1F, 0xEB7F, 0xEBBF, 0xEBFF, 0xEC3F, 0xF4DF, 0xED5F, 0xE57F, 0xD57E, 0xC55B, 0xACD9, 0x8474,
  0x7393, 0xC51F, 0xD5BF, 0xABDF, 0xA3BF, 0xA3DF, 0x9BFF, 0x9C3F, 0x9C7F, 0x949F, 0x949F, 0x849F,
  0x9D9F, 0xCF3F, 0xBEFF, 0x2A2B, 0x10C5, 0x10C6, 0x10C5, 0x10C5, 0x10E6, 0x10C5, 0x4BD2, 0xB7FF,
  0x36BF, 0x169F, 0x26BF, 0x1EBF, 0x1EBF, 0x1EBF, 0x16BF, 0x1EBF, 0x7FBF, 0x5DD9, 0x10C5, 0x10C5,
  0x10C5, 0x10C5, 0x10C5, 0x10C5, 0x10C5, 0x10C5, 0x10C5, 0x10C5, 0x10C5, 0x10C5, 0x10C5, 0x10C5,
  0x10C5, 0x8619, 0xA7FF, 0x475F, 0x577F, 0x579F, 0x477F, 0x5F7F, 0xBFFF, 0x6D15, 0x10C5, 0x10C6,
  0x10C5, 0x10C5, 0x10C5, 0x10C5, 0x10C5, 0x10C5, 0x10C5, 0x10C5, 0x1106, 0x56BC, 0x3F3F, 0x575F,
  0x86FE, 0x10C5, 0x10C5, 0x10C5, 0x10C5, 0x10C5, 0x10C5, 0x10C5, 0x10C5, 0x10C5, 0x10C5, 0x10C5,
  0x10C5, 0x10C5, 0xD212, 0xF8D1, 0xF870, 0xF131, 0x2906, 0x10C5, 0x10C5, 0x10C5, 0x10C5, 0x10C5,
  0x10C5, 0x10C5, 0x10C5, 0x10C5, 0x10C5, 0x10C5, 0x10C5, 0x18C5, 0xE2AF, 0xFA8F, 0xF80A, 0xF80B,
  0xF80B, 0xF80B, 0xF80A, 0xF94D, 0xF28F, 0x30E6, 0x10C5, 0xA1EB, 0xFA50, 0xF02B, 0xF80B, 0xF80B,
  0xF80B, 0xF82C, 0xF80B, 0xFA4F, 0xFA50, 0xFB52, 0xF92E, 0xF80C, 0xF82D, 0xF82E, 0xF80E, 0xF80E,
  0xF82E, 0xF82E, 0xF80E, 0xF9D2, 0xFAF5, 0xFAF5, 0xF8AF, 0xF80F, 0xF80F, 0xF810, 0xF830, 0xF80F,
  0xFB18, 0xFDDF, 0x59EB, 0x10C5, 0x10C6, 0x10C5, 0x10C5, 0x10C6, 0x10C5, 0x8AD2, 0xFE1F, 0xFC5F,
  0xFB9F, 0xFBBF, 0xFBDF, 0xFC5F, 0xFCDF, 0xFCFF, 0xF4FF, 0xECDF, 0xE4BD, 0xCC7B, 0xB439, 0xA3F7,
  0x8B54, 0x72F2, 0x5A8E, 0x39EB, 0x2128, 0x10E6, 0x10C5, 0x08A5, 0x8C55, 0xE5FF, 0xAB9F, 0xAB7F,
  0xABBF, 0xA3BF, 0x9BFF, 0x9C1F, 0x945F, 0x947F, 0x845F, 0x8CFF, 0xC6DF, 0xC6DE, 0x328D, 0x10C5,
  0x10C5, 0x10C5, 0x10C5, 0x10C5, 0x10E6, 0x10C5, 0x43D2, 0xB7FF, 0x36BF, 0x169F, 0x1EBF, 0x1EBF,
  0x169F, 0x1EBF, 0x16BF, 0x1EBF, 0x7FBF, 0x55D9, 0x10C5, 0x10C5, 0x10C5, 0x10C5, 0x10C5, 0x10C5,
  0x10C5, 0x10C5, 0x10C5, 0x10C5, 0x10C5, 0x10C5, 0x10C5, 0x10C5, 0x10C5, 0x8E5A, 0xA7FF, 0x3F5F,
  0x4F7F, 0x4F7F, 0x477F, 0x5F5F, 0xBFFF, 0x64F5, 0x10C5, 0x10C6, 0x10C5, 0x10C5, 0x10C5, 0x10C5,
  0x10C5, 0x10C5, 0x10C5, 0x10C5, 0x1106, 0x56BC, 0x3F3F, 0x4F5F, 0x86FE, 0x10C5, 0x10C5, 0x10C5,
  0x10C5, 0x10C5, 0x10C5, 0x10C5, 0x10C5, 0x10C5, 0x10C5, 0x10C5, 0x10C5, 0x10C5, 0xD212, 0xF8D1,
  0xF850, 0xF131, 0x2907, 0x10C5, 0x10C5, 0x10C5, 0x10C5, 0x10C5, 0x10C5, 0x10C5, 0x10C5, 0x10C5,
  0x10C5, 0x10C5, 0x10C5, 0x18C5, 0xE2AF, 0xFA6F, 0xF80A, 0xF80B, 0xF80B, 0xF80B, 0xF80A, 0xF94D,
  0xF20F, 0x30E6, 0x10C5, 0x3927, 0xFA91, 0xF90C, 0xF80B, 0xF80B, 0xF00B, 0xF02C, 0xF00C, 0xF8EC,
  0xFB71, 0xF1CE, 0xF80C, 0xF82D, 0xF80D, 0xF00D, 0xF00D, 0xF00E, 0xF82E, 0xF80E, 0xF8CF, 0xFA53,
  0xE1EF, 0xFB76, 0xF88F, 0xF80F, 0xF80F, 0xF80F, 0xF830, 0xF80F, 0xFAF8, 0xFDBF, 0x59EB, 0x10C5,
  0x10C6, 0x10C5, 0x10C5, 0x10C6, 0x10C5, 0x61EE, 0xB457, 0xA3B5, 0xA314, 0x9B13, 0x8B12, 0x72D0,
  0x5A8D, 0x51EC, 0x398A, 0x2969, 0x2107, 0x10C5, 0x10C5, 0x10C5, 0x10C5, 0x10C5, 0x10C5, 0x10C5,
  0x10C5, 0x10C5, 0x29C9, 0xC53B, 0xDCBF, 0xAB1F, 0xAB3F, 0xAB5F, 0xA37F, 0xA3BF, 0x9BDF, 0x93FF,
  0x941F, 0x8C3F, 0x9D1F, 0xC6BF, 0xAE3C, 0x2A2B, 0x10C5, 0x10C6, 0x10C5, 0x10C5, 0x10C5, 0x10C5,
  0x10E6, 0x10C5, 0x43D2, 0xB7FF, 0x36BF, 0x169F, 0x1E9F, 0x169F, 0x169F, 0x16BF, 0x16BF, 0x1EBF,
  0x77BF, 0x55B9, 0x10C5, 0x10C5, 0x10C5, 0x10C5, 0x10C5, 0x10C5, 0x10C5, 0x10C5, 0x10C5, 0x10C5,
  0x10C5, 0x10C5, 0x10C5, 0x10C5, 0x10C6, 0x8E9B, 0x97DF, 0x3F5F, 0x4F7F, 0x4F7F, 0x3F5F, 0x5F5F,
  0xC7FF, 0x6CF5, 0x10C5, 0x10C6, 0x10C5, 0x10C5, 0x10C5, 0x10C5, 0x10C5, 0x10C5, 0x10C5, 0x10C5,
  0x1106, 0x56BC, 0x373F, 0x575F, 0x86FE, 0x10C5, 0x10C5, 0x10C5, 0x10C5, 0x10C5, 0x10C5, 0x10C5,
  0x10C5, 0x10C5, 0x10C5, 0x10C5, 0x10C5, 0x10C5, 0xD1F2, 0xF8D1, 0xF850, 0xF111, 0x2906, 0x10C5,
  0x10C5, 0x10C5, 0x10C5, 0x10C5, 0x10C5, 0x10C5, 0x10C5, 0x10C5, 0x10C5, 0x10C5, 0x10C5, 0x18C5,
  0xE28F, 0xFA4F, 0xF80A, 0xF80B, 0xF80B, 0xF80B, 0xF80A, 0xF94D, 0xF20F, 0x28C5, 0x10C5, 0x10C5,
  0xB20C, 0xF9EF, 0xF00B, 0xF00C, 0xF80C, 0xF00C, 0xF00C, 0xF02C, 0xFA0F, 0xF04C, 0xF00C, 0xF00C,
  0xF00D, 0xF00D, 0xF00D, 0xF00D, 0xF00E, 0xF02E, 0xFA33, 0xA9EC, 0x71CA, 0xFB97, 0xF08F, 0xF80F,
  0xF80F, 0xF80F, 0xF830, 0xF80F, 0xFB18, 0xFDDF, 0x59EB, 0x10C5, 0x10C6, 0x10C5, 0x10C5, 0x10C5,
  0x10C5, 0x10C5, 0x10C5, 0x10C5, 0x10C5, 0x10C5, 0x10C5, 0x10C5, 0x10C5, 0x10C5, 0x10C5, 0x10C5,
  0x10C5, 0x10C5, 0x10C5, 0x10C5, 0x10C6, 0x10C6, 0x10C6, 0x10E6, 0x10C5, 0x4A8D, 0xE63D, 0xDCFF,
  0xA29F, 0xAAFF, 0xAB3F, 0xA33F, 0xA35F, 0x9B9F, 0x93DF, 0x93DF, 0x8BDF, 0xAD3F, 0xD71F, 0x8D38,
  0x1968, 0x10C5, 0x10C6, 0x10C5, 0x10C5, 0x10C5, 0x10C5, 0x10C5, 0x10E6, 0x10C5, 0x4BF2, 0xB7FF,
  0x2E9F, 0x0E7F, 0x169F, 0x169F, 0x0E9F, 0x16BF, 0x0EBF, 0x1EBF, 0x6FBF, 0x55D9, 0x10C5, 0x10C5,
  0x10C5, 0x10C5, 0x10C5, 0x10C5, 0x10C5, 0x10C5, 0x10C5, 0x10C5, 0x10C5, 0x10C5, 0x10C5, 0x10C5,
  0x1147, 0x9F3D, 0x87BF, 0x375F, 0x477F, 0x477F, 0x3F5F, 0x677F, 0xCFFF, 0x6453, 0x10C5, 0x10E6,
  0x10C5, 0x10C5, 0x10C5, 0x10C5, 0x10C5, 0x10C5, 0x10C5, 0x10C5, 0x1106, 0x4EBC, 0x373F, 0x4F3F,
  0x86FE, 0x10C5, 0x10C5, 0x10C5, 0x10C5, 0x10C5, 0x10C5, 0x10C5, 0x10C5, 0x10C5, 0x10C5, 0x10C5,
  0x10C5, 0x10C5, 0xD1F2, 0xF8B1, 0xF850, 0xF111, 0x2906, 0x10C5, 0x10C5, 0x10C5, 0x10C5, 0x10C5,
  0x10C5, 0x10C5, 0x10C5, 0x10C5, 0x10C5, 0x10C5, 0x10C5, 0x18C5, 0xE26F, 0xFA2F, 0xF00A, 0xF80B,
  0xF80B, 0xF80B, 0xF80B, 0xF92D, 0xF20F, 0x28E6, 0x10C5, 0x10C5, 0x4927, 0xFA50, 0xF0AC, 0xF00C,
  0xF00C, 0xF00C, 0xF00C, 0xF00C, 0xF00C, 0xF00C, 0xF00C, 0xF00C, 0xF00D, 0xF00D, 0xF00D, 0xF02D,
  0xF00D, 0xF0F0, 0xFA73, 0x2906, 0x714B, 0xFB37, 0xF08F, 0xF80F, 0xF80F, 0xF810, 0xF830, 0xF80E,
  0xF317, 0xFDBF, 0x59EB, 0x10C5, 0x10C6, 0x10C5, 0x10C5, 0x10C5, 0x10C5, 0x10C5, 0x10C6, 0x10C6,
  0x10C6, 0x10C6, 0x10C6, 0x10C6, 0x10C6, 0x10C6, 0x10C6, 0x10C5, 0x10C5, 0x10C5, 0x10C5, 0x10C5,
  0x10C5, 0x10C5, 0x10C5, 0x10C5, 0x7372, 0xF63F, 0xCBFF, 0xA2BE, 0xB31F, 0xAAFF, 0xA31F, 0xA33F,
  0x9B5F, 0x9B9F, 0x8B9F, 0x93FF, 0xBD9F, 0xC65F, 0x63B1, 0x08C5, 0x10C5, 0x10C6, 0x10C5, 0x10C5,
  0x10C5, 0x10C5, 0x10C5, 0x10C5, 0x10E6, 0x10C5, 0x4BD2, 0xB7FF, 0x2E7F, 0x067F, 0x169F, 0x169F,
  0x0E9F, 0x0E9F, 0x0E9F, 0x1E9F, 0x77BF, 0x55D9, 0x10C5, 0x10C5, 0x10C5, 0x10C5, 0x10C5, 0x10C5,
  0x10C5, 0x10C5, 0x10C5, 0x10C5, 0x10C5, 0x10C5, 0x10C5, 0x10C5, 0x222A, 0xB7DF, 0x6F7F, 0x375F,
  0x477F, 0x477F, 0x375F, 0x6F7F, 0xC7FF, 0x4BB1, 0x10C5, 0x10E6, 0x10C5, 0x10C5, 0x10C5, 0x10C5,
  0x10C5, 0x10C5, 0x10C5, 0x10C5, 0x1106, 0x4EBC, 0x371F, 0x4F3F, 0x86DE, 0x10C5, 0x10C5, 0x10C5,
  0x10C5, 0x10C5, 0x10C5, 0x10C5, 0x10C5, 0x10C5, 0x10C5, 0x10C5, 0x10C5, 0x10C5, 0xD1D2, 0xF8B1,
  0xF850, 0xF111, 0x2906, 0x10C5, 0x10C5, 0x10C5, 0x10C5, 0x10C5, 0x10C5, 0x10C5, 0x10C5, 0x10C5,
  0x10C5, 0x10C5, 0x10C5, 0x18C5, 0xE24F, 0xFA0E, 0xF00B, 0xF80B, 0xF80B, 0xF80C, 0xF80B, 0xF92E,
  0xF230, 0x28E6, 0x10C5, 0x10C5, 0x10C5, 0xC1ED, 0xF9AF, 0xE80B, 0xF00C, 0xF00C, 0xF00C, 0xF00C,
  0xF00C, 0xF00C, 0xF00C, 0xF00D, 0xF00D, 0xF00D, 0xF00D, 0xF00D, 0xE84E, 0xF9F4, 0x818A, 0x10C5,
  0x816C, 0xFB17, 0xF08F, 0xF80F, 0xF80F, 0xF810, 0xF830, 0xF80F, 0xFAF8, 0xFD7F, 0x59EB, 0x10C5,
  0x10C6, 0x10C5, 0x10C5, 0x10C5, 0x10C5, 0x10C5, 0x10C5, 0x10C5, 0x10C5, 0x10C5, 0x10C5, 0x10C5,
  0x10C5, 0x10C5, 0x10C5, 0x10C5, 0x10C5, 0x10C5, 0x10C5, 0x10C5, 0x10C6, 0x10C5, 0x10E6, 0x9435,
  0xF5FF, 0xC33F, 0xAA7F, 0xB2FF, 0xAAFF, 0xAADF, 0xA2FF, 0x9B3F, 0x9B3F, 0x939F, 0xACBF, 0xCE5F,
  0x9D39, 0x29EB, 0x10C5, 0x10C6, 0x10C6, 0x10C5, 0x10C5, 0x10C5, 0x10C5, 0x10C5, 0x10C5, 0x10C5,
  0x10E6, 0x10C5, 0x43D2, 0xA7DF, 0x2E7F, 0x065F, 0x0E7F, 0x0E9F, 0x0E7F, 0x0E9F, 0x0E9F, 0x1E9F,
  0x77BF, 0x55B9, 0x10C5, 0x10C5, 0x10C5, 0x10C5, 0x10C5, 0x10C5, 0x10C5, 0x10C5, 0x10C5, 0x10C5,
  0x10C5, 0x10C5, 0x10E6, 0x10C5, 0x4BF1, 0xC7FF, 0x5F5F, 0x3F7F, 0x477F, 0x477F, 0x375F, 0x7F7F,
  0xBFFF, 0x32ED, 0x10C5, 0x10C6, 0x10C5, 0x10C5, 0x10C5, 0x10C5, 0x10C5, 0x10C5, 0x10C5, 0x10C5,
  0x1106, 0x4E9C, 0x371F, 0x573F, 0x86FE, 0x10C5, 0x10C5, 0x10C5, 0x10C5, 0x10C5, 0x10C5, 0x10C5,
  0x10C5, 0x10C5, 0x10C5, 0x10C5, 0x10C5, 0x10C5, 0xD1B2, 0xF8B2, 0xF850, 0xF111, 0x2906, 0x10C5,
  0x10C5, 0x10C5, 0x10C5, 0x10C5, 0x10C5, 0x10C5, 0x10C5, 0x10C5, 0x10C5, 0x10C5, 0x10C5, 0x18C5,
  0xE24F, 0xF9EE, 0xF00B, 0xF80B, 0xF80B, 0xF80C, 0xF00B, 0xF92E, 0xF230, 0x28E6, 0x10C5, 0x10C5,
  0x10C5, 0x5127, 0xFA11, 0xE88D, 0xF00C, 0xF00C, 0xF00C, 0xE80C, 0xE80C, 0xE80C, 0xE80D, 0xE80D,
  0xE80D, 0xE80D, 0xF00D, 0xE80C, 0xF931, 0xC9F0, 0x10E5, 0x10C5, 0x794B, 0xFB37, 0xF08F, 0xF80F,
  0xF80F, 0xF810, 0xF830, 0xF80F, 0xFAF8, 0xFD5F, 0x51EB, 0x10C5, 0x10C6, 0x10C5, 0x10C5, 0x10C5,
  0x10C5, 0x10C5, 0x10C5, 0x10C5, 0x10C5, 0x10C5, 0x10C5, 0x10C5, 0x10C5, 0x10C5, 0x10C5, 0x10C5,
  0x10C5, 0x10C5, 0x10C5, 0x10C6, 0x10C5, 0x2148, 0xBD39, 0xFE1F, 0xBB1F, 0xB23F, 0xB2BF, 0xAABF,
  0xAABF, 0xA2DF, 0xA2DF, 0x92BF, 0x933F, 0xB4BF, 0xAD5D, 0x4B2F, 0x10C5, 0x10C5, 0x10C5, 0x10C5,
  0x10C5, 0x10C6, 0x10C5, 0x10C5, 0x10C5, 0x10C5, 0x10C5, 0x10C5, 0x10E6, 0x10C5, 0x43D2, 0x97DF,
  0x2E7F, 0x065F, 0x0E7F, 0x0E7F, 0x0E7F, 0x069F, 0x069F, 0x169F, 0x6F9F, 0x55B9, 0x10C5, 0x10C5,
  0x10C5, 0x10C5, 0x10C5, 0x10C5, 0x10C5, 0x10C5, 0x10C5, 0x10C5, 0x10C5, 0x10C5, 0x10C6, 0x10C5,
  0x8E7A, 0xAFFF, 0x3F3F, 0x3F5F, 0x3F5F, 0x3F5F, 0x3F5F, 0x97BF, 0xA7BF, 0x19C9, 0x10C5, 0x10C5,
  0x10C5, 0x10C5, 0x10C5, 0x10C5, 0x10C5, 0x10C5, 0x10C5, 0x10C5, 0x1106, 0x4EBD, 0x2F1F, 0x4F3F,
  0x86FE, 0x10C5, 0x10C5, 0x10C5, 0x10C5, 0x10C5, 0x10C5, 0x10C5, 0x10C5, 0x10C5, 0x10C5, 0x10C5,
  0x10C5, 0x10C5, 0xD1B3, 0xF892, 0xF831, 0xF111, 0x2907, 0x10C5, 0x10C5, 0x10C5, 0x10C5, 0x10C5,
  0x10C5, 0x10C5, 0x10C5, 0x10C5, 0x10C5, 0x10C5, 0x10C5, 0x18C5, 0xE24F, 0xF9CE, 0xF00B, 0xF80C,
  0xF80C, 0xF80C, 0xF00B, 0xF90E, 0xF1F0, 0x28E5, 0x10C5, 0x10C5, 0x10C5, 0x10C5, 0xC9CD, 0xF970,
  0xE80C, 0xE80D, 0xE80D, 0xE80D, 0xE80C, 0xE80D, 0xE80D, 0xE80D, 0xE80D, 0xE82D, 0xE80D, 0xF06E,
  0xF9D2, 0x4127, 0x10C5, 0x10C5, 0x818C, 0xFB57, 0xF06E, 0xF80F, 0xF810, 0xF810, 0xF830, 0xF80F,
  0xF2D8, 0xFD5F, 0x51EB, 0x10C5, 0x10C6, 0x10C5, 0x10C5, 0x10C5, 0x10C5, 0x10C5, 0x10C5, 0x10C5,
  0x10C5, 0x10C5, 0x10C5, 0x10C5, 0x10C5, 0x10C5, 0x10C5, 0x10C5, 0x10C5, 0x10C5, 0x10C6, 0x10C5,
  0x39CB, 0xCD3C, 0xED5F, 0xBA9E, 0xBA3F, 0xBA9F, 0xAA7F, 0xAA7F, 0xA29F, 0x9A9F, 0x9ABF, 0xABFF,
  0xBCDF, 0x9C3E, 0x6B79, 0x73D4, 0x94B7, 0x8CD7, 0x6C14, 0x532F, 0x1989, 0x10C5, 0x10C5, 0x10C5,
  0x10C5, 0x10C5, 0x10C5, 0x10C5, 0x10E6, 0x10C5, 0x43D2, 0x97DF, 0x2E7F, 0x065F, 0x0E5F, 0x0E7F,
  0x067F, 0x067F, 0x067F, 0x167F, 0x6F9F, 0x55BA, 0x10C5, 0x10C5, 0x10C5, 0x10C5, 0x10C5, 0x10C5,
  0x10C5, 0x10C5, 0x10C5, 0x10C5, 0x10C5, 0x10E6, 0x10C5, 0x3B4F, 0xB7FF, 0x6F5F, 0x2F3F, 0x3F5F,
  0x3F5F, 0x375F, 0x4F5F, 0x9FFF, 0x7EBC, 0x08E6, 0x10C5, 0x10C5, 0x10C5, 0x10C5, 0x10C5, 0x10C5,
  0x10C5, 0x10C5, 0x10C5, 0x10C5, 0x1106, 0x4EBD, 0x371F, 0x4F3F, 0x86DE, 0x10C5, 0x10C5, 0x10C5,
  0x10C5, 0x10C5, 0x10C5, 0x10C5, 0x10C5, 0x10C5, 0x10C5, 0x10C5, 0x10C5, 0x10C5, 0xD1B3, 0xF892,
  0xF831, 0xF0F1, 0x2907, 0x10C5, 0x10C5, 0x10C5, 0x10C5, 0x10C5, 0x10C5, 0x10C5, 0x10C5, 0x10C5,
  0x10C5, 0x10C5, 0x10C5, 0x18C5, 0xE22F, 0xF9CF, 0xF00B, 0xF00C, 0xF00C, 0xF00C, 0xF00B, 0xF8EE,
  0xF1F0, 0x28E6, 0x10C5, 0x10C5, 0x10C5, 0x10C5, 0x5948, 0xF9D1, 0xE88D, 0xE80C, 0xE80D, 0xE80C,
  0xE80C, 0xE80D, 0xE80D, 0xE80D, 0xE80D, 0xE80D, 0xE80D, 0xF953, 0x918C, 0x10C5, 0x10C6, 0x10C5,
  0x81AD, 0xFB78, 0xF08F, 0xF80F, 0xF810, 0xF810, 0xF830, 0xF80F, 0xF2D8, 0xFD3F, 0x520B, 0x10C5,
  0x10C6, 0x10C5, 0x10C5, 0x10C5, 0x10C5, 0x10C5, 0x10C5, 0x10C5, 0x10C5, 0x10C5, 0x10C5, 0x10C5,
  0x10C5, 0x10C5, 0x10C5, 0x10C5, 0x10C5, 0x10C6, 0x10C5, 0x5AAE, 0xED9E, 0xDC5F, 0xB1FE, 0xBA3F,
  0xBA7F, 0xB25F, 0xAA5F, 0xA27F, 0x9A5F, 0xA2FF, 0xBC9F, 0xC53F, 0xB4DF, 0xB4DF, 0xBD3F, 0xBD7F,
  0xBDDF, 0xC65F, 0xBE9F, 0xCF1F, 0xB67E, 0x7C95, 0x1968, 0x10C5, 0x10C5, 0x10C5, 0x10C5, 0x10C5,
  0x10E6, 0x10C5, 0x3BD2, 0x9FDF, 0x2E5F, 0x063F, 0x0E5F, 0x065F, 0x065F, 0x065F, 0x065F, 0x0E5F,
  0x6F9F, 0x55B9, 0x10C5, 0x10C5, 0x10C5, 0x10C5, 0x10C5, 0x10C5, 0x10C5, 0x10C5, 0x10C5, 0x10C5,
  0x10C6, 0x10C5, 0x1968, 0x9F1D, 0x9FBF, 0x373F, 0x2F3F, 0x375F, 0x3F5F, 0x2F5F, 0x6F7F, 0xA7FF,
  0x5CF5, 0x10C5, 0x10C6, 0x10C5, 0x10C5, 0x10C5, 0x10C5, 0x10C5, 0x10C5, 0x10C5, 0x10C5, 0x10C5,
  0x1106, 0x4EBD, 0x2F1F, 0x4F1F, 0x86DE, 0x10C5, 0x10C5, 0x10C5, 0x10C5, 0x10C5, 0x10C5, 0x10C5,
  0x10C5, 0x10C5, 0x10C5, 0x10C5, 0x10C5, 0x10C5, 0xD1B3, 0xF893, 0xF811, 0xF0F1, 0x2907, 0x10C5,
  0x10C5, 0x10C5, 0x10C5, 0x10C5, 0x10C5, 0x10C5, 0x10C5, 0x10C5, 0x10C5, 0x10C5, 0x10C5, 0x18C6,
  0xE20F, 0xF9AE, 0xF00B, 0xF00B, 0xF00B, 0xF00C, 0xF00B, 0xF8EE, 0xF1F0, 0x28E6, 0x10C5, 0x10C5,
  0x10C5, 0x10C5, 0x10C5, 0xD1AD, 0xF950, 0xE00C, 0xE80D, 0xE80D, 0xE80D, 0xE80D, 0xE80D, 0xE80D,
  0xE82D, 0xE00D, 0xF090, 0xD970, 0x18E6, 0x10C5, 0x10C6, 0x10C5, 0x81AD, 0xFB38, 0xF06F, 0xF810,
  0xF810, 0xF810, 0xF830, 0xF80F, 0xF2B8, 0xFD1F, 0x51EB, 0x10C5, 0x10C6, 0x10C5, 0x10C5, 0x10C5,
  0x10C5, 0x10C5, 0x10C5, 0x10C5, 0x10C5, 0x10C5, 0x10C5, 0x10C5, 0x10C5, 0x10C5, 0x10C5, 0x10C5,
  0x10C6, 0x10C5, 0x7B52, 0xFDBF, 0xDBDF, 0xB9FF, 0xC21F, 0xBA3F, 0xB23F, 0xAA3F, 0xAA3F, 0xA25F,
  0x9A7F, 0x9ABF, 0x9ABF, 0x8A7F, 0x92DF, 0x82FF, 0x7B3F, 0x7B3F, 0x7B7F, 0x737F, 0x6B9F, 0x84BF,
  0xA61F, 0xD75F, 0xB67C, 0x322A, 0x10C5, 0x10C5, 0x10C5, 0x10C5, 0x10E6, 0x10C5, 0x3BB2, 0x97BF,
  0x2E5F, 0x063F, 0x065F, 0x065F, 0x065F, 0x065F, 0x065F, 0x165F, 0x779F, 0x5599, 0x10C5, 0x10C5,
  0x10C5, 0x10C5, 0x10C5, 0x10C5, 0x10C5, 0x10C5, 0x10C5, 0x10E6, 0x10C5, 0x10E6, 0x8619, 0xB7FF,
  0x575F, 0x273F, 0x373F, 0x373F, 0x375F, 0x375F, 0x879F, 0x9FFF, 0x2AAD, 0x10C5, 0x10C6, 0x10C5,
  0x10C5, 0x10C5, 0x10C5, 0x10C5, 0x10C5, 0x10C5, 0x10C5, 0x10C5, 0x1106, 0x4E9D, 0x2F1F, 0x4F1F,
  0x86DE, 0x10C5, 0x10C5, 0x10C5, 0x10C5, 0x10C5, 0x10C5, 0x10C5, 0x10C5, 0x10C5, 0x10C5, 0x10C5,
  0x10C5, 0x10C5, 0xD1D3, 0xF893, 0xF811, 0xF0F2, 0x2907, 0x10C5, 0x10C5, 0x10C5, 0x10C5, 0x10C5,
  0x10C5, 0x10C5, 0x10C5, 0x10C5, 0x10C5, 0x10C5, 0x10C5, 0x18C6, 0xE1EF, 0xF96E, 0xF00B, 0xF00C,
  0xF00C, 0xF00C, 0xF00B, 0xF8EE, 0xF1D0, 0x28E6, 0x10C5, 0x10C5, 0x10C5, 0x10C5, 0x10C5, 0x6148,
  0xF9D2, 0xE88D, 0xE00C, 0xE80D, 0xE80D, 0xE80D, 0xE00D, 0xE80E, 0xE00D, 0xE04E, 0xF953, 0x5928,
  0x10C5, 0x10C5, 0x10C6, 0x10C5, 0x81AD, 0xFB17, 0xF06F, 0xF810, 0xF810, 0xF810, 0xF831, 0xF00F,
  0xF2B8, 0xFCDF, 0x51EB, 0x10C5, 0x10C6, 0x10C5, 0x10C5, 0x10C5, 0x10C5, 0x10C5, 0x10C5, 0x10C5,
  0x10C5, 0x10C5, 0x10C5, 0x10C5, 0x10C5, 0x10C5, 0x10C5, 0x10C5, 0x10C5, 0x10C5, 0xBC3A, 0xECFF,
  0xBA1F, 0xC1DF, 0xB9FF, 0xB9FF, 0xB21F, 0xAA1F, 0xA21F, 0xA23F, 0x9A5F, 0x923F, 0x925F, 0x8A5F,
  0x8A5F, 0x829F, 0x7AFF, 0x7B1F, 0x7B3F, 0x737F, 0x6B5F, 0x637F, 0x5B7F, 0x8D3F, 0xB69F, 0xAE5D,
  0x2188, 0x10C5, 0x10C5, 0x10C5, 0x10E6, 0x10C5, 0x3BB2, 0x8F9F, 0x2E3F, 0x061F, 0x061F, 0x063F,
  0x063F, 0x063F, 0x063F, 0x165F, 0x677F, 0x4579, 0x10C5, 0x10C5, 0x10C5, 0x10C5, 0x10C5, 0x10C5,
  0x10C5, 0x10C5, 0x10C6, 0x10C5, 0x1947, 0x75D8, 0xA7FF, 0x675F, 0x1F1F, 0x2F3F, 0x273F, 0x2F3F,
  0x1F1F, 0x4F5F, 0x8FBF, 0x769C, 0x10E6, 0x10C5, 0x10C5, 0x10C5, 0x10C5, 0x10C5, 0x10C5, 0x10C5,
  0x10C5, 0x10C5, 0x10C5, 0x10C5, 0x1106, 0x4E9D, 0x26FF, 0x4F3F, 0x86DE, 0x10C5, 0x10C5, 0x10C5,
  0x10C5, 0x10C5, 0x10C5, 0x10C5, 0x10C5, 0x10C5, 0x10C5, 0x10C5, 0x10C5, 0x10C5, 0xD1D4, 0xF893,
  0xF812, 0xF0F2, 0x2906, 0x10C5, 0x10C5, 0x10C5, 0x10C5, 0x10C5, 0x10C5, 0x10C5, 0x10C5, 0x10C5,
  0x10C5, 0x10C5, 0x10C5, 0x18C6, 0xE1CF, 0xF94E, 0xF00B, 0xF00C, 0xF00C, 0xF00C, 0xF00C, 0xF8EE,
  0xF1D0, 0x28E6, 0x10C5, 0x10C5, 0x10C5, 0x10C5, 0x10C5, 0x10E5, 0xD1AF, 0xF950, 0xD80C, 0xE00D,
  0xE00D, 0xE00D, 0xE00D, 0xE00E, 0xE00D, 0xF8F2, 0xB12D, 0x10C5, 0x10C5, 0x10C5, 0x10C6, 0x10C5,
  0x818D, 0xFAF7, 0xF070, 0xF010, 0xF810, 0xF010, 0xF831, 0xF00F, 0xF278, 0xFCBF, 0x51EB, 0x10C5,
  0x10C6, 0x10C5, 0x10C5, 0x10C5, 0x10C5, 0x10C5, 0x10C5, 0x10C5, 0x10C5, 0x10C5, 0x10C5, 0x10C5,
  0x10C5, 0x10C5, 0x10C5, 0x10C5, 0x10C5, 0x10C5, 0xABB9, 0xE47F, 0xB9DF, 0xB9DF, 0xB9DF, 0xB1FF,
  0xA9FF, 0xA1FF, 0xA21F, 0xA21F, 0x9A3F, 0x923F, 0x8A5F, 0x8A3F, 0x8A5F, 0x827F, 0x7ABF, 0x7ADF,
  0x7B1F, 0x735F, 0x6B5F, 0x6B7F, 0x63BF, 0x537F, 0x8D7F, 0xC71F, 0x8517, 0x10C5, 0x10C6, 0x10C5,
  0x10E6, 0x10C5, 0x3BB2, 0x879F, 0x2E3F, 0x05FF, 0x061F, 0x061F, 0x063F, 0x063F, 0x063F, 0x165F,
  0x677F, 0x4D9A, 0x10C5, 0x10C5, 0x10C5, 0x10C5, 0x10C5, 0x10C5, 0x10C6, 0x10C5, 0x10C5, 0x328C,
  0x8EBB, 0xA7FF, 0x675F, 0x273F, 0x273F, 0x273F, 0x2F3F, 0x273F, 0x2F3F, 0x7F7F, 0x8FFF, 0x33D1,
  0x10C5, 0x10E6, 0x10C5, 0x10C5, 0x10C5, 0x10C5, 0x10C5, 0x10C5, 0x10C5, 0x10C5, 0x10C5, 0x10C5,
  0x1106, 0x4E9D, 0x271F, 0x4F3F, 0x8EFE, 0x10C5, 0x10C5, 0x10C5, 0x10C5, 0x10C5, 0x10C5, 0x10C5,
  0x10C5, 0x10C5, 0x10C5, 0x10C5, 0x10C5, 0x10C5, 0xD1B3, 0xF873, 0xF812, 0xF0F2, 0x2907, 0x10C5,
  0x10C5, 0x10C5, 0x10C5, 0x10C5, 0x10C5, 0x10C5, 0x10C5, 0x10C5, 0x10C5, 0x10C5, 0x10C5, 0x18C6,
  0xE1AF, 0xF94E, 0xE80B, 0xF00C, 0xF00C, 0xF00C, 0xE80B, 0xF0CE, 0xF190, 0x28E6, 0x10C5, 0x10C5,
  0x10C5, 0x10C5, 0x10C5, 0x10C5, 0x6128, 0xF9B2, 0xE08D, 0xE00D, 0xE00D, 0xE00D, 0xE00D, 0xD80D,
  0xE870, 0xF111, 0x30E6, 0x10C5, 0x10C5, 0x10C5, 0x10C6, 0x10C5, 0x816C, 0xFAB7, 0xF06F, 0xF010,
  0xF010, 0xF010, 0xF031, 0xF00F, 0xF278, 0xFC9F, 0x51CB, 0x10C5, 0x10C6, 0x10C5, 0x10C5, 0x10C5,
  0x10C5, 0x10C5, 0x10C5, 0x10C5, 0x10C5, 0x10C5, 0x10C5, 0x10C5, 0x10C5, 0x10C5, 0x10C5, 0x10C5,
  0x10C5, 0x10C5, 0xB3B9, 0xE47F, 0xB9BF, 0xB9DF, 0xB1DF, 0xB1DF, 0xA9DF, 0xA9FF, 0xA21F, 0x9A1F,
  0x9A1F, 0x8A1F, 0x8A3F, 0x8A3F, 0x825F, 0x7A5F, 0x7A9F, 0x72BF, 0x72DF, 0x731F, 0x6B3F, 0x635F,
  0x639F, 0x5BBF, 0x641F, 0xA65F, 0xB69F, 0x21A9, 0x10C5, 0x10C5, 0x10E6, 0x10C5, 0x3392, 0x7F7F,
  0x261E, 0x05DF, 0x061F, 0x05FF, 0x061F, 0x061F, 0x061F, 0x163F, 0x677F, 0x4D9A, 0x10C5, 0x10C5,
  0x10C5, 0x10C6, 0x10C6, 0x10C5, 0x10C5, 0x220A, 0x6556, 0x9FDF, 0xA7DF, 0x5F5F, 0x171F, 0x271F,
  0x273F, 0x271F, 0x2F3F, 0x1F3F, 0x575F, 0x87BF, 0x669B, 0x1107, 0x10C6, 0x10C5, 0x10C5, 0x10C5,
  0x10C5, 0x10C5, 0x10C5, 0x10C5, 0x10C5, 0x10C5, 0x10C5, 0x10C5, 0x1106, 0x469D, 0x271F, 0x473F,
  0x86DE, 0x10C5, 0x10C5, 0x10C5, 0x10C5, 0x10C5, 0x10C5, 0x10C5, 0x10C5, 0x10C5, 0x10C5, 0x10C5,
  0x10C5, 0x10C5, 0xD1B3, 0xF873, 0xF812, 0xF0D2, 0x2907, 0x10C5, 0x10C5, 0x10C5, 0x10C5, 0x10C5,
  0x10C5, 0x10C5, 0x10C5, 0x10C5, 0x10C5, 0x10C5, 0x10C5, 0x18C6, 0xE1AF, 0xF94E, 0xE80B, 0xF00C,
  0xF00C, 0xF00C, 0xE80C, 0xF0CF, 0xF190, 0x28E6, 0x10C5, 0x10C5, 0x10C5, 0x10C5, 0x10C5, 0x10C5,
  0x10C5, 0xD18F, 0xF8D0, 0xD80D, 0xE00D, 0xE00D, 0xE00D, 0xE02D, 0xF8F2, 0x810A, 0x10C5, 0x10C5,
  0x10C5, 0x10C5, 0x10C6, 0x10C5, 0x818D, 0xFAB7, 0xF06F, 0xF010, 0xF010, 0xF010, 0xF031, 0xF00F,
  0xF278, 0xFC7F, 0x51CB, 0x10C5, 0x10C6, 0x10C5, 0x10C5, 0x10C5, 0x10C5, 0x10C5, 0x10C5, 0x10C5,
  0x10C5, 0x10C5, 0x10C5, 0x10C5, 0x10C5, 0x10C5, 0x10C5, 0x10C5, 0x10C5, 0x10C5, 0xB3DA, 0xECDF,
  0xB19E, 0xB15F, 0xA93F, 0xA15F, 0xA19F, 0xA19F, 0x99BF, 0x91BF, 0x899F, 0x899F, 0x81DF, 0x821F,
  0x825F, 0x7A5F, 0x727F, 0x729F, 0x6A9F, 0x6AFF, 0x6B1F, 0x633F, 0x5B7F, 0x5BBF, 0x4B7F, 0x8D9F,
  0xB6DF, 0x4B30, 0x10C5, 0x10C6, 0x10E6, 0x10C5, 0x3392, 0x7F5F, 0x25FE, 0x05DF, 0x05FF, 0x05FF,
  0x05FF, 0x061F, 0x061F, 0x161F, 0x5F7F, 0x4D99, 0x10C5, 0x10C6, 0x10C6, 0x10C5, 0x10C5, 0x1988,
  0x54D4, 0x9FBF, 0xAFFF, 0x7F7F, 0x371F, 0x171F, 0x1F1F, 0x1F1F, 0x271F, 0x273F, 0x171F, 0x475F,
  0x777F, 0x7FDF, 0x226C, 0x10C5, 0x10C6, 0x10C5, 0x10C5, 0x10C5, 0x10C5, 0x10C5, 0x10C5, 0x10C5,
  0x10C5, 0x10C5, 0x10C5, 0x10C5, 0x1106, 0x467D, 0x26FF, 0x3F1F, 0x86DE, 0x10C5, 0x10C5, 0x10C5,
  0x10C5, 0x10C5, 0x10C5, 0x10C5, 0x10C5, 0x10C5, 0x10C5, 0x10C5, 0x10C5, 0x10C5, 0xD1D3, 0xF893,
  0xF811, 0xF0D2, 0x2907, 0x10C5, 0x10C5, 0x10C5, 0x10C5, 0x10C5, 0x10C5, 0x10C5, 0x10C5, 0x10C5,
  0x10C5, 0x10C5, 0x10C5, 0x18C6, 0xE1AF, 0xF92E, 0xE80B, 0xF00C, 0xE80C, 0xE80C, 0xE80C, 0xF0CE,
  0xF190, 0x28E6, 0x10C5, 0x10C5, 0x10C5, 0x10C5, 0x10C5, 0x10C5, 0x10C5, 0x6949, 0xF952, 0xE06D,
  0xE00D, 0xE00D, 0xD80D, 0xF091, 0xD90E, 0x18C5, 0x10C6, 0x10C5, 0x10C5, 0x10C5, 0x10C6, 0x10C5,
  0x818D, 0xFAB7, 0xE86F, 0xF010, 0xF010, 0xF010, 0xF011, 0xF00F, 0xF258, 0xFC5F, 0x51CB, 0x10C5,
  0x10C6, 0x10C5, 0x10C5, 0x10C5, 0x10C5, 0x10C5, 0x10C5, 0x10C5, 0x10C5, 0x10C5, 0x10C5, 0x10C5,
  0x10C5, 0x10C5, 0x10C5, 0x10C5, 0x10C5, 0x10C5, 0xB3FA, 0xE45F, 0xC27F, 0xC2BF, 0xCAFF, 0xCB5F,
  0xC35F, 0xC33F, 0xBB3F, 0xB33F, 0xAB1F, 0xAAFF, 0x9ADF, 0x8A3F, 0x79DF, 0x7A3F, 0x727F, 0x727F,
  0x6A9F, 0x6ADF, 0x62FF, 0x631F, 0x5B5F, 0x5BBF, 0x4B7F, 0x853F, 0xBEDF, 0x6435, 0x10C5, 0x10C6,
  0x10E6, 0x10C5, 0x3391, 0x773F, 0x25DE, 0x05BF, 0x05DE, 0x05DE, 0x05DF, 0x05DF, 0x05FF, 0x0E1F,
  0x677F, 0x4D9A, 0x10C6, 0x10C5, 0x10C5, 0x11A9, 0x5494, 0x975E, 0xA7FF, 0x877F, 0x3F1F, 0x0EFF,
  0x16FF, 0x1F1F, 0x171F, 0x1F1F, 0x271F, 0x171F, 0x3F5F, 0x6F5F, 0x7FFF, 0x3432, 0x10C5, 0x10C6,
  0x10C5, 0x10C5, 0x10C5, 0x10C5, 0x10C5, 0x10C5, 0x10C5, 0x10C5, 0x10C5, 0x10C5, 0x10C5, 0x10C5,
  0x1106, 0x3E7C, 0x26FF, 0x3F1F, 0x8EFE, 0x10C5, 0x10C5, 0x10C5, 0x10C5, 0x10C5, 0x10C5, 0x10C5,
  0x10C5, 0x10C5, 0x10C5, 0x10C5, 0x10C5, 0x10C5, 0xD1D3, 0xF873, 0xF812, 0xF0D2, 0x2907, 0x10C5,
  0x10C5, 0x10C5, 0x10C5, 0x10C5, 0x10C5, 0x10C5, 0x10C5, 0x10C5, 0x10C5, 0x10C5, 0x10C5, 0x18C6,
  0xE16F, 0xF8EE, 0xE80B, 0xE80C, 0xE80C, 0xE80C, 0xE80C, 0xF0AE, 0xF16F, 0x28E6, 0x10C5, 0x10C5,
  0x10C5, 0x10C5, 0x10C5, 0x10C5, 0x10C5, 0x18E5, 0xD94F, 0xF8D0, 0xD80C, 0xD80D, 0xE04E, 0xF912,
  0x48E7, 0x10C5, 0x10C5, 0x10C5, 0x10C5, 0x10C5, 0x10C6, 0x10C5, 0x816D, 0xFA76, 0xE86F, 0xF010,
  0xF010, 0xF010, 0xF011, 0xE810, 0xF258, 0xFC1F, 0x51AB, 0x10C5, 0x10C6, 0x10C5, 0x10C5, 0x10C5,
  0x10C5, 0x10C5, 0x10C5, 0x10C5, 0x10C5, 0x10C5, 0x10C5, 0x10C5, 0x10C5, 0x10C5, 0x10C5, 0x10C5,
  0x10C5, 0x10C5, 0xBC1A, 0xEC3F, 0xD35F, 0xDC5E, 0xD45D, 0xCC1D, 0xC3BD, 0xBB9C, 0xBBBC, 0xBBDD,
  0xC43D, 0xCCBF, 0xCCDF, 0xBC1F, 0x931F, 0x71DF, 0x723F, 0x727F, 0x6A7F, 0x6ADF, 0x62DF, 0x62DF,
  0x5B1F, 0x5B9F, 0x537F, 0x7CDF, 0xB69F, 0x7476, 0x10C5, 0x10C6, 0x10E6, 0x10C5, 0x3371, 0x773F,
  0x25BE, 0x059E, 0x05BE, 0x05BE, 0x05DE, 0x05DE, 0x05DE, 0x15FE, 0x6F7F, 0x3D39, 0x10C5, 0x19EA,
  0x54B4, 0x873E, 0xA7FF, 0x7F7F, 0x3EFF, 0x0EFF, 0x0EFF, 0x16FF, 0x16FF, 0x16FF, 0x16FF, 0x16FF,
  0x16FF, 0x473F, 0x6F5F, 0x6FFF, 0x3C74, 0x10C5, 0x10C6, 0x10C5, 0x10C5, 0x10C5, 0x10C5, 0x10C5,
  0x10C5, 0x10C5, 0x10C5, 0x10C5, 0x10C5, 0x10C5, 0x10C5, 0x10C5, 0x1106, 0x3E7C, 0x26FF, 0x3F1F,
  0x86FE, 0x10C5, 0x10C5, 0x10C5, 0x10C5, 0x10C5, 0x10C5, 0x10C5, 0x10C5, 0x10C5, 0x10C5, 0x10C5,
  0x10C5, 0x10C5, 0xD1D4, 0xF893, 0xF812, 0xF0D2, 0x2907, 0x10C5, 0x10C5, 0x10C5, 0x10C5, 0x10C5,
  0x10C5, 0x10C5, 0x10C5, 0x10C5, 0x10C5, 0x10C5, 0x10C5, 0x18C6, 0xE170, 0xF92E, 0xE82C, 0xE80C,
  0xE80C, 0xE80C, 0xE80C, 0xF08E, 0xF150, 0x28E6, 0x10C5, 0x10C5, 0x10C5, 0x10C5, 0x10C5, 0x10C5,
  0x10C5, 0x10C5, 0x712A, 0xF8F2, 0xD84D, 0xD80D, 0xF8B2, 0xA12C, 0x10C5, 0x10C5, 0x10C5, 0x10C5,
  0x10C5, 0x10C5, 0x10C6, 0x10C5, 0x814C, 0xFA56, 0xE86F, 0xE810, 0xF010, 0xE810, 0xE811, 0xE810,
  0xF217, 0xFBFF, 0x51AB, 0x10C5, 0x10C6, 0x10C5, 0x10C5, 0x10C5, 0x10C5, 0x10C5, 0x10C5, 0x10C5,
  0x10C5, 0x10C5, 0x10C5, 0x10C5, 0x10C5, 0x10C5, 0x10C5, 0x10C5, 0x10C5, 0x10C5, 0x316A, 0x398B,
  0x2929, 0x2948, 0x1907, 0x18E7, 0x10E7, 0x10C6, 0x10C6, 0x10E7, 0x1907, 0x296A, 0x422D, 0x8337,
  0xBC5F, 0x9BDF, 0x69FF, 0x6A3F, 0x6A5F, 0x629F, 0x62BF, 0x62DF, 0x5AFF, 0x535F, 0x4B3F, 0x6C9F,
  0xAE7F, 0x7476, 0x10C5, 0x10C6, 0x10E6, 0x10C5, 0x2B71, 0x773F, 0x25BE, 0x059E, 0x059E, 0x05BE,
  0x05DE, 0x05DE, 0x05DE, 0x0DDE, 0x573F, 0x253A, 0x4CD5, 0x979F, 0x8FDF, 0x6F3F, 0x3EDF, 0x0EBF,
  0x06BF, 0x0EFF, 0x16DF, 0x0EDF, 0x16FF, 0x16FF, 0x06FF, 0x16FF, 0x4F3F, 0x6F7F, 0x6FDF, 0x3433,
  0x10C5, 0x10C6, 0x10C5, 0x10C5, 0x10C5, 0x10C5, 0x10C5, 0x10C5, 0x10C5, 0x10C5, 0x10C5, 0x10C5,
  0x10C5, 0x10C5, 0x10C5, 0x10C5, 0x1106, 0x3E7C, 0x26FF, 0x3F1F, 0x86FE, 0x10C5, 0x10C5, 0x10C5,
  0x10C5, 0x10C5, 0x10C5, 0x10C5, 0x10C5, 0x10C5, 0x10C5, 0x10C5, 0x10C5, 0x10C5, 0xD1F4, 0xF894,
  0xF812, 0xF0D2, 0x2907, 0x10C5, 0x10C5, 0x10C5, 0x10C5, 0x10C5, 0x10C5, 0x10C5, 0x10C5, 0x10C5,
  0x10C5, 0x10C5, 0x10C5, 0x18E5, 0xD18E, 0xF951, 0xF8CF, 0xF06D, 0xE82C, 0xE80C, 0xE80C, 0xF06E,
  0xF150, 0x28E6, 0x10C5, 0x10C5, 0x10C5, 0x10C5, 0x10C5, 0x10C5, 0x10C5, 0x10C5, 0x18E6, 0xE110,
  0xF892, 0xF872, 0xE8D0, 0x20E6, 0x10C5, 0x10C5, 0x10C5, 0x10C5, 0x10C5, 0x10C5, 0x10C6, 0x10C5,
  0x816D, 0xFA36, 0xE84F, 0xE810, 0xE810, 0xE810, 0xE811, 0xE810, 0xF1F7, 0xFBFF, 0x51AB, 0x10C5,
  0x10C6, 0x10C5, 0x10C5, 0x10C5, 0x10C5, 0x10C5, 0x10C5, 0x10C5, 0x10C5, 0x10C5, 0x10C5, 0x10C5,
  0x10C5, 0x10C5, 0x10C5, 0x10C5, 0x10C5, 0x10C5, 0x10C5, 0x10C5, 0x10C5, 0x10C5, 0x10C5, 0x10C5,
  0x10C5, 0x10C5, 0x10C5, 0x10C5, 0x10C5, 0x10C5, 0x10C5, 0x10C5, 0x7B56, 0xC4FF, 0x831F, 0x61DF,
  0x623F, 0x625F, 0x5A9F, 0x5ABF, 0x52DF, 0x531F, 0x42FF, 0x645F, 0xAE7F, 0x7476, 0x10C5, 0x10C6,
  0x10E6, 0x10C5, 0x2B71, 0x6F1F, 0x259D, 0x057D, 0x057D, 0x059E, 0x05BE, 0x05BE, 0x05BE, 0x0DDE,
  0x5EFF, 0x5F1F, 0x779F, 0x56FF, 0x267F, 0x065F, 0x069F, 0x0EBF, 0x0EBF, 0x06BF, 0x0EBF, 0x0EBF,
  0x06BF, 0x0EDF, 0x2F1F, 0x5F5F, 0x6FDF, 0x571E, 0x232E, 0x10C5, 0x10C6, 0x10C5, 0x10C5, 0x10C5,
  0x10C5, 0x10C5, 0x10C5, 0x10C5, 0x10C5, 0x10C5, 0x10C5, 0x10C5, 0x10C5, 0x10C5, 0x10C5, 0x10C5,
  0x1106, 0x3E7C, 0x1EFF, 0x3F1F, 0x86FE, 0x10C5, 0x10C5, 0x10C5, 0x10C5, 0x10C5, 0x10C5, 0x10C5,
  0x10C5, 0x10C5, 0x10C5, 0x10C5, 0x10C5, 0x10C5, 0xD1D4, 0xF894, 0xF812, 0xF0D2, 0x2907, 0x10C5,
  0x10C5, 0x10C5, 0x10C5, 0x10C5, 0x10C5, 0x10C5, 0x10C5, 0x10C5, 0x10C5, 0x10C5, 0x10C5, 0x10C5,
  0x20E5, 0x7929, 0xD14D, 0xF930, 0xF8CF, 0xF06D, 0xE82D, 0xF06E, 0xF150, 0x28E6, 0x10C5, 0x10C5,
  0x10C5, 0x10C5, 0x10C5, 0x10C5, 0x10C5, 0x10C5, 0x10C5, 0x40E7, 0xA0CC, 0xE0F0, 0x690A, 0x10C5,
  0x10C5, 0x10C5, 0x10C5, 0x10C5, 0x10C5, 0x10C5, 0x10C6, 0x10C5, 0x816D, 0xFA36, 0xE84F, 0xE810,
  0xE810, 0xE810, 0xE811, 0xE810, 0xF1F8, 0xFBDF, 0x51AB, 0x10C5, 0x10C6, 0x10C5, 0x10C5, 0x10C5,
  0x10C5, 0x10C6, 0x10C5, 0x10C5, 0x10C5, 0x10C5, 0x10C5, 0x10C5, 0x10C5, 0x10C5, 0x10C5, 0x10C5,
  0x10C5, 0x10C5, 0x10C5, 0x10C6, 0x10C5, 0x10C6, 0x10C5, 0x10C5, 0x10C5, 0x10C5, 0x10C5, 0x10C5,
  0x10C5, 0x10C5, 0x10C6, 0x10C5, 0x29AC, 0xB47F, 0x939F, 0x59DF, 0x6A3F, 0x625F, 0x5A7F, 0x529F,
  0x52BF, 0x52FF, 0x42DF, 0x643F, 0xAE5F, 0x7476, 0x10C5, 0x10C6, 0x10C6, 0x10C5, 0x2B71, 0x66DF,
  0x1D7D, 0x055D, 0x057D, 0x057D, 0x057D, 0x059D, 0x05BE, 0x0DFF, 0x4EFF, 0x3E9F, 0x0E1E, 0x061E,
  0x065F, 0x067F, 0x067F, 0x067F, 0x0EBF, 0x0EBF, 0x06BF, 0x069F, 0x16BF, 0x46FF, 0x5F7F, 0x67BF,
  0x45B8, 0x11A9, 0x10C5, 0x10C6, 0x10C5, 0x10C5, 0x10C5, 0x10C5, 0x10C5, 0x10C5, 0x10C5, 0x10C5,
  0x10C5, 0x10C5, 0x10C5, 0x10C5, 0x10C5, 0x10C5, 0x10C5, 0x10C5, 0x1106, 0x3E7C, 0x1EFF, 0x471F,
  0x8EFE, 0x10C5, 0x10C5, 0x10C5, 0x10C5, 0x10C5, 0x10C5, 0x10C5, 0x10C5, 0x10C5, 0x10C5, 0x10C5,
  0x10C5, 0x10C5, 0xD1D4, 0xF874, 0xF812, 0xF0D2, 0x2906, 0x10C5, 0x10C5, 0x10C5, 0x10C5, 0x10C5,
  0x10C5, 0x10C5, 0x10C5, 0x10C5, 0x10C5, 0x10C5, 0x10C5, 0x10C5, 0x10C5, 0x10C5, 0x10E5, 0x5128,
  0xB94C, 0xF930, 0xF8F0, 0xF8AF, 0xE92F, 0x28E6, 0x10C5, 0x10C5, 0x10C5, 0x10C5, 0x10C5, 0x10C5,
  0x10C5, 0x10C5, 0x10C5, 0x10C5, 0x10C5, 0x10E5, 0x10C5, 0x10C5, 0x10C5, 0x10C5, 0x10C5, 0x10C5,
  0x10C5, 0x10C5, 0x10C6, 0x10C5, 0x816D, 0xFA16, 0xE84F, 0xE810, 0xE810, 0xE811, 0xE831, 0xE810,
  0xF1D7, 0xFBBF, 0x51AB, 0x10C5, 0x10C6, 0x10C5, 0x10C5, 0x10C5, 0x10C5, 0x10C5, 0x10C5, 0x10C5,
  0x10C6, 0x10C5, 0x10C5, 0x10C5, 0x10C5, 0x10C5, 0x10C5, 0x10C5, 0x10C5, 0x10C5, 0x10C5, 0x10C5,
  0x10C5, 0x10C5, 0x10C5, 0x10C5, 0x10C5, 0x10C5, 0x10C5, 0x10C5, 0x10C5, 0x10C5, 0x10C5, 0x10C6,
  0x214A, 0xAC1F, 0x9B9F, 0x59BF, 0x621F, 0x623F, 0x5A5F, 0x5A7F, 0x52BF, 0x52DF, 0x42BF, 0x641F,
  0xA61F, 0x6C56, 0x10C5, 0x10C6, 0x10C6, 0x10C5, 0x2371, 0x5EBF, 0x1D5D, 0x055D, 0x055D, 0x055C,
  0x055C, 0x057D, 0x059D, 0x05BE, 0x05BE, 0x05BE, 0x05FE, 0x061E, 0x061F, 0x063F, 0x063F, 0x065F,
  0x065F, 0x067F, 0x169F, 0x3EDF, 0x573F, 0x579F, 0x467C, 0x232F, 0x10C5, 0x10C5, 0x10C6, 0x10C5,
  0x10C5, 0x10C5, 0x10C5, 0x10C5, 0x10C5, 0x10C5, 0x10C5, 0x10C5, 0x10C5, 0x10C5, 0x10C5, 0x10C5,
  0x10C5, 0x10C5, 0x10C5, 0x10C5, 0x1106, 0x3E7C, 0x26FF, 0x471F, 0x971E, 0x10C5, 0x10C5, 0x10C5,
  0x10C5, 0x10C5, 0x10C5, 0x10C5, 0x10C5, 0x10C5, 0x10C5, 0x10C5, 0x10C5, 0x10C5, 0xD1D4, 0xF894,
  0xF812, 0xF0D2, 0x2907, 0x10C5, 0x10C5, 0x10C5, 0x10C5, 0x10C5, 0x10C5, 0x10C5, 0x10C5, 0x10C5,
  0x10C5, 0x10C5, 0x10C5, 0x10C5, 0x10C5, 0x10C5, 0x10C5, 0x10C5, 0x10C5, 0x4107, 0x994B, 0xF12F,
  0xF9B1, 0x28E6, 0x10C5, 0x10C5, 0x10C5, 0x10C5, 0x10C5, 0x10C5, 0x10C5, 0x10C5, 0x10C5, 0x10C5,
  0x10C6, 0x10C5, 0x10C5, 0x10C5, 0x10C5, 0x10C5, 0x10C5, 0x10C5, 0x10C5, 0x10C5, 0x10C6, 0x10C5,
  0x814D, 0xFA16, 0xE84F, 0xE810, 0xE810, 0xE811, 0xE831, 0xE010, 0xF1B7, 0xFB7E, 0x51AB, 0x10C5,
  0x10C6, 0x10C5, 0x10C5, 0x10C5, 0x2968, 0x7B4F, 0x3167, 0x10C5, 0x10C5, 0x10C5, 0x10C6, 0x10C5,
  0x10C5, 0x10C5, 0x10C5, 0x10C5, 0x10C5, 0x10C5, 0x10C5, 0x10C5, 0x10C5, 0x10C5, 0x10C5, 0x10C5,
  0x10C5, 0x10C5, 0x10C5, 0x10C5, 0x10C5, 0x10C6, 0x10C6, 0x10C5, 0x3A2E, 0xC4DF, 0x93BF, 0x59BF,
  0x61FF, 0x5A1F, 0x5A3F, 0x525F, 0x4A7F, 0x4ABF, 0x429F, 0x63FF, 0x9DBF, 0x6C36, 0x10C5, 0x10C6,
  0x10C6, 0x10C5, 0x2351, 0x5E9F, 0x1D5D, 0x051D, 0x053D, 0x053C, 0x053C, 0x055D, 0x057D, 0x057D,
  0x05BD, 0x05DE, 0x05DE, 0x05FE, 0x05FE, 0x061E, 0x061F, 0x061E, 0x163E, 0x369F, 0x4F1F, 0x579F,
  0x469D, 0x2BF2, 0x1127, 0x10C5, 0x10C5, 0x10C6, 0x10C5, 0x10C5, 0x10C5, 0x10C5, 0x10C5, 0x10C5,
  0x10C5, 0x10C5, 0x10C5, 0x10C5, 0x10C5, 0x10C5, 0x10C5, 0x10C5, 0x10C5, 0x10C5, 0x10C5, 0x10C5,
  0x1106, 0x3E7C, 0x26FF, 0x471F, 0x8F1E, 0x10C5, 0x10C5, 0x10C5, 0x10C5, 0x10C5, 0x10C5, 0x10C5,
  0x10C5, 0x10C5, 0x10C5, 0x10C5, 0x10C5, 0x10C5, 0xD1D4, 0xF894, 0xF812, 0xF0D3, 0x2907, 0x10C5,
  0x10C5, 0x10C5, 0x10C5, 0x10C5, 0x10C5, 0x10C5, 0x10C5, 0x10C5, 0x10C5, 0x10C5, 0x10C5, 0x10C5,
  0x10C5, 0x10C5, 0x10C5, 0x10C5, 0x10C5, 0x10C5, 0x10C5, 0x2906, 0x6149, 0x18C6, 0x10C5, 0x10C5,
  0x10C5, 0x10C5, 0x10C5, 0x10C5, 0x10C5, 0x10C5, 0x10C5, 0x10C5, 0x10C5, 0x10C5, 0x10C5, 0x10C5,
  0x10C5, 0x10C5, 0x10C5, 0x10C5, 0x10C5, 0x10C5, 0x10C6, 0x10C5, 0x814D, 0xF9F6, 0xE04F, 0xE010,
  0xE010, 0xE011, 0xE011, 0xE010, 0xF197, 0xFB3E, 0x518B, 0x10C5, 0x10C6, 0x10C5, 0x10C6, 0x10C5,
  0x49EB, 0xFE5F, 0xF57D, 0xABF4, 0x520B, 0x10A5, 0x10C5, 0x10C5, 0x10C6, 0x10C6, 0x10C5, 0x10C5,
  0x10C5, 0x10C5, 0x10C5, 0x10C5, 0x10C5, 0x10C5, 0x10C5, 0x10C5, 0x10C5, 0x10C5, 0x10C6, 0x10C6,
  0x10C5, 0x10C5, 0x10C5, 0x3A0B, 0xA41B, 0xC49F, 0x7ABE, 0x61BF, 0x61DF, 0x59FF, 0x521F, 0x523F,
  0x4A3F, 0x4A7F, 0x425F, 0x63DF, 0x959F, 0x63F6, 0x10C5, 0x10C6, 0x10C6, 0x10C5, 0x2331, 0x5E9F,
  0x253C, 0x04FC, 0x051C, 0x051C, 0x053C, 0x053C, 0x055C, 0x055D, 0x057D, 0x05BE, 0x05DE, 0x05DE,
  0x05DE, 0x05DE, 0x163E, 0x367F, 0x471F, 0x4F5F, 0x3E5C, 0x23F2, 0x1168, 0x10C5, 0x10C5, 0x10C6,
  0x10C5, 0x10C5, 0x10C5, 0x10C5, 0x10C5, 0x10C5, 0x10C5, 0x10C5, 0x10C5, 0x10C5, 0x10C5, 0x10C5,
  0x10C5, 0x10C5, 0x10C5, 0x10C5, 0x10C5, 0x10C5, 0x10C5, 0x10C5, 0x1106, 0x3E7C, 0x26FF, 0x471F,
  0x8F1E, 0x10C5, 0x10C5, 0x10C5, 0x10C5, 0x10C5, 0x10C5, 0x10C5, 0x10C5, 0x10C5, 0x10C5, 0x10C5,
  0x10C5, 0x10C5, 0xD1F5, 0xF8B4, 0xF812, 0xF0D3, 0x2906, 0x10C5, 0x10C5, 0x10C5, 0x10C5, 0x10C5,
  0x10C5, 0x10C5, 0x10C5, 0x10C5, 0x10C5, 0x10C5, 0x10C5, 0x10C5, 0x10C5, 0x10C5, 0x10C5, 0x10C5,
  0x10C5, 0x10C5, 0x10C6, 0x10C5, 0x10C5, 0x10C5, 0x10C5, 0x10C5, 0x10C5, 0x10C5, 0x10C5, 0x10C5,
  0x10C5, 0x10C5, 0x10C5, 0x10C5, 0x10C5, 0x10C5, 0x10C5, 0x10C5, 0x10C5, 0x10C5, 0x10C5, 0x10C5,
  0x10C5, 0x10C5, 0x10C6, 0x10C5, 0x814D, 0xF9F7, 0xE050, 0xE010, 0xE010, 0xE011, 0xE011, 0xE010,
  0xE977, 0xFB1E, 0x518B, 0x10C5, 0x10C6, 0x10C5, 0x10C6, 0x10C5, 0x41AB, 0xFD1F, 0xFCBF, 0xFDFF,
  0xFDDF, 0xD478, 0x82EF, 0x2927, 0x10C5, 0x10C5, 0x10C5, 0x10C6, 0x10C6, 0x10C5, 0x10C5, 0x10C5,
  0x10C5, 0x10C5, 0x10C5, 0x10C5, 0x10C6, 0x10C5, 0x10C5, 0x10C5, 0x10E5, 0x3A0B, 0x93D5, 0xCD1F,
  0xBC7F, 0x8B1E, 0x617F, 0x61BF, 0x599F, 0x59DF, 0x51FF, 0x51FF, 0x4A1F, 0x425F, 0x3A3F, 0x5BBF,
  0x9D7F, 0x63B5, 0x10C5, 0x10C6, 0x10C6, 0x10C5, 0x2311, 0x5E9F, 0x1D1C, 0x04DC, 0x04FC, 0x051C,
  0x051C, 0x051C, 0x053C, 0x053C, 0x057D, 0x059D, 0x059E, 0x05BE, 0x1DFE, 0x365F, 0x46FF, 0x4F5F,
  0x3E1B, 0x2391, 0x1127, 0x10C5, 0x10C5, 0x10C6, 0x10C5, 0x10C5, 0x10C5, 0x10C5, 0x10C5, 0x10C5,
  0x10C5, 0x10C5, 0x10C5, 0x10C5, 0x10C5, 0x10C5, 0x10C5, 0x10C5, 0x10C5, 0x10C5, 0x10C5, 0x10C5,
  0x10C5, 0x10C5, 0x10C5, 0x10C5, 0x1106, 0x469C, 0x2F1F, 0x471F, 0x971E, 0x10C5, 0x10C5, 0x10C5,
  0x10C5, 0x10C5, 0x10C5, 0x10C5, 0x10C5, 0x10C5, 0x10C5, 0x10C5, 0x10C5, 0x10C5, 0xD1D4, 0xF8B5,
  0xF813, 0xF0F3, 0x2906, 0x10C5, 0x10C5, 0x10C5, 0x10C5, 0x10C5, 0x10C5, 0x10C5, 0x10C5, 0x10C5,
  0x10C5, 0x10C5, 0x10C5, 0x10C5, 0x10C5, 0x10C5, 0x10C5, 0x10C5, 0x10C5, 0x10C5, 0x10C5, 0x10C5,
  0x10C5, 0x10C5, 0x10C5, 0x10C5, 0x10C5, 0x10C5, 0x10C5, 0x10C5, 0x10C5, 0x10C5, 0x10C5, 0x10C5,
  0x10C5, 0x10C5, 0x10C5, 0x10C5, 0x10C5, 0x10C5, 0x10C5, 0x10C5, 0x10C5, 0x10C5, 0x10C6, 0x10C5,
  0x814D, 0xF9F7, 0xE050, 0xE010, 0xE011, 0xE011, 0xE011, 0xD810, 0xE976, 0xFAFE, 0x518B, 0x10C5,
  0x10C6, 0x10C5, 0x10C6, 0x10C5, 0x49AB, 0xFD3F, 0xFAFD, 0xF97B, 0xFB1D, 0xFCDF, 0xFDFF, 0xED5D,
  0xA3B4, 0x49EB, 0x10C5, 0x10C5, 0x10C5, 0x10C5, 0x10C6, 0x10C6, 0x10C6, 0x10C6, 0x10C5, 0x10C5,
  0x10C5, 0x10C5, 0x3189, 0x6AF1, 0xB47A, 0xDD1F, 0xD49F, 0xA31F, 0x79DE, 0x615E, 0x61BE, 0x599E,
  0x599E, 0x51BE, 0x49BE, 0x49BE, 0x49FF, 0x4A3F, 0x39FF, 0x639F, 0x9D7F, 0x5394, 0x10C5, 0x10C6,
  0x10C6, 0x10C5, 0x2311, 0x565F, 0x1D1C, 0x04DC, 0x04FC, 0x04FC, 0x051C, 0x051C, 0x051C, 0x053C,
  0x053C, 0x055D, 0x1DBD, 0x365E, 0x46DF, 0x36FF, 0x35DB, 0x1B50, 0x1106, 0x10C5, 0x10C5, 0x10C6,
  0x10C5, 0x10C5, 0x10C5, 0x10C5, 0x10C5, 0x10C5, 0x10C5, 0x10C5, 0x10C5, 0x10C5, 0x10C5, 0x10C5,
  0x10C5, 0x10C5, 0x10C5, 0x10C5, 0x10C5, 0x10C5, 0x10C5, 0x10C5, 0x10C5, 0x10C5, 0x10C5, 0x10C5,
  0x1106, 0x4E9C, 0x2F1F, 0x4F1F, 0x971E, 0x10C5, 0x10C5, 0x10C5, 0x10C5, 0x10C5, 0x10C5, 0x10C5,
  0x10C5, 0x10C5, 0x10C5, 0x10C5, 0x10C5, 0x10C5, 0xD1F4, 0xF8D5, 0xF833, 0xF113, 0x2906, 0x10C5,
  0x10C5, 0x10C5, 0x10C5, 0x10C5, 0x10C5, 0x10C5, 0x10C5, 0x10C5, 0x10C5, 0x10C5, 0x10C5, 0x10C5,
  0x10C5, 0x10C5, 0x10C5, 0x10C5, 0x10C5, 0x10C5, 0x10C5, 0x10C5, 0x10C5, 0x10C5, 0x10C5, 0x10C5,
  0x10C5, 0x10C5, 0x10C5, 0x10C5, 0x10C5, 0x10C5, 0x10C5, 0x10C5, 0x10C5, 0x10C5, 0x10C5, 0x10C5,
  0x10C5, 0x10C5, 0x10C5, 0x10C5, 0x10C5, 0x10C5, 0x10C6, 0x10C5, 0x814D, 0xF9D7, 0xE050, 0xE010,
  0xE011, 0xE011, 0xE011, 0xD810, 0xE956, 0xFADE, 0x516B, 0x10C5, 0x10C6, 0x10C5, 0x10C6, 0x10C5,
  0x49AA, 0xFCDF, 0xFA7C, 0xF819, 0xF85A, 0xF91A, 0xFA7C, 0xFC1E, 0xFD3F, 0xFD1F, 0xCC5A, 0x8330,
  0x3188, 0x10C5, 0x10C5, 0x10C5, 0x10C5, 0x10C5, 0x10E6, 0x39CA, 0x7B32, 0xBC99, 0xDD3F, 0xE4FF,
  0xCC5F, 0xB2FE, 0x897D, 0x70FE, 0x711E, 0x695E, 0x597E, 0x597E, 0x597E, 0x519E, 0x499E, 0x49BE,
  0x41DE, 0x41FE, 0x421F, 0x63DF, 0x953F, 0x42D0, 0x10C5, 0x10C6, 0x10C6, 0x10C5, 0x1AF1, 0x45FF,
  0x14FC, 0x04DC, 0x04DC, 0x04FC, 0x051C, 0x04FC, 0x04DB, 0x0D1C, 0x1D9D, 0x2E1F, 0x3EBF, 0x369F,
  0x2D18, 0x1AAD, 0x08E6, 0x10C5, 0x10C5, 0x10C6, 0x10C5, 0x10C5, 0x10C5, 0x10C5, 0x10C5, 0x10C5,
  0x10C5, 0x10C5, 0x10C5, 0x10C5, 0x10C5, 0x10C5, 0x10C5, 0x10C5, 0x10C5, 0x10C5, 0x10C5, 0x10C5,
  0x10C5, 0x10C5, 0x10C5, 0x10C5, 0x10C5, 0x10C5, 0x10C5, 0x10C5, 0x1106, 0x4E9C, 0x371F, 0x573F,
  0x971E, 0x10C5, 0x10C5, 0x10C5, 0x10C5, 0x10C5, 0x10C5, 0x10C5, 0x10C5, 0x10C5, 0x10C5, 0x10C5,
  0x10C5, 0x10C5, 0xD214, 0xF8F5, 0xF853, 0xF113, 0x2906, 0x10C5, 0x10C5, 0x10C5, 0x10C5, 0x10C5,
  0x10C5, 0x10C5, 0x10C5, 0x10C5, 0x10C5, 0x10C5, 0x10C5, 0x10C5, 0x10C5, 0x10C5, 0x10C5, 0x10C5,
  0x10C5, 0x10C5, 0x10C5, 0x10C5, 0x10C5, 0x10C5, 0x10C5, 0x10C5, 0x10C5, 0x10C5, 0x10C5, 0x10C5,
  0x10C5, 0x10C5, 0x10C5, 0x10C5, 0x10C5, 0x10C5, 0x10C5, 0x10C5, 0x10C5, 0x10C5, 0x10C5, 0x10C5,
  0x10C5, 0x10C5, 0x10C6, 0x10C5, 0x814D, 0xF9D7, 0xE050, 0xE010, 0xE011, 0xE011, 0xE012, 0xD811,
  0xE936, 0xFABD, 0x518B, 0x10C5, 0x10C6, 0x10C5, 0x10C6, 0x10C5, 0x498A, 0xFC5F, 0xFA7C, 0xF839,
  0xF89A, 0xF859, 0xF819, 0xF839, 0xF15A, 0xF31D, 0xFCBF, 0xFD5F, 0xF4DE, 0xC438, 0x8B52, 0x6A90,
  0x8312, 0xABF7, 0xD4BC, 0xECFF, 0xF4BF, 0xE45F, 0xC33F, 0xA1DD, 0x88FD, 0x88BE, 0x811D, 0x813D,
  0x711D, 0x613D, 0x595D, 0x595E, 0x515E, 0x517E, 0x499E, 0x499E, 0x41BE, 0x41BE, 0x423E, 0x743F,
  0x8CFF, 0x21EB, 0x10C5, 0x10C6, 0x10C6, 0x10C5, 0x1AF1, 0x45DF, 0x14DC, 0x04DC, 0x04DC, 0x04DB,
  0x04BB, 0x0CFB, 0x257D, 0x2DFF, 0x2E9F, 0x2E3F, 0x2496, 0x124C, 0x10C5, 0x10C5, 0x10C5, 0x10C6,
  0x10C5, 0x10C5, 0x10C5, 0x10C5, 0x10C5, 0x10C5, 0x10C5, 0x10C5, 0x10C5, 0x10C5, 0x10C5, 0x10C5,
  0x10C5, 0x10C5, 0x10C5, 0x10C5, 0x10C5, 0x10C5, 0x10C5, 0x10C5, 0x10C5, 0x10C5, 0x10C5, 0x10C5,
  0x10C5, 0x10C5, 0x10C5, 0x10C5, 0x1106, 0x4E9C, 0x371F, 0x5F5F, 0x971E, 0x10C5, 0x10C5, 0x10C5,
  0x10C5, 0x10C5, 0x10C5, 0x10C5, 0x10C5, 0x10C5, 0x10C5, 0x10C5, 0x10C5, 0x10C5, 0xD255, 0xF936,
  0xF874, 0xF0F4, 0x2907, 0x10C5, 0x10C5, 0x10C5, 0x10C5, 0x10C5, 0x10C5, 0x10C5, 0x10C5, 0x10C5,
  0x10C5, 0x10C5, 0x10C5, 0x10C5, 0x10C5, 0x10C5, 0x10C5, 0x10C5, 0x10C5, 0x10C5, 0x10C5, 0x10C5,
  0x10C5, 0x10C5, 0x10C5, 0x10C5, 0x10C5, 0x10C5, 0x10C5, 0x10C5, 0x10C5, 0x10C5, 0x10C5, 0x10C5,
  0x10C5, 0x10C5, 0x10C5, 0x10C5, 0x10C5, 0x10C5, 0x10C5, 0x10C5, 0x10C5, 0x10C5, 0x10C6, 0x10C5,
  0x812D, 0xF996, 0xE050, 0xD810, 0xE011, 0xD811, 0xE012, 0xD811, 0xE916, 0xFA7D, 0x516B, 0x10C5,
  0x10C6, 0x10C5, 0x10C6, 0x10C5, 0x49AA, 0xFC3F, 0xFA5C, 0xF819, 0xF87A, 0xF839, 0xF83A, 0xF83A,
  0xF81A, 0xF01A, 0xF0BB, 0xF1BB, 0xF37D, 0xFCBF, 0xFD3F, 0xFD1F, 0xFC7F, 0xF3FF, 0xE3BF, 0xCA7E,
  0xB11D, 0xA89C, 0x989D, 0x90BD, 0x90DD, 0x88FD, 0x811D, 0x791D, 0x711D, 0x611D, 0x593D, 0x593D,
  0x513D, 0x515D, 0x497D, 0x497D, 0x419D, 0x315D, 0x5AFE, 0x84BF, 0x7C9C, 0x10E6, 0x10C5, 0x10C5,
  0x10C6, 0x10C5, 0x1AF1, 0x45FF, 0x149B, 0x049B, 0x04BB, 0x0CDB, 0x153C, 0x2E1F, 0x367F, 0x25BE,
  0x1C35, 0x11CA, 0x10C5, 0x10C5, 0x10C5, 0x10C6, 0x10C5, 0x10C5, 0x10C5, 0x10C5, 0x10C5, 0x10C5,
  0x10C5, 0x10C5, 0x10C5, 0x10C5, 0x10C5, 0x10C5, 0x10C5, 0x10C5, 0x10C5, 0x10C5, 0x10C5, 0x10C5,
  0x10C5, 0x10C5, 0x10C5, 0x10C5, 0x10C5, 0x10C5, 0x10C5, 0x10C5, 0x10C5, 0x10C5, 0x10C5, 0x10C5,
  0x1107, 0x56BD, 0x373F, 0x675F, 0xA73E, 0x10C5, 0x10C5, 0x10C5, 0x10C5, 0x10C5, 0x10C5, 0x10C5,
  0x10C5, 0x10C5, 0x10C5, 0x10C5, 0x10C5, 0x10C5, 0xC274, 0xF997, 0xF894, 0xF115, 0x28E7, 0x10C5,
  0x10C5, 0x10C5, 0x10C5, 0x10C5, 0x10C5, 0x10C5, 0x10C5, 0x10C5, 0x10C5, 0x10C5, 0x10C5, 0x10C5,
  0x10C5, 0x10C5, 0x10C5, 0x10C5, 0x10C5, 0x10C5, 0x10C5, 0x10C5, 0x10C5, 0x10C5, 0x10C5, 0x10C5,
  0x10C5, 0x10C5, 0x10C5, 0x10C5, 0x10C5, 0x10C5, 0x10C5, 0x10C5, 0x10C5, 0x10C5, 0x10C5, 0x10C5,
  0x10C5, 0x10C5, 0x10C5, 0x10C5, 0x10C5, 0x10C5, 0x10C6, 0x10C5, 0x814D, 0xF996, 0xD830, 0xD810,
  0xE011, 0xE011, 0xD812, 0xD811, 0xE8F6, 0xFA7C, 0x516B, 0x10C5, 0x10C6, 0x10C5, 0x10C6, 0x10C5,
  0x49CA, 0xFC5F, 0xFA3C, 0xF819, 0xF839, 0xF819, 0xF839, 0xF03A, 0xF05A, 0xF05B, 0xF03A, 0xF01A,
  0xF03A, 0xE91A, 0xE1FB, 0xE25C, 0xD99C, 0xC0BB, 0xB85C, 0xB85D, 0xB07D, 0xA8BC, 0x98DC, 0x90FD,
  0x88DD, 0x80DD, 0x78FD, 0x70FD, 0x691D, 0x611D, 0x593D, 0x511D, 0x511D, 0x513D, 0x495D, 0x497D,
  0x417D, 0x41DD, 0x73FF, 0x8CDF, 0x4B32, 0x10C5, 0x10C6, 0x10C5, 0x10C6, 0x10C5, 0x1AF1, 0x561F,
  0x1C7B, 0x0C9B, 0x257E, 0x361F, 0x2E3F, 0x1D5C, 0x1B72, 0x1168, 0x10C5, 0x10C5, 0x10C6, 0x10C6,
  0x10C5, 0x10C5, 0x10C5, 0x10C5, 0x10C5, 0x10C5, 0x10C5, 0x10C5, 0x10C5, 0x10C5, 0x10C5, 0x10C5,
  0x10C5, 0x10C5, 0x10C5, 0x10C5, 0x10C5, 0x10C5, 0x10C5, 0x10C5, 0x10C5, 0x10C5, 0x10C5, 0x10C5,
  0x10C5, 0x10C5, 0x10C5, 0x10C5, 0x10C5, 0x10C5, 0x10C5, 0x10C6, 0x10E6, 0x6EDD, 0x3F1F, 0x6F7F,
  0x9EBC, 0x10C5, 0x10C5, 0x10C5, 0x10C5, 0x10C5, 0x10C5, 0x10C5, 0x10C5, 0x10C5, 0x10C5, 0x10C5,
  0x10C5, 0x10C5, 0x9211, 0xFA18, 0xF0B3, 0xF936, 0x714B, 0x10C5, 0x10C5, 0x10C6, 0x10C5, 0x10C5,
  0x10C5, 0x10C5, 0x10C5, 0x10C5, 0x10C5, 0x10C5, 0x10C5, 0x10C5, 0x10C5, 0x10C5, 0x10C5, 0x10C5,
  0x10C5, 0x10C5, 0x10C5, 0x10C5, 0x10C5, 0x10C5, 0x10C5, 0x10C5, 0x10C5, 0x10C5, 0x10C5, 0x10C5,
  0x10C5, 0x10C5, 0x10C5, 0x10C5, 0x10C5, 0x10C5, 0x10C5, 0x10C5, 0x10C5, 0x10C5, 0x10C5, 0x10C5,
  0x10C5, 0x10C5, 0x10C6, 0x10C5, 0x794D, 0xF976, 0xD830, 0xD810, 0xE011, 0xE012, 0xD812, 0xD011,
  0xE8F5, 0xFA3C, 0x516B, 0x10C5, 0x10C6, 0x10C5, 0x10C6, 0x10C5, 0x49CA, 0xFC1F, 0xF9FB, 0xF819,
  0xF839, 0xF819, 0xF039, 0xF019, 0xF03A, 0xE83A, 0xE83A, 0xE83A, 0xE03A, 0xE01A, 0xD81A, 0xD01B,
  0xD01C, 0xC85C, 0xB87C, 0xB89C, 0xB0BD, 0xA0BC, 0x98BC, 0x90BC, 0x88DC, 0x80DC, 0x70DC, 0x70FD,
  0x68FD, 0x60FD, 0x591D, 0x511D, 0x511D, 0x493D, 0x495D, 0x413C, 0x395D, 0x635E, 0x73BF, 0x6BFC,
  0x1127, 0x10C5, 0x10C5, 0x10C5, 0x10C6, 0x10C5, 0x1AD1, 0x459F, 0x351E, 0x2DDF, 0x25FF, 0x251B,
  0x1AF0, 0x1127, 0x10C5, 0x10C5, 0x10C6, 0x10C6, 0x10C5, 0x10C5, 0x10C5, 0x10C5, 0x10C5, 0x10C5,
  0x10C5, 0x10C5, 0x10C5, 0x10C5, 0x10C5, 0x10C5, 0x10C5, 0x10C5, 0x10C5, 0x10C5, 0x10C5, 0x10C5,
  0x10C5, 0x10C5, 0x10C5, 0x10C5, 0x10C5, 0x10C5, 0x10C5, 0x10C5, 0x10C5, 0x10C5, 0x10C5, 0x10C5,
  0x10C5, 0x10E6, 0x10C5, 0x10C5, 0x3ACD, 0x877F, 0x3EFF, 0x8FBF, 0x7D57, 0x10C5, 0x10C5, 0x10C5,
  0x10C5, 0x10C5, 0x10C5, 0x10C5, 0x10C5, 0x10C5, 0x10C5, 0x10C5, 0x10C5, 0x10C5, 0x4169, 0xFA98,
  0xF914, 0xF914, 0xF114, 0x990D, 0x3107, 0x10C5, 0x10C5, 0x10C6, 0x10C5, 0x10C5, 0x10C5, 0x10C5,
  0x10C5, 0x10C5, 0x10C5, 0x10C5, 0x10C5, 0x10C5, 0x10C5, 0x10C5, 0x10C5, 0x10C5, 0x10C5, 0x10C5,
  0x10C5, 0x10C5, 0x10C5, 0x10C5, 0x10C5, 0x10C5, 0x10C5, 0x10C5, 0x10C5, 0x10C5, 0x10C5, 0x10C5,
  0x10C5, 0x10C5, 0x10C5, 0x10C5, 0x10C5, 0x10C5, 0x10C5, 0x10C5, 0x10C5, 0x10C5, 0x10C6, 0x10C5,
  0x816D, 0xF938, 0xF0B3, 0xE072, 0xD831, 0xD811, 0xD812, 0xD011, 0xE8D5, 0xFA3C, 0x514B, 0x10C5,
  0x10C6, 0x10C5, 0x10C6, 0x10C5, 0x49AA, 0xFBBF, 0xF9BB, 0xF818, 0xF839, 0xF019, 0xF019, 0xE819,
  0xE819, 0xE83A, 0xE03A, 0xE03A, 0xD83A, 0xD83A, 0xD85B, 0xC85B, 0xC85C, 0xC07C, 0xB07B, 0xB07C,
  0xA89C, 0x98BC, 0x90BB, 0x88BC, 0x80BC, 0x78BC, 0x70DC, 0x68DC, 0x68DC, 0x60FC, 0x511C, 0x511C,
  0x511C, 0x511C, 0x491C, 0x415D, 0x631E, 0x739F, 0x741F, 0x29EC, 0x10C5, 0x10C6, 0x10C5, 0x10C5,
  0x10C6, 0x10C5, 0x1AD2, 0x3DFF, 0x3D9F, 0x2C78, 0x126E, 0x08E6, 0x10C5, 0x10C5, 0x10C6, 0x10C6,
  0x10C5, 0x10C5, 0x10C5, 0x10C5, 0x10C5, 0x10C5, 0x10C5, 0x10C5, 0x10C5, 0x10C5, 0x10C5, 0x10C5,
  0x10C5, 0x10C5, 0x10C5, 0x10C5, 0x10C5, 0x10C5, 0x10C5, 0x10C5, 0x10C5, 0x10C5, 0x10C5, 0x10C5,
  0x10C5, 0x10C5, 0x10C5, 0x10C5, 0x10C5, 0x10C5, 0x10C6, 0x10C6, 0x10C5, 0x10C5, 0x1947, 0x5473,
  0x775E, 0x573F, 0x571F, 0xB7FF, 0x3AEE, 0x10C5, 0x10C5, 0x10C5, 0x10C5, 0x10C5, 0x10C5, 0x10C5,
  0x10C5, 0x10C5, 0x10C5, 0x10C5, 0x10C5, 0x10C5, 0x10C5, 0xA251, 0xF9D9, 0xF0F3, 0xF8B2, 0xF894,
  0xF0B3, 0x98EE, 0x38E7, 0x10C5, 0x10C5, 0x10C5, 0x10C5, 0x10C5, 0x10C5, 0x10C5, 0x10C5, 0x10C5,
  0x10C5, 0x10C5, 0x10C5, 0x10C5, 0x10C5, 0x10C5, 0x10C5, 0x10C5, 0x10C5, 0x10C5, 0x10C5, 0x10C5,
  0x10C5, 0x10C5, 0x10C5, 0x10C5, 0x10C5, 0x10C5, 0x10C5, 0x10C5, 0x10C5, 0x10C5, 0x10C5, 0x10C5,
  0x10C5, 0x10C5, 0x10C5, 0x10C5, 0x10C5, 0x10C5, 0x10C5, 0x10C5, 0x3928, 0xB950, 0xF914, 0xF8F5,
  0xF0D4, 0xE052, 0xD011, 0xD011, 0xE0D5, 0xFA1B, 0x516B, 0x10C5, 0x10C6, 0x10C5, 0x10C6, 0x10C5,
  0x41AA, 0xFB5F, 0xF1BA, 0xF018, 0xF039, 0xF018, 0xE818, 0xE819, 0xE819, 0xE039, 0xE039, 0xD83A,
  0xD83A, 0xD03A, 0xD03B, 0xC85B, 0xC05B, 0xB85B, 0xB07B, 0xA87B, 0xA09B, 0x989B, 0x909B, 0x80BB,
  0x80BB, 0x78BB, 0x70DC, 0x68DC, 0x60DC, 0x58FC, 0x511C, 0x511C, 0x48FC, 0x48FB, 0x59DD, 0x6AFF,
  0x7B7F, 0x73DE, 0x322D, 0x10C5, 0x10C6, 0x10C5, 0x10C5, 0x10C5, 0x10C6, 0x10C5, 0x1A6E, 0x2C16,
  0x11EC, 0x10C5, 0x10C5, 0x10C5, 0x10C6, 0x10C5, 0x10C5, 0x10C5, 0x10C5, 0x10C5, 0x10C5, 0x10C5,
  0x10C5, 0x10C5, 0x10C5, 0x10C5, 0x10C5, 0x10C5, 0x10C5, 0x10C5, 0x10C5, 0x10C5, 0x10C5, 0x10C5,
  0x10C5, 0x10C5, 0x10C5, 0x10C5, 0x10C5, 0x10C5, 0x10C5, 0x10C5, 0x10C5, 0x10C5, 0x10C5, 0x10C5,
  0x10C5, 0x10C6, 0x10C5, 0x10C5, 0x2167, 0x5C52, 0x76FC, 0x67DF, 0x473F, 0x36DF, 0x8FFF, 0x85F9,
  0x08C6, 0x10C5, 0x10C5, 0x10C5, 0x10C5, 0x10C5, 0x10C5, 0x10C5, 0x10C5, 0x10C5, 0x10C5, 0x10C5,
  0x10C5, 0x10C5, 0x10C5, 0x1906, 0xCA33, 0xF9F8, 0xF912, 0xF051, 0xF811, 0xF814, 0xF053, 0xA0CE,
  0x4108, 0x10C5, 0x10C5, 0x10C5, 0x10C5, 0x10C5, 0x10C5, 0x10C5, 0x10C5, 0x10C5, 0x10C5, 0x10C5,
  0x10C5, 0x10C5, 0x10C5, 0x10C5, 0x10C5, 0x10C5, 0x10C5, 0x10C5, 0x10C5, 0x10C5, 0x10C5, 0x10C5,
  0x10C5, 0x10C5, 0x10C5, 0x10C5, 0x10C5, 0x10C5, 0x10C5, 0x10C5, 0x10C5, 0x10C5, 0x10C5, 0x10C5,
  0x10C5, 0x10C5, 0x10C5, 0x10C5, 0x10C5, 0x10C5, 0x4128, 0xB10F, 0xF8D5, 0xF896, 0xF095, 0xD872,
  0xE0B4, 0xF9BB, 0x516B, 0x10C5, 0x10C6, 0x10C5, 0x10C5, 0x10C5, 0x418A, 0xFB1E, 0xF9BA, 0xF018,
  0xF018, 0xE818, 0xE818, 0xE819, 0xE039, 0xD839, 0xD839, 0xD83A, 0xD03A, 0xD03A, 0xC83B, 0xC05B,
  0xB85B, 0xB05B, 0xA87B, 0xA07B, 0x987B, 0x909B, 0x889B, 0x809B, 0x789B, 0x78BB, 0x70BC, 0x68DC,
  0x60DC, 0x58FC, 0x50FC, 0x50FC, 0x619C, 0x6A5E, 0x7B1F, 0x835F, 0x6B3A, 0x218A, 0x10C5, 0x10C6,
  0x10C5, 0x10C5, 0x10C5, 0x10C5, 0x10C5, 0x10C5, 0x10C5, 0x10C5, 0x10C5, 0x10C5, 0x10C6, 0x10C5,
  0x10C5, 0x10C5, 0x10C5, 0x10C5, 0x10C5, 0x10C5, 0x10C5, 0x10C5, 0x10C5, 0x10C5, 0x10C5, 0x10C5,
  0x10C5, 0x10C5, 0x10C5, 0x10C5, 0x10C5, 0x10C5, 0x10C5, 0x10C5, 0x10C5, 0x10C5, 0x10C5, 0x10C5,
  0x10C5, 0x10C5, 0x10C5, 0x10C5, 0x10C5, 0x10C5, 0x10C6, 0x10C6, 0x10C5, 0x10C5, 0x2188, 0x5C73,
  0x5EDD, 0x47BF, 0x2F3F, 0x36FE, 0x4F3F, 0x87FF, 0x867A, 0x1168, 0x10C5, 0x10C5, 0x10C5, 0x10C5,
  0x10C5, 0x10C5, 0x10C5, 0x10C5, 0x10C5, 0x10C5, 0x10C5, 0x10C5, 0x10C5, 0x10C5, 0x10C5, 0x10C5,
  0x18E5, 0xA20F, 0xFA36, 0xF914, 0xF831, 0xF011, 0xF812, 0xF854, 0xF893, 0xB0CE, 0x4108, 0x10C5,
  0x10C5, 0x10C5, 0x10C5, 0x10C5, 0x10C5, 0x10C5, 0x10C5, 0x10C5, 0x10C5, 0x10C5, 0x10C5, 0x10C5,
  0x10C5, 0x10C5, 0x10C5, 0x10C5, 0x10C5, 0x10C5, 0x10C5, 0x10C5, 0x10C5, 0x10C5, 0x10C5, 0x10C5,
  0x10C5, 0x10C5, 0x10C5, 0x10C5, 0x10C5, 0x10C5, 0x10C5, 0x10C5, 0x10C5, 0x10C5, 0x10C5, 0x10C5,
  0x10C5, 0x10C5, 0x10C5, 0x10C5, 0x4108, 0xA12F, 0xF0F6, 0xF8F8, 0xF8D6, 0xF999, 0x516B, 0x10C5,
  0x10C6, 0x10C5, 0x10C5, 0x10C5, 0x416A, 0xFAFE, 0xF99A, 0xF017, 0xF018, 0xE818, 0xE818, 0xE019,
  0xD839, 0xD839, 0xD039, 0xD03A, 0xD03A, 0xC83A, 0xC03A, 0xC05B, 0xB05B, 0xA85B, 0xA05B, 0xA07B,
  0x987B, 0x889B, 0x809B, 0x789B, 0x789B, 0x709B, 0x70BB, 0x68DB, 0x60BB, 0x58DB, 0x595C, 0x723E,
  0x829F, 0x8AFF, 0x7B3D, 0x4A52, 0x10E6, 0x10C5, 0x10C6, 0x10C5, 0x10C5, 0x10C5, 0x10C5, 0x10C5,
  0x10C5, 0x10C5, 0x10C5, 0x10C6, 0x10C6, 0x10C5, 0x10C5, 0x10C5, 0x10C5, 0x10C5, 0x10C5, 0x10C5,
  0x10C5, 0x10C5, 0x10C5, 0x10C5, 0x10C5, 0x10C5, 0x10C5, 0x10C5, 0x10C5, 0x10C5, 0x10C5, 0x10C5,
  0x10C5, 0x10C5, 0x10C5, 0x10C5, 0x10C5, 0x10C5, 0x10C5, 0x10C5, 0x10C5, 0x10C5, 0x10C5, 0x10C5,
  0x10C6, 0x10C6, 0x10C5, 0x10C5, 0x2188, 0x5C52, 0x771D, 0x4FDF, 0x0EFF, 0x0EBE, 0x371F, 0x6FDF,
  0x979F, 0x5CB4, 0x0927, 0x10C5, 0x10C6, 0x10C5, 0x10C5, 0x10C5, 0x10C5, 0x10C5, 0x10C5, 0x10C5,
  0x10C5, 0x10C5, 0x10C5, 0x10C5, 0x10C5, 0x10C5, 0x10C5, 0x10C5, 0x10C5, 0x10C5, 0x4148, 0xA9EF,
  0xF9F5, 0xF915, 0xF852, 0xF010, 0xF811, 0xF813, 0xF873, 0xB8CF, 0x5109, 0x10C5, 0x10C5, 0x10C5,
  0x10C5, 0x10C5, 0x10C5, 0x10C5, 0x10C5, 0x10C5, 0x10C5, 0x10C5, 0x10C5, 0x10C5, 0x10C5, 0x10C5,
  0x10C5, 0x10C5, 0x10C5, 0x10C5, 0x10C5, 0x10C5, 0x10C5, 0x10C5, 0x10C5, 0x10C5, 0x10C5, 0x10C5,
  0x10C5, 0x10C5, 0x10C5, 0x10C5, 0x10C5, 0x10C5, 0x10C5, 0x10C5, 0x10C5, 0x10C5, 0x10C5, 0x10C5,
  0x10C5, 0x10C5, 0x3108, 0x9950, 0xE937, 0xF9DC, 0x516B, 0x10C5, 0x10C6, 0x10C5, 0x10C5, 0x10C5,
  0x416A, 0xFABE, 0xF95A, 0xF017, 0xE818, 0xE818, 0xE018, 0xE039, 0xD839, 0xD839, 0xD039, 0xD039,
  0xC83A, 0xC83A, 0xC05A, 0xB85B, 0xB05B, 0xA85A, 0xA05A, 0x985B, 0x907B, 0x887B, 0x809B, 0x789B,
  0x789B, 0x709B, 0x689A, 0x68BB, 0x693C, 0x79FE, 0x8A9F, 0x92FF, 0x82DD, 0x5233, 0x1928, 0x10C5,
  0x10C5, 0x10C5, 0x10C5, 0x10C5, 0x10C5, 0x10C5, 0x10C5, 0x10C5, 0x10C5, 0x10C5, 0x10C5, 0x10C5,
  0x10C5, 0x10C5, 0x10C5, 0x10C5, 0x10C5, 0x10C5, 0x10C5, 0x10C5, 0x10C5, 0x10C5, 0x10C5, 0x10C5,
  0x10C5, 0x10C5, 0x10C5, 0x10C5, 0x10C5, 0x10C5, 0x10C5, 0x10C5, 0x10C5, 0x10C5, 0x10C5, 0x10C5,
  0x10C5, 0x10C5, 0x10C5, 0x10C5, 0x10C5, 0x10C5, 0x10C6, 0x10C6, 0x10C5, 0x10C5, 0x21A8, 0x5C93,
  0x773D, 0x3FBF, 0x173F, 0x16DE, 0x271F, 0x4FBF, 0x7F7F, 0x5D16, 0x21EA, 0x10C5, 0x10C5, 0x10C6,
  0x10C5, 0x10C5, 0x10C5, 0x10C5, 0x10C5, 0x10C5, 0x10C5, 0x10C5, 0x10C5, 0x10C5, 0x10C5, 0x10C5,
  0x10C5, 0x10C5, 0x10C5, 0x10C5, 0x10C5, 0x10C6, 0x10C5, 0x10C5, 0x3948, 0xA20F, 0xF215, 0xF8F4,
  0xF812, 0xF010, 0xF811, 0xF812, 0xF853, 0xC0AF, 0x50E9, 0x10E5, 0x10C5, 0x10C5, 0x10C5, 0x10C5,
  0x10C5, 0x10C5, 0x10C5, 0x10C5, 0x10C5, 0x10C5, 0x10C5, 0x10C5, 0x10C5, 0x10C5, 0x10C5, 0x10C5,
  0x10C5, 0x10C5, 0x10C5, 0x10C5, 0x10C5, 0x10C5, 0x10C5, 0x10C5, 0x10C5, 0x10C5, 0x10C5, 0x10C5,
  0x10C5, 0x10C5, 0x10C5, 0x10C5, 0x10C5, 0x10C5, 0x10C5, 0x10C5, 0x10C5, 0x10C6, 0x10C5, 0x10C5,
  0x2907, 0x89B1, 0x412A, 0x10C5, 0x10C5, 0x10C5, 0x10C5, 0x10C5, 0x416A, 0xFA7D, 0xF139, 0xE817,
  0xE017, 0xE017, 0xE018, 0xD819, 0xD839, 0xD039, 0xD039, 0xC839, 0xC039, 0xC03A, 0xB83A, 0xB05A,
  0xA85B, 0xA05A, 0xA05A, 0x985B, 0x907B, 0x887A, 0x807B, 0x787A, 0x707A, 0x70BB, 0x713C, 0x81BE,
  0x925F, 0x9ABF, 0x8ADD, 0x5A53, 0x2128, 0x10C5, 0x10C5, 0x10C6, 0x10C5, 0x10C5, 0x10C5, 0x10C5,
  0x10C5, 0x10C5, 0x10C5, 0x10C5, 0x10C5, 0x10C5, 0x10C5, 0x10C5, 0x10C5, 0x10C5, 0x10C5, 0x10C5,
  0x10C5, 0x10C5, 0x10C5, 0x10C5, 0x10C5, 0x10C5, 0x10C5, 0x10C5, 0x10C5, 0x10C5, 0x10C5, 0x10C5,
  0x10C5, 0x10C5, 0x10C5, 0x10C5, 0x10C5, 0x10C5, 0x10C5, 0x10C5, 0x10C5, 0x10C5, 0x10C5, 0x10C5,
  0x10C6, 0x10C6, 0x10C5, 0x10C5, 0x29A9, 0x64D4, 0x671E, 0x37BF, 0x0F1F, 0x06BE, 0x0F1F, 0x3FBF,
  0x6F7F, 0x5D37, 0x21EA, 0x10C5, 0x10C5, 0x10C6, 0x10C5, 0x10C5, 0x10C5, 0x10C5, 0x10C5, 0x10C5,
  0x10C5, 0x10C5, 0x10C5, 0x10C5, 0x10C5, 0x10C5, 0x10C5, 0x10C5, 0x10C5, 0x10C5, 0x10C5, 0x10C5,
  0x10C5, 0x10C5, 0x10C5, 0x10C5, 0x10C5, 0x10C5, 0x3147, 0x91CE, 0xE9B3, 0xF935, 0xF852, 0xF010,
  0xF010, 0xF811, 0xF852, 0xC0AF, 0x58EA, 0x10E5, 0x10C5, 0x10C5, 0x10C5, 0x10C5, 0x10C5, 0x10C5,
  0x10C5, 0x10C5, 0x10C5, 0x10C5, 0x10C5, 0x10C5, 0x10C5, 0x10C5, 0x10C5, 0x10C5, 0x10C5, 0x10C5,
  0x10C5, 0x10C5, 0x10C5, 0x10C5, 0x10C5, 0x10C5, 0x10C5, 0x10C5, 0x10C5, 0x10C5, 0x10C5, 0x10C5,
  0x10C5, 0x10C5, 0x10C5, 0x10C5, 0x10C5, 0x10C5, 0x10C5, 0x10C6, 0x10C5, 0x10C5, 0x10C5, 0x10C5,
  0x10C5, 0x10C5, 0x10C5, 0x10C5, 0x3929, 0xFA1D, 0xF95D, 0xF0DA, 0xE898, 0xE038, 0xD818, 0xD018,
  0xD018, 0xD039, 0xC839, 0xC839, 0xC039, 0xC03A, 0xB859, 0xB05A, 0xA05A, 0xA05A, 0x985A, 0x905A,
  0x887A, 0x805A, 0x785A, 0x78BB, 0x817D, 0x91FE, 0x9A1F, 0xAA5F, 0x927C, 0x5A32, 0x1927, 0x10C5,
  0x10C5, 0x10C6, 0x10C5, 0x10C5, 0x10C5, 0x10C5, 0x10C5, 0x10C5, 0x10C5, 0x10C5, 0x10C5, 0x10C5,
  0x10C5, 0x10C5, 0x10C5, 0x10C5, 0x10C5, 0x10C5, 0x10C5, 0x10C5, 0x10C5, 0x10C5, 0x10C5, 0x10C5,
  0x10C5, 0x10C5, 0x10C5, 0x10C5, 0x10C5, 0x10C5, 0x10C5, 0x10C5, 0x10C5, 0x10C5, 0x10C5, 0x10C5,
  0x10C5, 0x10C5, 0x10C5, 0x10C5, 0x10C5, 0x10C5, 0x10C6, 0x10C6, 0x10C5, 0x10C5, 0x31EA, 0x64D4,
  0x5F1E, 0x2FBF, 0x06FF, 0x06BE, 0x0EFF, 0x379F, 0x575F, 0x4D16, 0x220A, 0x10C5, 0x10C5, 0x10C6,
  0x10C5, 0x10C5, 0x10C5, 0x10C5, 0x10C5, 0x10C5, 0x10C5, 0x10C5, 0x10C5, 0x10C5, 0x10C5, 0x10C5,
  0x10C5, 0x10C5, 0x10C5, 0x10C5, 0x10C5, 0x10C5, 0x10C5, 0x10C5, 0x10C5, 0x10C5, 0x10C5, 0x10C5,
  0x10C5, 0x10C6, 0x10C5, 0x10C5, 0x2926, 0x89ED, 0xEA14, 0xF935, 0xF811, 0xF010, 0xF810, 0xF812,
  0xF853, 0xD0B1, 0x68EB, 0x10E5, 0x10C5, 0x10C5, 0x10C6, 0x10C5, 0x10C5, 0x10C5, 0x10C5, 0x10C5,
  0x10C5, 0x10C5, 0x10C5, 0x10C5, 0x10C5, 0x10C5, 0x10C5, 0x10C5, 0x10C5, 0x10C5, 0x10C5, 0x10C5,
  0x10C5, 0x10C5, 0x10C5, 0x10C5, 0x10C5, 0x10C5, 0x10C5, 0x10C5, 0x10C5, 0x10C5, 0x10C5, 0x10C5,
  0x10C5, 0x10C5, 0x10C5, 0x10C5, 0x10C5, 0x10C6, 0x10C5, 0x10C5, 0x10C5, 0x10C5, 0x10C5, 0x10C5,
  0x10C6, 0x512B, 0xB195, 0xF99C, 0xF97E, 0xF93C, 0xE0FB, 0xD079, 0xC838, 0xC818, 0xC018, 0xC018,
  0xC039, 0xB839, 0xB059, 0xA85A, 0xA05A, 0x985A, 0x9039, 0x8839, 0x887A, 0x88FB, 0x917D, 0x99DF,
  0xAA1F, 0xB23F, 0x923A, 0x51D0, 0x1907, 0x10C5, 0x10C5, 0x10C6, 0x10C5, 0x10C5, 0x10C5, 0x10C5,
  0x10C5, 0x10C5, 0x10C5, 0x10C5, 0x10C5, 0x10C5, 0x10C5, 0x10C5, 0x10C5, 0x10C5, 0x10C5, 0x10C5,
  0x10C5, 0x10C5, 0x10C5, 0x10C5, 0x10C5, 0x10C5, 0x10C5, 0x10C5, 0x10C5, 0x10C5, 0x10C5, 0x10C5,
  0x10C5, 0x10C5, 0x10C5, 0x10C5, 0x10C5, 0x10C5, 0x10C5, 0x10C5, 0x10C5, 0x10C5, 0x10C5, 0x10C5,
  0x10C5, 0x10C6, 0x10C5, 0x10C5, 0x322A, 0x6515, 0x5F1E, 0x277F, 0x06FF, 0x069E, 0x06DF, 0x1F9F,
  0x475F, 0x4D16, 0x220B, 0x10C5, 0x10C5, 0x10C6, 0x10C5, 0x10C5, 0x10C5, 0x10C5, 0x10C5, 0x10C5,
  0x10C5, 0x10C5, 0x10C5, 0x10C5, 0x10C5, 0x10C5, 0x10C5, 0x10C5, 0x10C5, 0x10C5, 0x10C5, 0x10C5,
  0x10C5, 0x10C5, 0x10C5, 0x10C5, 0x10C5, 0x10C5, 0x10C5, 0x10C5, 0x10C5, 0x10C5, 0x10C5, 0x10C6,
  0x10C5, 0x10C5, 0x2126, 0x81ED, 0xE1B2, 0xF8D4, 0xF811, 0xF010, 0xF010, 0xF812, 0xF853, 0xD0B1,
  0x68EB, 0x18E6, 0x10C5, 0x10C5, 0x10C6, 0x10C5, 0x10C5, 0x10C5, 0x10C5, 0x10C5, 0x10C5, 0x10C5,
  0x10C5, 0x10C5, 0x10C5, 0x10C5, 0x10C5, 0x10C5, 0x10C5, 0x10C5, 0x10C5, 0x10C5, 0x10C5, 0x10C5,
  0x10C5, 0x10C5, 0x10C5, 0x10C5, 0x10C5, 0x10C5, 0x10C5, 0x10C5, 0x10C5, 0x10C5, 0x10C5, 0x10C5,
  0x10C5, 0x10C5, 0x10C5, 0x10C5, 0x10C5, 0x10C5, 0x10C5, 0x10C5, 0x10C5, 0x10C5, 0x10C5, 0x392A,
  0x9973, 0xE15A, 0xF93E, 0xF15E, 0xE15D, 0xD0FB, 0xC899, 0xC058, 0xB017, 0xB018, 0xA839, 0xA039,
  0x9839, 0x9859, 0x909A, 0x991C, 0xA99E, 0xB1DF, 0xB1FF, 0xAA3E, 0x8217, 0x416D, 0x10E6, 0x10C5,
  0x10C5, 0x10C6, 0x10C5, 0x10C5, 0x10C5, 0x10C5, 0x10C5, 0x10C5, 0x10C5, 0x10C5, 0x10C5, 0x10C5,
  0x10C5, 0x10C5, 0x10C5, 0x10C5, 0x10C5, 0x10C5, 0x10C5, 0x10C5, 0x10C5, 0x10C5, 0x10C5, 0x10C5,
  0x10C5, 0x10C5, 0x10C5, 0x10C5, 0x10C5, 0x10C5, 0x10C5, 0x10C5, 0x10C5, 0x10C5, 0x10C5, 0x10C5,
  0x10C5, 0x10C5, 0x10C5, 0x10C5, 0x10C5, 0x10C5, 0x10C5, 0x10C6, 0x10C5, 0x10C5, 0x320A, 0x5D36,
  0x573F, 0x275F, 0x06BF, 0x067E, 0x06DF, 0x1F7F, 0x371F, 0x3D16, 0x1A0B, 0x10C5, 0x10C5, 0x10C6,
  0x10C5, 0x10C5, 0x10C5, 0x10C5, 0x10C5, 0x10C5, 0x10C5, 0x10C5, 0x10C5, 0x10C5, 0x10C5, 0x10C5,
  0x10C5, 0x10C5, 0x10C5, 0x10C5, 0x10C5, 0x10C5, 0x10C5, 0x10C5, 0x10C5, 0x10C5, 0x10C5, 0x10C5,
  0x10C5, 0x10C5, 0x10C5, 0x10C5, 0x10C5, 0x10C5, 0x10C5, 0x10C5, 0x10C5, 0x10C6, 0x10C5, 0x10C5,
  0x2126, 0x798C, 0xD952, 0xF8B5, 0xF812, 0xF010, 0xF010, 0xF811, 0xF833, 0xD891, 0x70EC, 0x18E6,
  0x10C5, 0x10C5, 0x10C5, 0x10C5, 0x10C5, 0x10C5, 0x10C5, 0x10C5, 0x10C5, 0x10C5, 0x10C5, 0x10C5,
  0x10C5, 0x10C5, 0x10C5, 0x10C5, 0x10C5, 0x10C5, 0x10C5, 0x10C5, 0x10C5, 0x10C5, 0x10C5, 0x10C5,
  0x10C5, 0x10C5, 0x10C5, 0x10C5, 0x10C5, 0x10C5, 0x10C5, 0x10C5, 0x10C5, 0x10C5, 0x10C5, 0x10C5,
  0x10C5, 0x10C5, 0x10C5, 0x10C5, 0x10C5, 0x10C6, 0x10C5, 0x10C5, 0x10C5, 0x2107, 0x712F, 0xB998,
  0xF19E, 0xF17F, 0xE97F, 0xD95D, 0xC8FB, 0xC0DB, 0xB8BB, 0xA8BB, 0xA8FB, 0xB15D, 0xB99F, 0xC1BF,
  0xC1FF, 0xA9FC, 0x69B3, 0x2949, 0x10C5, 0x10C5, 0x10C5, 0x10C6, 0x10C5, 0x10C5, 0x10C5, 0x10C5,
  0x10C5, 0x10C5, 0x10C5, 0x10C5, 0x10C5, 0x10C5, 0x10C5, 0x10C5, 0x10C5, 0x10C5, 0x10C5, 0x10C5,
  0x10C5, 0x10C5, 0x10C5, 0x10C5, 0x10C5, 0x10C5, 0x10C5, 0x10C5, 0x10C5, 0x10C5, 0x10C5, 0x10C5,
  0x10C5, 0x10C5, 0x10C5, 0x10C5, 0x10C5, 0x10C5, 0x10C5, 0x10C5, 0x10C5, 0x10C5, 0x10C5, 0x10C5,
  0x10C5, 0x10C6, 0x10C5, 0x10C5, 0x322B, 0x6536, 0x571E, 0x1F3F, 0x069F, 0x067E, 0x06BF, 0x175F,
  0x373F, 0x34F6, 0x1A0A, 0x10C5, 0x10C5, 0x10C6, 0x10C5, 0x10C5, 0x10C5, 0x10C5, 0x10C5, 0x10C5,
  0x10C5, 0x10C5, 0x10C5, 0x10C5, 0x10C5, 0x10C5, 0x10C5, 0x10C5, 0x10C5, 0x10C5, 0x10C5, 0x10C5,
  0x10C5, 0x10C5, 0x10C5, 0x10C5, 0x10C5, 0x10C5, 0x10C5, 0x10C5, 0x10C5, 0x10C5, 0x10C5, 0x10C5,
  0x10C5, 0x10C5, 0x10C5, 0x10C5, 0x10C5, 0x10C5, 0x10C5, 0x10C6, 0x10C5, 0x10C5, 0x1906, 0x716C,
  0xD132, 0xF8B4, 0xF812, 0xF010, 0xF010, 0xF812, 0xF834, 0xD8B3, 0x790C, 0x20E6, 0x10C5, 0x10C5,
  0x10C6, 0x10C5, 0x10C5, 0x10C5, 0x10C5, 0x10C5, 0x10C5, 0x10C5, 0x10C5, 0x10C5, 0x10C5, 0x10C5,
  0x10C5, 0x10C5, 0x10C5, 0x10C5, 0x10C5, 0x10C5, 0x10C5, 0x10C5, 0x10C5, 0x10C5, 0x10C5, 0x10C5,
  0x10C5, 0x10C5, 0x10C5, 0x10C5, 0x10C5, 0x10C5, 0x10C5, 0x10C5, 0x10C5, 0x10C5, 0x10C5, 0x10C5,
  0x10C5, 0x10C5, 0x10C5, 0x10C5, 0x10C6, 0x10C5, 0x10C5, 0x10C5, 0x412A, 0x8973, 0xC95A, 0xE15F,
  0xE95F, 0xD93F, 0xD15F, 0xD1BF, 0xD1BF, 0xD1BF, 0xC9DF, 0xA1D9, 0x518F, 0x1907, 0x10C5, 0x10C5,
  0x10C5, 0x10C6, 0x10C5, 0x10C5, 0x10C5, 0x10C5, 0x10C5, 0x10C5, 0x10C5, 0x10C5, 0x10C5, 0x10C5,
  0x10C5, 0x10C5, 0x10C5, 0x10C5, 0x10C5, 0x10C5, 0x10C5, 0x10C5, 0x10C5, 0x10C5, 0x10C5, 0x10C5,
  0x10C5, 0x10C5, 0x10C5, 0x10C5, 0x10C5, 0x10C5, 0x10C5, 0x10C5, 0x10C5, 0x10C5, 0x10C5, 0x10C5,
  0x10C5, 0x10C5, 0x10C5, 0x10C5, 0x10C5, 0x10C5, 0x10C5, 0x10C6, 0x10C5, 0x10C5, 0x324B, 0x5D36,
  0x4F1F, 0x1F1F, 0x067F, 0x063E, 0x06BF, 0x173F, 0x26FF, 0x3517, 0x1A2B, 0x10C5, 0x10C5, 0x10C6,
  0x10C5, 0x10C5, 0x10C5, 0x10C5, 0x10C5, 0x10C5, 0x10C5, 0x10C5, 0x10C5, 0x10C5, 0x10C5, 0x10C5,
  0x10C5, 0x10C5, 0x10C5, 0x10C5, 0x10C5, 0x10C5, 0x10C5, 0x10C5, 0x10C5, 0x10C5, 0x10C5, 0x10C5,
  0x10C5, 0x10C5, 0x10C5, 0x10C5, 0x10C5, 0x10C5, 0x10C5, 0x10C5, 0x10C5, 0x10C5, 0x10C5, 0x10C5,
  0x10C5, 0x10C5, 0x10C5, 0x10C5, 0x10C5, 0x10C5, 0x10C5, 0x10C5, 0x10E5, 0x694B, 0xC971, 0xF8D5,
  0xF833, 0xF812, 0xF011, 0xF812, 0xF834, 0xE093, 0x80ED, 0x20E6, 0x10C5, 0x10C5, 0x10C6, 0x10C5,
  0x10C5, 0x10C5, 0x10C5, 0x10C5, 0x10C5, 0x10C5, 0x10C5, 0x10C5, 0x10C5, 0x10C5, 0x10C5, 0x10C5,
  0x10C5, 0x10C5, 0x10C5, 0x10C5, 0x10C5, 0x10C5, 0x10C5, 0x10C5, 0x10C5, 0x10C5, 0x10C5, 0x10C5,
  0x10C5, 0x10C5, 0x10C5, 0x10C5, 0x10C5, 0x10C5, 0x10C5, 0x10C5, 0x10C5, 0x10C5, 0x10C5, 0x10C5,
  0x10C5, 0x10C5, 0x10C6, 0x10C5, 0x10C5, 0x10C5, 0x18E6, 0x490C, 0x9154, 0xB99A, 0xB97B, 0xB9BC,
  0xA9D9, 0x71B2, 0x314B, 0x10C5, 0x10C5, 0x10C5, 0x10C6, 0x10C6, 0x10C5, 0x10C5, 0x10C5, 0x10C5,
  0x10C5, 0x10C5, 0x10C5, 0x10C5, 0x10C5, 0x10C5, 0x10C5, 0x10C5, 0x10C5, 0x10C5, 0x10C5, 0x10C5,
  0x10C5, 0x10C5, 0x10C5, 0x10C5, 0x10C5, 0x10C5, 0x10C5, 0x10C5, 0x10C5, 0x10C5, 0x10C5, 0x10C5,
  0x10C5, 0x10C5, 0x10C5, 0x10C5, 0x10C5, 0x10C5, 0x10C5, 0x10C5, 0x10C5, 0x10C5, 0x10C5, 0x10C5,
  0x10C6, 0x10C5, 0x10C5, 0x10C5, 0x2A4B, 0x4D36, 0x471F, 0x171F, 0x067F, 0x063E, 0x069F, 0x171F,
  0x2EFF, 0x24B5, 0x1A0B, 0x10C5, 0x10C5, 0x10C6, 0x10C5, 0x10C5, 0x10C5, 0x10C5, 0x10C5, 0x10C5,
  0x10C5, 0x10C5, 0x10C5, 0x10C5, 0x10C5, 0x10C5, 0x10C5, 0x10C5, 0x10C5, 0x10C5, 0x10C5, 0x10C5,
  0x10C5, 0x10C5, 0x10C5, 0x10C5, 0x10C5, 0x10C5, 0x10C5, 0x10C5, 0x10C5, 0x10C5, 0x10C5, 0x10C5,
  0x10C5, 0x10C5, 0x10C5, 0x10C5, 0x10C5, 0x10C5, 0x10C5, 0x10C5, 0x10C5, 0x10C5, 0x10C5, 0x10C5,
  0x10C5, 0x10C5, 0x10C5, 0x10C6, 0x10C5, 0x10C5, 0x10E5, 0x614B, 0xC972, 0xF8F6, 0xF813, 0xF011,
  0xE810, 0xF012, 0xF834, 0xE073, 0x890F, 0x2907, 0x10C5, 0x10C5, 0x10C6, 0x10C5, 0x10C5, 0x10C5,
  0x10C5, 0x10C5, 0x10C5, 0x10C5, 0x10C5, 0x10C5, 0x10C5, 0x10C5, 0x10C5, 0x10C5, 0x10C5, 0x10C5,
  0x10C5, 0x10C5, 0x10C5, 0x10C5, 0x10C5, 0x10C5, 0x10C5, 0x10C5, 0x10C5, 0x10C5, 0x10C5, 0x10C5,
  0x10C5, 0x10C5, 0x10C5, 0x10C5, 0x10C5, 0x10C5, 0x10C5, 0x10C5, 0x10C5, 0x10C5, 0x10C5, 0x10C5,
  0x10C5, 0x10C6, 0x10C5, 0x10C5, 0x10C5, 0x10E6, 0x18E7, 0x18E7, 0x10C5, 0x10C5, 0x10C5, 0x10C5,
  0x10C6, 0x10C5, 0x10C5, 0x10C5, 0x10C5, 0x10C5, 0x10C5, 0x10C5, 0x10C5, 0x10C5, 0x10C5, 0x10C5,
  0x10C5, 0x10C5, 0x10C5, 0x10C5, 0x10C5, 0x10C5, 0x10C5, 0x10C5, 0x10C5, 0x10C5, 0x10C5, 0x10C5,
  0x10C5, 0x10C5, 0x10C5, 0x10C5, 0x10C5, 0x10C5, 0x10C5, 0x10C5, 0x10C5, 0x10C5, 0x10C5, 0x10C5,
  0x10C5, 0x10C5, 0x10C5, 0x10C5, 0x10C5, 0x10C5, 0x10C6, 0x10C5, 0x10C5, 0x10C5, 0x2A4B, 0x4D17,
  0x46FF, 0x16FF, 0x067F, 0x063E, 0x067F, 0x0F1F, 0x26FF, 0x2CD6, 0x19EB, 0x10C5, 0x10C5, 0x10C5,
  0x10C5, 0x10C5, 0x10C5, 0x10C5, 0x10C5, 0x10C5, 0x10C5, 0x10C5, 0x10C5, 0x10C5, 0x10C5, 0x10C5,
  0x10C5, 0x10C5, 0x10C5, 0x10C5, 0x10C5, 0x10C5, 0x10C5, 0x10C5, 0x10C5, 0x10C5, 0x10C5, 0x10C5,
  0x10C5, 0x10C5, 0x10C5, 0x10C5, 0x10C5, 0x10C5, 0x10C5, 0x10C5, 0x10C5, 0x10C5, 0x10C5, 0x10C5,
  0x10C5, 0x10C5, 0x10C5, 0x10C5, 0x10C5, 0x10C5, 0x10C5, 0x10C5, 0x10C5, 0x10C5, 0x10C5, 0x10C5,
  0x10C5, 0x10C5, 0x10C5, 0x10C5, 0x08E5, 0x514A, 0xC131, 0xF8B4, 0xF813, 0xF012, 0xE812, 0xF812,
  0xF835, 0xE8D4, 0x910F, 0x3108, 0x10C5, 0x10C5, 0x10C6, 0x10C5, 0x10C5, 0x10C5, 0x10C5, 0x10C5,
  0x10C5, 0x10C5, 0x10C5, 0x10C5, 0x10C5, 0x10C5, 0x10C5, 0x10C5, 0x10C5, 0x10C5, 0x10C5, 0x10C5,
  0x10C5, 0x10C5, 0x10C5, 0x10C5, 0x10C5, 0x10C5, 0x10C5, 0x10C5, 0x10C5, 0x10C5, 0x10C5, 0x10C5,
  0x10C5, 0x10C5, 0x10C5, 0x10C5, 0x10C5, 0x10C5, 0x10C5, 0x10C5, 0x10C5, 0x10C5, 0x10C5, 0x10C6,
  0x10C6, 0x10C5, 0x10C5, 0x10C5, 0x10C5, 0x10C6, 0x10C5, 0x10C5, 0x10C5, 0x10C5, 0x10C5, 0x10C5,
  0x10C5, 0x10C5, 0x10C5, 0x10C5, 0x10C5, 0x10C5, 0x10C5, 0x10C5, 0x10C5, 0x10C5, 0x10C5, 0x10C5,
  0x10C5, 0x10C5, 0x10C5, 0x10C5, 0x10C5, 0x10C5, 0x10C5, 0x10C5, 0x10C5, 0x10C5, 0x10C5, 0x10C5,
  0x10C5, 0x10C5, 0x10C5, 0x10C5, 0x10C5, 0x10C5, 0x10C5, 0x10C5, 0x10C5, 0x10C5, 0x10C5, 0x10C5,
  0x10C6, 0x10C5, 0x10C5, 0x10C5, 0x2A8C, 0x4D58, 0x3EDF, 0x0EBF, 0x063F, 0x063E, 0x065F, 0x0EFF,
  0x26DF, 0x24D6, 0x120A, 0x10C5, 0x10C5, 0x10C6, 0x10C5, 0x10C5, 0x10C5, 0x10C5, 0x10C5, 0x10C5,
  0x10C5, 0x10C5, 0x10C5, 0x10C5, 0x10C5, 0x10C5, 0x10C5, 0x10C5, 0x10C5, 0x10C5, 0x10C5, 0x10C5,
  0x10C5, 0x10C5, 0x10C5, 0x10C5, 0x10C5, 0x10C5, 0x10C5, 0x10C5, 0x10C5, 0x10C5, 0x10C5, 0x10C5,
  0x10C5, 0x10C5, 0x10C5, 0x10C5, 0x10C5, 0x10C5, 0x10C5, 0x10C5, 0x10C5, 0x10C5, 0x10C5, 0x10C5,
  0x10C5, 0x10C5, 0x10C5, 0x10C5, 0x10C5, 0x10C5, 0x10C5, 0x10C5, 0x10C5, 0x10C5, 0x10C5, 0x10C5,
  0x10C5, 0x10C5, 0x10C5, 0x5149, 0xB951, 0xF8D6, 0xF835, 0xF012, 0xE811, 0xE812, 0xF814, 0xE874,
  0x990F, 0x3928, 0x10C5, 0x10C5, 0x10C6, 0x10C5, 0x10C5, 0x10C5, 0x10C5, 0x10C5, 0x10C5, 0x10C5,
  0x10C5, 0x10C5, 0x10C5, 0x10C5, 0x10C5, 0x10C5, 0x10C5, 0x10C5, 0x10C5, 0x10C5, 0x10C5, 0x10C5,
  0x10C5, 0x10C5, 0x10C5, 0x10C5, 0x10C5, 0x10C5, 0x10C5, 0x10C5, 0x10C5, 0x10C5, 0x10C5, 0x10C5,
  0x10C5, 0x10C5, 0x10C5, 0x10C5, 0x10C5, 0x10C5, 0x10C5, 0x10C5, 0x10C5, 0x10C5, 0x10C5, 0x10C5,
  0x10C5, 0x10C5, 0x10C5, 0x10C5, 0x10C5, 0x10C5, 0x10C5, 0x10C5, 0x10C5, 0x10C5, 0x10C5, 0x10C5,
  0x10C5, 0x10C5, 0x10C5, 0x10C5, 0x10C5, 0x10C5, 0x10C5, 0x10C5, 0x10C5, 0x10C5, 0x10C5, 0x10C5,
  0x10C5, 0x10C5, 0x10C5, 0x10C5, 0x10C5, 0x10C5, 0x10C5, 0x10C5, 0x10C5, 0x10C5, 0x10C5, 0x10C5,
  0x10C5, 0x10C5, 0x10C5, 0x10C5, 0x10C5, 0x10C5, 0x10C6, 0x10C5, 0x10C5, 0x10C5, 0x2A8C, 0x4557,
  0x2EDF, 0x0E9F, 0x063F, 0x061E, 0x065F, 0x0EFF, 0x1EBF, 0x1CB6, 0x11EA, 0x10C5, 0x10C5, 0x10C6,
  0x10C5, 0x10C5, 0x10C5, 0x10C5, 0x10C5, 0x10C5, 0x10C5, 0x10C5, 0x10C5, 0x10C5, 0x10C5, 0x10C5,
  0x10C5, 0x10C5, 0x10C5, 0x10C5, 0x10C5, 0x10C5, 0x10C5, 0x10C5, 0x10C5, 0x10C5, 0x10C5, 0x10C5,
  0x10C5, 0x10C5, 0x10C5, 0x10C5, 0x10C5, 0x10C5, 0x10C5, 0x10C5, 0x10C5, 0x10C5, 0x10C5, 0x10C5,
  0x10C5, 0x10C5, 0x10C5, 0x10C5, 0x10C5, 0x10C5, 0x10C5, 0x10C5, 0x10C5, 0x10C5, 0x10C5, 0x10C5,
  0x10C5, 0x10C5, 0x10C5, 0x10C5, 0x10C5, 0x10C5, 0x10C5, 0x10C5, 0x10C5, 0x10C5, 0x10C5, 0x10C5,
  0x10C5, 0x4929, 0xB151, 0xF896, 0xF814, 0xE812, 0xE011, 0xE813, 0xF816, 0xE896, 0xA0F1, 0x3909,
  0x10C5, 0x10C5, 0x10C6, 0x10C5, 0x10C5, 0x10C5, 0x10C5, 0x10C5, 0x10C5, 0x10C5, 0x10C5, 0x10C5,
  0x10C5, 0x10C5, 0x10C5, 0x10C5, 0x10C5, 0x10C5, 0x10C5, 0x10C5, 0x10C5, 0x10C5, 0x10C5, 0x10C5,
  0x10C5, 0x10C5, 0x10C5, 0x10C5, 0x10C5, 0x10C5, 0x10C5, 0x10C5, 0x10C5, 0x10C5, 0x10C5, 0x10C5,
  0x10C5, 0x10C5, 0x10C5, 0x10C5, 0x10C5, 0x10C5, 0x10C5, 0x10C6, 0x10C5, 0x10C5, 0x10C5, 0x10C5,
  0x10C5, 0x10C5, 0x10C5, 0x10C5, 0x10C5, 0x10C5, 0x10C5, 0x10C5, 0x10C5, 0x10C5, 0x10C5, 0x10C5,
  0x10C5, 0x10C5, 0x10C5, 0x10C5, 0x10C5, 0x10C5, 0x10C5, 0x10C5, 0x10C5, 0x10C5, 0x10C5, 0x10C5,
  0x10C5, 0x10C5, 0x10C5, 0x10C5, 0x10C5, 0x10C5, 0x10C5, 0x10C5, 0x10C5, 0x10C5, 0x10C5, 0x10C5,
  0x10C6, 0x10C5, 0x10C5, 0x10C5, 0x32AD, 0x4538, 0x2EBF, 0x0E9F, 0x061F, 0x061E, 0x065F, 0x0EDF,
  0x1E9F, 0x24B5, 0x11EA, 0x10C5, 0x10C5, 0x10C6, 0x10C5, 0x10C5, 0x10C5, 0x10C5, 0x10C5, 0x10C5,
  0x10C5, 0x10C5, 0x10C5, 0x10C5, 0x10C5, 0x10C5, 0x10C5, 0x10C5, 0x10C5, 0x10C5, 0x10C5, 0x10C5,
  0x10C5, 0x10C5, 0x10C5, 0x10C5, 0x10C5, 0x10C5, 0x10C5, 0x10C5, 0x10C5, 0x10C5, 0x10C5, 0x10C5,
  0x10C5, 0x10C5, 0x10C5, 0x10C5, 0x10C5, 0x10C5, 0x10C5, 0x10C5, 0x10C5, 0x10C5, 0x10C5, 0x10C5,
  0x10C5, 0x10C5, 0x10C5, 0x10C5, 0x10C5, 0x10C5, 0x10C5, 0x10C5, 0x10C5, 0x10C5, 0x10C5, 0x10C5,
  0x10C5, 0x10C5, 0x10C5, 0x10C5, 0x10C5, 0x10C5, 0x10C5, 0x10C5, 0x10C5, 0x10C5, 0x10C5, 0x4109,
  0xA910, 0xF0D5, 0xF835, 0xF013, 0xE012, 0xE013, 0xF815, 0xF096, 0xA911, 0x4129, 0x10C5, 0x10C5,
  0x10C5, 0x10C5, 0x10C5, 0x10C5, 0x10C5, 0x10C5, 0x10C5, 0x10C5, 0x10C5, 0x10C5, 0x10C5, 0x10C5,
  0x10C5, 0x10C5, 0x10C5, 0x10C5, 0x10C5, 0x10C5, 0x10C5, 0x10C5, 0x10C5, 0x10C5, 0x10C5, 0x10C5,
  0x10C5, 0x10C5, 0x10C5, 0x10C5, 0x10C5, 0x10C5, 0x10C5, 0x10C5, 0x10C5, 0x10C5, 0x10C5, 0x10C5,
  0x10C5, 0x10C5, 0x10C5, 0x10C5, 0x10C5, 0x10C5, 0x10C5, 0x10C5, 0x10C5, 0x10C5, 0x10C5, 0x10C5,
  0x10C5, 0x10C5, 0x10C5, 0x10C5, 0x10C5, 0x10C5, 0x10C5, 0x10C5, 0x10C5, 0x10C5, 0x10C5, 0x10C5,
  0x10C5, 0x10C5, 0x10C5, 0x10C5, 0x10C5, 0x10C5, 0x10C5, 0x10C5, 0x10C5, 0x10C5, 0x10C5, 0x10C5,
  0x10C5, 0x10C5, 0x10C5, 0x10C5, 0x10C5, 0x10C5, 0x10C6, 0x10C5, 0x10C5, 0x10C5, 0x32ED, 0x3D79,
  0x2EBF, 0x0E7F, 0x061F, 0x05FE, 0x065F, 0x16FF, 0x1E9E, 0x1C95, 0x11CA, 0x10C5, 0x10C5, 0x10C6,
  0x10C6, 0x10C5, 0x10C5, 0x10C5, 0x10C5, 0x10C5, 0x10C5, 0x10C5, 0x10C5, 0x10C5, 0x10C5, 0x10C5,
  0x10C5, 0x10C5, 0x10C5, 0x10C5, 0x10C5, 0x10C5, 0x10C5, 0x10C5, 0x10C5, 0x10C5, 0x10C5, 0x10C5,
  0x10C5, 0x10C5, 0x10C5, 0x10C5, 0x10C5, 0x10C5, 0x10C5, 0x10C5, 0x10C5, 0x10C5, 0x10C5, 0x10C5,
  0x10C5, 0x10C5, 0x10C5, 0x10C5, 0x10C5, 0x10C5, 0x10C5, 0x10C5, 0x10C5, 0x10C5, 0x10C5, 0x10C5,
  0x10C5, 0x10C5, 0x10C5, 0x10C5, 0x10C5, 0x10C5, 0x10C5, 0x10C5, 0x10C5, 0x10C5, 0x10C5, 0x10C5,
  0x10C5, 0x10C5, 0x10C5, 0x10C5, 0x10C5, 0x10C5, 0x10C5, 0x10C5, 0x10C5, 0x3928, 0xA130, 0xF0D6,
  0xF836, 0xE814, 0xE013, 0xE814, 0xF016, 0xF097, 0xA911, 0x412A, 0x10C5, 0x10C5, 0x10C5, 0x10C5,
  0x10C5, 0x10C5, 0x10C5, 0x10C5, 0x10C5, 0x10C5, 0x10C5, 0x10C5, 0x10C5, 0x10C5, 0x10C5, 0x10C5,
  0x10C5, 0x10C5, 0x10C5, 0x10C5, 0x10C5, 0x10C5, 0x10C5, 0x10C5, 0x10C5, 0x10C5, 0x10C5, 0x10C5,
  0x10C5, 0x10C5, 0x10C5, 0x10C5, 0x10C5, 0x10C5, 0x10C5, 0x10C5, 0x10C5, 0x10C5, 0x1907, 0x420C,
  0x10C6, 0x10C5, 0x10C5, 0x10C5, 0x10C5, 0x10C5, 0x10C5, 0x10C5, 0x10C5, 0x10C5, 0x10C5, 0x10C5,
  0x10C5, 0x10C5, 0x10C5, 0x10C5, 0x10C5, 0x10C5, 0x10C5, 0x10C5, 0x10C5, 0x10C5, 0x10C5, 0x10C5,
  0x10C5, 0x10C5, 0x10C5, 0x10C5, 0x10C5, 0x10C5, 0x10C5, 0x10C5, 0x10C5, 0x10C5, 0x10C5, 0x10C5,
  0x10C6, 0x10C5, 0x10C5, 0x10E6, 0x32EE, 0x4599, 0x2EBF, 0x065F, 0x05FF, 0x05DE, 0x065F, 0x16FF,
  0x269E, 0x2475, 0x11C9, 0x10C5, 0x10C5, 0x10C6, 0x10C5, 0x10C5, 0x10C5, 0x10C5, 0x10C5, 0x10C5,
  0x10C5, 0x10C5, 0x10C5, 0x10C5, 0x10C5, 0x10C5, 0x10C5, 0x10C5, 0x10C5, 0x10C5, 0x10C5, 0x10C5,
  0x10C5, 0x10C5, 0x10C5, 0x10C5, 0x10C5, 0x10C5, 0x10C5, 0x10C5, 0x10C5, 0x10C5, 0x10C5, 0x10C5,
  0x10C5, 0x10C5, 0x10C5, 0x10C5, 0x10C5, 0x10C5, 0x10C5, 0x10C5, 0x10C5, 0x10C5, 0x10C5, 0x10C5,
  0x10C5, 0x10C5, 0x10C5, 0x10C5, 0x10C5, 0x10C5, 0x10C5, 0x10C5, 0x10C5, 0x10C5, 0x10C5, 0x10C5,
  0x10C5, 0x10C5, 0x10C5, 0x10C5, 0x10C5, 0x10C5, 0x10C5, 0x10C5, 0x10C5, 0x10C5, 0x10C5, 0x10C5,
  0x10C5, 0x10C5, 0x10C5, 0x10C5, 0x10C5, 0x10C5, 0x10C5, 0x3928, 0x9930, 0xF0B6, 0xF857, 0xE814,
  0xD813, 0xE014, 0xF016, 0xF097, 0xB153, 0x492A, 0x10C5, 0x10C5, 0x10C5, 0x10C6, 0x10C5, 0x10C5,
  0x10C5, 0x10C5, 0x10C5, 0x10C5, 0x10C5, 0x10C5, 0x10C5, 0x10C5, 0x10C5, 0x10C5, 0x10C5, 0x10C5,
  0x10C5, 0x10C5, 0x10C5, 0x10C5, 0x10C5, 0x10C5, 0x10C5, 0x10C5, 0x10C5, 0x10C5, 0x10C5, 0x10C5,
  0x10C5, 0x10C5, 0x10C5, 0x10C5, 0x10C6, 0x10C5, 0x39CD, 0xC4BF, 0x1928, 0x10C5, 0x10C6, 0x10C5,
  0x10C5, 0x10C5, 0x10C5, 0x10C5, 0x10C5, 0x10C5, 0x10C5, 0x10C5, 0x10C5, 0x10C5, 0x10C5, 0x10C5,
  0x10C5, 0x10C5, 0x10C5, 0x10C5, 0x10C5, 0x10C5, 0x10C5, 0x10C5, 0x10C5, 0x10C5, 0x10C5, 0x10C5,
  0x10C5, 0x10C5, 0x10C5, 0x10C5, 0x10C5, 0x10C5, 0x10C6, 0x10C5, 0x10C5, 0x1106, 0x3350, 0x3D7A,
  0x265F, 0x063F, 0x05DF, 0x05FF, 0x063F, 0x0E9F, 0x265E, 0x2434, 0x1189, 0x10C5, 0x10C5, 0x10C6,
  0x10C6, 0x10C5, 0x10C5, 0x10C5, 0x10C5, 0x10C5, 0x10C5, 0x10C5, 0x10C5, 0x10C5, 0x10C5, 0x10C5,
  0x10C5, 0x10C5, 0x10C5, 0x10C5, 0x10C5, 0x10C5, 0x10C5, 0x10C5, 0x10C5, 0x10C5, 0x10C5, 0x10C5,
  0x10C5, 0x10C5, 0x10C5, 0x10C5, 0x10C5, 0x10C5, 0x10C5, 0x10C5, 0x10C5, 0x10C5, 0x10C5, 0x10C5,
  0x10C5, 0x10C5, 0x10C5, 0x10C5, 0x10C5, 0x10C5, 0x10C5, 0x10C5, 0x10C5, 0x10C5, 0x10C5, 0x10C5,
  0x10C5, 0x10C5, 0x10C5, 0x10C5, 0x10C5, 0x10C5, 0x10C5, 0x10C5, 0x10C5, 0x10C5, 0x10C5, 0x10C5,
  0x10C5, 0x10C5, 0x10C5, 0x10C5, 0x10C5, 0x10C5, 0x10C5, 0x10C5, 0x10C5, 0x10C5, 0x10C5, 0x10C5,
  0x10C5, 0x10C5, 0x10C6, 0x10C5, 0x10C5, 0x3107, 0x9970, 0xE8D6, 0xF857, 0xE814, 0xD813, 0xE014,
  0xF037, 0xF098, 0xB114, 0x514B, 0x10E5, 0x10C5, 0x10C5, 0x10C6, 0x10C5, 0x10C5, 0x10C5, 0x10C5,
  0x10C5, 0x10C5, 0x10C5, 0x10C5, 0x10C5, 0x10C5, 0x10C5, 0x10C5, 0x10C5, 0x10C5, 0x10C5, 0x10C5,
  0x10C5, 0x10C5, 0x10C5, 0x10C5, 0x10C5, 0x10C5, 0x10C5, 0x10C5, 0x10C5, 0x10C5, 0x10C5, 0x10C5,
  0x10C6, 0x10C5, 0x39AD, 0xBC5F, 0x2148, 0x10C5, 0x10C6, 0x10C5, 0x10C5, 0x10C5, 0x10C5, 0x10C5,
  0x10C5, 0x10C5, 0x10C5, 0x10C5, 0x10C5, 0x10C5, 0x10C5, 0x10C5, 0x10C5, 0x10C5, 0x10C5, 0x10C5,
  0x10C5, 0x10C5, 0x10C5, 0x10C5, 0x10C5, 0x10C5, 0x10C5, 0x10C5, 0x10C5, 0x10C5, 0x10C5, 0x10C5,
  0x10C6, 0x10C5, 0x10C5, 0x1106, 0x3370, 0x3DBB, 0x267F, 0x061F, 0x05BF, 0x05DE, 0x063F, 0x16BF,
  0x263E, 0x1BF3, 0x1189, 0x10C5, 0x10C5, 0x10C6, 0x10C6, 0x10C5, 0x10C5, 0x10C5, 0x10C5, 0x10C5,
  0x10C5, 0x10C5, 0x10C5, 0x10C5, 0x10C5, 0x10C5, 0x10C5, 0x10C5, 0x10C5, 0x10C5, 0x10C5, 0x10C5,
  0x10C5, 0x10C5, 0x10C5, 0x10C5, 0x10C5, 0x10C5, 0x10C5, 0x10C5, 0x10C5, 0x10C5, 0x10C5, 0x10C5,
  0x10C5, 0x10C5, 0x10C5, 0x10C5, 0x10C5, 0x10C5, 0x10C5, 0x10C5, 0x10C5, 0x10C5, 0x10C5, 0x10C5,
  0x10C5, 0x10C5, 0x10C5, 0x10C5, 0x10C5, 0x10C5, 0x10C5, 0x10C5, 0x10C5, 0x10C5, 0x10C5, 0x10C5,
  0x10C5, 0x10C5, 0x10C5, 0x10C5, 0x10C5, 0x10C5, 0x10C5, 0x10C5, 0x10C5, 0x10C5, 0x10C5, 0x10C5,
  0x10C5, 0x10C5, 0x10C5, 0x10C5, 0x10C5, 0x10C5, 0x10C5, 0x10C5, 0x10C5, 0x10C5, 0x10C5, 0x10C5,
  0x10C6, 0x10C5, 0x10C5, 0x3108, 0x9130, 0xE0D7, 0xF837, 0xE816, 0xD814, 0xD815, 0xF038, 0xF8DA,
  0xB935, 0x592C, 0x10E5, 0x10C5, 0x10C5, 0x10C6, 0x10C5, 0x10C5, 0x10C5, 0x10C5, 0x10C5, 0x10C5,
  0x10C5, 0x10C5, 0x10C5, 0x10C5, 0x10C5, 0x10C5, 0x10C5, 0x10C5, 0x10C5, 0x10C5, 0x10C5, 0x10C5,
  0x10C5, 0x10C5, 0x10C5, 0x10C5, 0x10C5, 0x10C5, 0x10C5, 0x10C5, 0x10C6, 0x10C5, 0x39AE, 0xBC3F,
  0x2148, 0x10C5, 0x10C6, 0x10C5, 0x10C5, 0x10C5, 0x10C5, 0x10C5, 0x10C5, 0x10C5, 0x10C5, 0x10C5,
  0x10C5, 0x10C5, 0x10C5, 0x10C5, 0x10C5, 0x10C5, 0x10C5, 0x10C5, 0x10C5, 0x10C5, 0x10C5, 0x10C5,
  0x10C5, 0x10C5, 0x10C5, 0x10C5, 0x10C5, 0x10C6, 0x10C6, 0x10C5, 0x10C5, 0x1947, 0x3371, 0x3D7B,
  0x265F, 0x05FF, 0x05BF, 0x05BF, 0x063F, 0x1EBF, 0x25FD, 0x23F3, 0x1168, 0x10C5, 0x10C5, 0x10C6,
  0x10C6, 0x10C5, 0x10C5, 0x10C5, 0x10C5, 0x10C5, 0x10C5, 0x10C5, 0x10C5, 0x10C5, 0x10C5, 0x10C5,
  0x10C5, 0x10C5, 0x10C5, 0x10C5, 0x10C5, 0x10C5, 0x10C5, 0x10C5, 0x10C5, 0x10C5, 0x10C5, 0x10C5,
  0x10C5, 0x10C5, 0x10C5, 0x10C5, 0x10C5, 0x10C5, 0x10C5, 0x10C5, 0x10C5, 0x10C5, 0x10C5, 0x10C5,
  0x10C5, 0x10C5, 0x10C5, 0x10C5, 0x10C5, 0x10C5, 0x10C5, 0x10C5, 0x10C5, 0x10C5, 0x10C5, 0x10C5,
  0x10C5, 0x10C5, 0x10C5, 0x10C5, 0x10C5, 0x10C5, 0x10C5, 0x10C5, 0x10C5, 0x10C5, 0x10C5, 0x10C5,
  0x10C5, 0x10C5, 0x10C5, 0x10C5, 0x10C5, 0x10C5, 0x10C5, 0x10C5, 0x10C5, 0x10C5, 0x10C5, 0x10C5,
  0x10C5, 0x10C5, 0x10C5, 0x10C5, 0x10C5, 0x10C5, 0x10C5, 0x10C5, 0x10C5, 0x10C5, 0x10C6, 0x10C5,
  0x10C5, 0x28E7, 0x8910, 0xE117, 0xF898, 0xE036, 0xD836, 0xD816, 0xE038, 0xE8DB, 0xC1B7, 0x61AD,
  0x10E6, 0x10C5, 0x10C5, 0x10C6, 0x10C5, 0x10C5, 0x10C5, 0x10C5, 0x10C5, 0x10C5, 0x10C5, 0x10C5,
  0x10C5, 0x10C5, 0x10C5, 0x10C5, 0x10C5, 0x10C5, 0x10C5, 0x10C5, 0x10C5, 0x10C5, 0x10C5, 0x10C5,
  0x10C5, 0x10C5, 0x10C5, 0x10C5, 0x10C6, 0x10C5, 0x39CE, 0xC47F, 0x2149, 0x10C5, 0x10C5, 0x10C5,
  0x10C5, 0x10C5, 0x10C5, 0x10C5, 0x10C5, 0x10C5, 0x10C5, 0x10C5, 0x10C5, 0x10C5, 0x10C5, 0x10C5,
  0x10C5, 0x10C5, 0x10C5, 0x10C5, 0x10C5, 0x10C5, 0x10C5, 0x10C5, 0x10C5, 0x10C5, 0x10C5, 0x10C6,
  0x10C6, 0x10C5, 0x10C5, 0x1968, 0x3B92, 0x3D9C, 0x1E3F, 0x05BF, 0x057F, 0x05BF, 0x061F, 0x16BF,
  0x2E1D, 0x23D3, 0x1148, 0x10C5, 0x10C5, 0x10C6, 0x10C6, 0x10C5, 0x10C5, 0x10C5, 0x10C5, 0x10C5,
  0x10C5, 0x10C5, 0x10C5, 0x10C5, 0x10C5, 0x10C5, 0x10C5, 0x10C5, 0x10C5, 0x10C5, 0x10C5, 0x10C5,
  0x10C5, 0x10C5, 0x10C5, 0x10C5, 0x10C5, 0x10C5, 0x10C5, 0x10C5, 0x10C5, 0x10C5, 0x10C5, 0x10C5,
  0x10C5, 0x10C5, 0x10C5, 0x10C5, 0x10C5, 0x10C5, 0x10C5, 0x10C5, 0x10C5, 0x10C5, 0x10C5, 0x10C5,
  0x10C5, 0x10C5, 0x10C5, 0x10C5, 0x10C5, 0x10C5, 0x10C5, 0x10C5, 0x10C5, 0x10C5, 0x10C5, 0x10C5,
  0x10C5, 0x10C5, 0x10C5, 0x10C5, 0x10C5, 0x10C5, 0x10C5, 0x10C5, 0x10C5, 0x10C5, 0x10C5, 0x10C5,
  0x10C5, 0x10C5, 0x10C5, 0x10C5, 0x10C5, 0x10C5, 0x10C5, 0x10C5, 0x10C5, 0x10C5, 0x10C5, 0x10C5,
  0x10C5, 0x10C5, 0x10C5, 0x10C5, 0x10C5, 0x10C5, 0x10C5, 0x10C5, 0x10C6, 0x10C5, 0x10C5, 0x2927,
  0x8970, 0xE138, 0xF8DA, 0xE057, 0xD057, 0xD858, 0xE89B, 0xF15D, 0xC198, 0x696E, 0x18E6, 0x10C5,
  0x10C5, 0x10C6, 0x10C5, 0x10C5, 0x10C5, 0x10C5, 0x10C5, 0x10C5, 0x10C5, 0x10C5, 0x10C5, 0x10C5,
  0x10C5, 0x10C5, 0x10C5, 0x10C5, 0x10C5, 0x10C5, 0x10C5, 0x10C5, 0x10C5, 0x10C5, 0x10C5, 0x10C5,
  0x10C6, 0x10C5, 0x41EE, 0xC49F, 0x2149, 0x10C5, 0x10C5, 0x10C5, 0x10C5, 0x10C5, 0x10C5, 0x10C5,
  0x10C5, 0x10C5, 0x10C5, 0x10C5, 0x10C5, 0x10C5, 0x10C5, 0x10C5, 0x10C5, 0x10C5, 0x10C5, 0x10C5,
  0x10C5, 0x10C5, 0x10C5, 0x10C5, 0x10C5, 0x10C6, 0x10C6, 0x10C5, 0x10C5, 0x21A9, 0x3BD3, 0x3D9D,
  0x1DFF, 0x059F, 0x057F, 0x057F, 0x05FF, 0x1E9F, 0x2DDC, 0x2391, 0x1127, 0x10C5, 0x10C5, 0x10C6,
  0x10C5, 0x10C5, 0x10C5, 0x10C5, 0x10C5, 0x10C5, 0x10C5, 0x10C5, 0x10C5, 0x10C5, 0x10C5, 0x10C5,
  0x10C5, 0x10C5, 0x10C5, 0x10C5, 0x10C5, 0x10C5, 0x10C5, 0x10C5, 0x10C5, 0x10C5, 0x10C5, 0x10C5,
  0x10C5, 0x10C5, 0x10C5, 0x10C5, 0x10C5, 0x10C5, 0x10C5, 0x10C5, 0x10C5, 0x10C5, 0x10C5, 0x10C5,
  0x10C5, 0x10C5, 0x10C5, 0x10C5, 0x10C5, 0x10C5, 0x10C5, 0x10C5, 0x10C5, 0x10C5, 0x10C5, 0x10C5,
  0x10C5, 0x10C5, 0x10C5, 0x10C5, 0x10C5, 0x10C5, 0x10C5, 0x10C5, 0x10C5, 0x10C5, 0x10C5, 0x10C5,
  0x10C5, 0x10C5, 0x10C5, 0x10C5, 0x10C5, 0x10C5, 0x10C5, 0x10C5, 0x10C5, 0x10C5, 0x10C5, 0x10C5,
  0x10C5, 0x10C5, 0x10C5, 0x10C5, 0x10C5, 0x10C5, 0x10C5, 0x10C5, 0x10C5, 0x10C5, 0x10C5, 0x10C5,
  0x10C5, 0x10C5, 0x10C5, 0x10C5, 0x10C5, 0x10C5, 0x10C6, 0x10C5, 0x10C5, 0x2107, 0x8190, 0xD938,
  0xF8FB, 0xE09A, 0xD098, 0xD099, 0xD89A, 0xE13C, 0xC219, 0x6A0F, 0x1926, 0x10C5, 0x10C5, 0x10C6,
  0x10C5, 0x10C5, 0x10C5, 0x10C5, 0x10C5, 0x10C5, 0x10C5, 0x10C5, 0x10C5, 0x10C5, 0x10C5, 0x10C5,
  0x10C5, 0x10C5, 0x10C5, 0x10C5, 0x10C5, 0x10C5, 0x10C5, 0x10C5, 0x10C6, 0x10C5, 0x422F, 0xBC9F,
  0x2149, 0x10C5, 0x10C5, 0x10C5, 0x10C5, 0x10C5, 0x10C5, 0x10C5, 0x10C5, 0x10C5, 0x10C5, 0x10C5,
  0x10C5, 0x10C5, 0x10C5, 0x10C5, 0x10C5, 0x10C5, 0x10C5, 0x10C5, 0x10C5, 0x10C5, 0x10C5, 0x10C6,
  0x10C6, 0x10C5, 0x10C5, 0x21EA, 0x4435, 0x459E, 0x1DDF, 0x057F, 0x057F, 0x059F, 0x05FF, 0x1E5F,
  0x2D9C, 0x2351, 0x1127, 0x10C5, 0x10C5, 0x10C6, 0x10C5, 0x10C5, 0x10C5, 0x10C5, 0x10C5, 0x10C5,
  0x10C5, 0x10C5, 0x10C5, 0x10C5, 0x10C5, 0x10C5, 0x10C5, 0x10C5, 0x10C5, 0x10C5, 0x10C5, 0x10C5,
  0x10C5, 0x10C5, 0x10C5, 0x10C5, 0x10C5, 0x10C5, 0x10C5, 0x10C5, 0x10C5, 0x10C5, 0x10C5, 0x10C5,
  0x10C5, 0x10C5, 0x10C5, 0x10C5, 0x10C5, 0x10C5, 0x10C5, 0x10C5, 0x10C5, 0x10C5, 0x10C5, 0x10C5,
  0x10C5, 0x10C5, 0x10C5, 0x10C5, 0x10C5, 0x10C5, 0x10C5, 0x10C5, 0x10C5, 0x10C5, 0x10C5, 0x10C5,
  0x10C5, 0x10C5, 0x10C5, 0x10C5, 0x10C5, 0x10C5, 0x10C5, 0x10C5, 0x10C5, 0x10C5, 0x10C5, 0x10C5,
  0x10C5, 0x10C5, 0x10C5, 0x10C5, 0x10C5, 0x10C5, 0x10C5, 0x10C5, 0x10C5, 0x10C5, 0x10C5, 0x10C5,
  0x10C5, 0x10C5, 0x10C5, 0x10C5, 0x10C5, 0x10C5, 0x10C5, 0x10C5, 0x10C5, 0x10C5, 0x10C5, 0x10C5,
  0x10C5, 0x10C5, 0x10C5, 0x10C5, 0x10C6, 0x10C5, 0x10C5, 0x2107, 0x798F, 0xD1B9, 0xE91C, 0xD8BA,
  0xC8B8, 0xC8DA, 0xD93D, 0xE21F, 0xCA7B, 0x71F0, 0x2107, 0x10C5, 0x10C5, 0x10C6, 0x10C5, 0x10C5,
  0x10C5, 0x10C5, 0x10C5, 0x10C5, 0x10C5, 0x10C5, 0x10C5, 0x10C5, 0x10C5, 0x10C5, 0x10C5, 0x10C5,
  0x10C5, 0x10C5, 0x10C5, 0x10C5, 0x10C6, 0x10C5, 0x426F, 0xBCDF, 0x2149, 0x10C5, 0x10C5, 0x10C5,
  0x10C5, 0x10C5, 0x10C5, 0x10C5, 0x10C5, 0x10C5, 0x10C5, 0x10C5, 0x10C5, 0x10C5, 0x10C5, 0x10C5,
  0x10C5, 0x10C5, 0x10C5, 0x10C5, 0x10C5, 0x10C6, 0x10C5, 0x10C5, 0x10C5, 0x2A0A, 0x4436, 0x3D9F,
  0x15BF, 0x055F, 0x053F, 0x055F, 0x0DFF, 0x1E5F, 0x257B, 0x2330, 0x1107, 0x10C5, 0x10C5, 0x10C6,
  0x10C5, 0x10C5, 0x10C5, 0x10C5, 0x10C5, 0x10C5, 0x10C5, 0x10C5, 0x10C5, 0x10C5, 0x10C5, 0x10C5,
  0x10C5, 0x10C5, 0x10C5, 0x10C5, 0x10C5, 0x10C5, 0x10C5, 0x10C5, 0x10C5, 0x10C5, 0x10C5, 0x10C5,
  0x10C5, 0x10C5, 0x10C5, 0x10C5, 0x10C5, 0x10C5, 0x10C5, 0x10C5, 0x10C5, 0x10C5, 0x10C5, 0x10C5,
  0x10C5, 0x10C5, 0x10C5, 0x10C5, 0x10C5, 0x10C5, 0x10C5, 0x10C5, 0x10C5, 0x10C5, 0x10C5, 0x10C5,
  0x10C5, 0x10C5, 0x10C5, 0x10C5, 0x10C5, 0x10C5, 0x10C5, 0x10C5, 0x10C5, 0x10C5, 0x10C5, 0x10C5,
  0x10C5, 0x10C5, 0x10C5, 0x10C5, 0x10C5, 0x10C5, 0x10C5, 0x10C5, 0x10C5, 0x10C5, 0x10C5, 0x10C5,
  0x10C5, 0x10C5, 0x10C5, 0x10C5, 0x10C5, 0x10C5, 0x10C5, 0x10C5, 0x10C5, 0x10C5, 0x10C5, 0x10C5,
  0x10C5, 0x10C5, 0x10C5, 0x10C5, 0x10C5, 0x10C5, 0x10C5, 0x10C5, 0x10C5, 0x10C5, 0x10C5, 0x10C5,
  0x10C5, 0x10C5, 0x10C6, 0x10C5, 0x10C5, 0x1906, 0x716F, 0xC9B9, 0xE99D, 0xD91C, 0xC91B, 0xC11C,
  0xC93E, 0xD9BF, 0xCA7C, 0x7A51, 0x2127, 0x10C5, 0x10C5, 0x10C6, 0x10C5, 0x10C5, 0x10C5, 0x10C5,
  0x10C5, 0x10C5, 0x10C5, 0x10C5, 0x10C5, 0x10C5, 0x10C5, 0x10C5, 0x10C5, 0x10C5, 0x10C5, 0x10C5,
  0x10C6, 0x10C5, 0x426F, 0xBCFF, 0x2149, 0x10C5, 0x10C5, 0x10C5, 0x10C5, 0x10C5, 0x10C5, 0x10C5,
  0x10C5, 0x10C5, 0x10C5, 0x10C5, 0x10C5, 0x10C5, 0x10C5, 0x10C5, 0x10C5, 0x10C5, 0x10C5, 0x10C6,
  0x10C5, 0x10C5, 0x10C5, 0x324B, 0x4C56, 0x3DBF, 0x159F, 0x051F, 0x053F, 0x055F, 0x0DBF, 0x263F,
  0x2D5B, 0x1B10, 0x10E6, 0x10C5, 0x10C5, 0x10C6, 0x10C5, 0x10C5, 0x10C5, 0x10C5, 0x10C5, 0x10C5,
  0x10C5, 0x10C5, 0x10C5, 0x10C5, 0x10C5, 0x10C5, 0x10C5, 0x10C5, 0x10C5, 0x10C5, 0x10C5, 0x10C5,
  0x10C5, 0x10C5, 0x10C5, 0x10C5, 0x10C5, 0x10C5, 0x10C5, 0x10C5, 0x10C5, 0x10C5, 0x10C5, 0x10C5,
  0x10C5, 0x10C5, 0x10C5, 0x10C5, 0x10C5, 0x10C5, 0x10C5, 0x10C5, 0x10C5, 0x10C5, 0x10C5, 0x10C5,
  0x10C5, 0x10C5, 0x10C5, 0x10C5, 0x10C5, 0x10C5, 0x10C5, 0x10C5, 0x10C5, 0x10C5, 0x10C5, 0x10C5,
  0x10C5, 0x10C5, 0x10C5, 0x10C5, 0x10C5, 0x10C5, 0x10C5, 0x10C5, 0x10C5, 0x10C5, 0x10C5, 0x10C5,
  0x10C5, 0x10C5, 0x10C5, 0x10C5, 0x10C5, 0x10C5, 0x10C5, 0x10C5, 0x10C5, 0x10C5, 0x10C5, 0x10C5,
  0x10C5, 0x10C5, 0x10C5, 0x10C5, 0x10C5, 0x10C5, 0x10C5, 0x10C5, 0x10C5, 0x10C5, 0x10C5, 0x10C5,
  0x10C5, 0x10C5, 0x10C5, 0x10C5, 0x10C5, 0x10C5, 0x10C5, 0x10C5, 0x10C5, 0x10C5, 0x10C5, 0x10C5,
  0x10C6, 0x10C5, 0x10C5, 0x1906, 0x71AF, 0xC9FA, 0xE9BE, 0xD13D, 0xB91C, 0xB93D, 0xC99F, 0xDA5F,
  0xCAFC, 0x7A91, 0x2147, 0x10C5, 0x10C5, 0x10C6, 0x10C6, 0x10C5, 0x10C5, 0x10C5, 0x10C5, 0x10C5,
  0x10C5, 0x10C5, 0x10C5, 0x10C5, 0x10C5, 0x10C5, 0x10C5, 0x10C5, 0x10C6, 0x10C5, 0x4A8F, 0xBCFF,
  0x2149, 0x10C5, 0x10C5, 0x10C5, 0x10C5, 0x10C5, 0x10C5, 0x10C5, 0x10C5, 0x10C5, 0x10C5, 0x10C5,
  0x10C5, 0x10C5, 0x10C5, 0x10C5, 0x10C5, 0x10C6, 0x10C5, 0x10C5, 0x10C5, 0x3A6C, 0x4CB8, 0x3DBF,
  0x155F, 0x04FF, 0x04FE, 0x0D3F, 0x1DDF, 0x2E5F, 0x2D3A, 0x1ACE, 0x10E6, 0x10C5, 0x10C5, 0x10C6,
  0x10C5, 0x10C5, 0x10C5, 0x10C5, 0x10C5, 0x10C5, 0x10C5, 0x10C5, 0x10C5, 0x10C5, 0x10C5, 0x10C5,
  0x10C5, 0x10C5, 0x10C5, 0x10C5, 0x10C5, 0x10C5, 0x10C5, 0x10C5, 0x10C5, 0x10C5, 0x10C5, 0x10C5,
  0x10C5, 0x10C5, 0x10C5, 0x10C5, 0x10C5, 0x10C5, 0x10C5, 0x10C5, 0x10C5, 0x10C5, 0x10C5, 0x10C5,
  0x10C5, 0x10C5, 0x10C5, 0x10C5, 0x10C5, 0x10C5, 0x10C5, 0x10C5, 0x10C5, 0x10C5, 0x10C5, 0x10C5,
  0x10C5, 0x10C5, 0x10C5, 0x10C5, 0x10C5, 0x10C5, 0x10C5, 0x10C5, 0x10C5, 0x10C5, 0x10C5, 0x10C5,
  0x10C5, 0x10C5, 0x10C5, 0x10C5, 0x10C5, 0x10C5, 0x10C5, 0x10C5, 0x10C5, 0x10C5, 0x10C5, 0x10C5,
  0x10C5, 0x10C5, 0x10C5, 0x10C5, 0x10C5, 0x10C5, 0x10C5, 0x10C5, 0x10C5, 0x10C5, 0x10C5, 0x10C5,
  0x10C5, 0x10C5, 0x10C5, 0x10C5, 0x10C5, 0x10C5, 0x10C5, 0x10C5, 0x10C5, 0x10C5, 0x10C5, 0x10C5,
  0x10C5, 0x10C5, 0x10C5, 0x10C5, 0x10C5, 0x10C5, 0x10C5, 0x10C5, 0x10C5, 0x10C5, 0x10C6, 0x10C5,
  0x10C5, 0x18E6, 0x69CF, 0xC21A, 0xE1FF, 0xD19E, 0xB97D, 0xC19E, 0xC9DF, 0xDA7F, 0xCB1D, 0x82B3,
  0x2968, 0x10C5, 0x10C5, 0x10C6, 0x10C5, 0x10C5, 0x10C5, 0x10C5, 0x10C5, 0x10C5, 0x10C5, 0x10C5,
  0x10C5, 0x10C5, 0x10C5, 0x10C5, 0x10C6, 0x10C5, 0x426E, 0xBD1F, 0x1949, 0x10C5, 0x10C5, 0x10C5,
  0x10C5, 0x10C5, 0x10C5, 0x10C5, 0x10C5, 0x10C5, 0x10C5, 0x10C5, 0x10C5, 0x10C5, 0x10C5, 0x10C6,
  0x10C5, 0x10C5, 0x10E5, 0x3AEE, 0x5CF9, 0x45BF, 0x1D5F, 0x0CDF, 0x0CDF, 0x151F, 0x1D9F, 0x2DFF,
  0x34F9, 0x22AE, 0x08C6, 0x10C5, 0x10C5, 0x10C6, 0x10C5, 0x10C5, 0x10C5, 0x10C5, 0x10C5, 0x10C5,
  0x10C5, 0x10C5, 0x10C5, 0x10C5, 0x10C5, 0x10C5, 0x10C5, 0x10C5, 0x10C5, 0x10C5, 0x10C5, 0x10C5,
  0x10C5, 0x10C5, 0x10C5, 0x10C5, 0x10C5, 0x10C5, 0x10C5, 0x10C5, 0x10C5, 0x10C5, 0x10C5, 0x10C5,
  0x10C5, 0x10C5, 0x10C5, 0x10C5, 0x10C5, 0x10C5, 0x10C5, 0x10C5, 0x10C5, 0x10C5, 0x10C5, 0x10C5,
  0x10C5, 0x10C5, 0x10C5, 0x10C5, 0x10C5, 0x10C5, 0x10C5, 0x10C5, 0x10C5, 0x10C5, 0x10C5, 0x10C5,
  0x10C5, 0x10C5, 0x10C5, 0x10C5, 0x10C5, 0x10C5, 0x10C5, 0x10C5, 0x10C5, 0x10C5, 0x10C5, 0x10C5,
  0x10C5, 0x10C5, 0x10C5, 0x10C5, 0x10C5, 0x10C5, 0x10C5, 0x10C5, 0x10C5, 0x10C5, 0x10C5, 0x10C5,
  0x10C5, 0x10C5, 0x10C5, 0x10C5, 0x10C5, 0x10C5, 0x10C5, 0x10C5, 0x10C5, 0x10C5, 0x10C5, 0x10C5,
  0x10C5, 0x10C5, 0x10C5, 0x10C5, 0x10C5, 0x10C5, 0x10C5, 0x10C5, 0x10C5, 0x10C5, 0x10C5, 0x10C5,
  0x10C5, 0x10C5, 0x10C5, 0x10C5, 0x10C5, 0x10C5, 0x10C5, 0x10C5, 0x10C6, 0x10C5, 0x10C5, 0x18E6,
  0x69EF, 0xCABB, 0xE25F, 0xD1FF, 0xC1FE, 0xC1FE, 0xC21F, 0xDAFF, 0xCB5D, 0x82D4, 0x31A9, 0x10C5,
  0x10C5, 0x10C6, 0x10C5, 0x10C5, 0x10C5, 0x10C5, 0x10C5, 0x10C5, 0x10C5, 0x10C5, 0x10C5, 0x10C5,
  0x10C6, 0x10C5, 0x424E, 0xBD5F, 0x2169, 0x10C5, 0x10C5, 0x10C5, 0x10C5, 0x10C5, 0x10C5, 0x10C5,
  0x10C5, 0x10C5, 0x10C5, 0x10C5, 0x10C5, 0x10C6, 0x10C5, 0x10C5, 0x1126, 0x432F, 0x5CFA, 0x55BF,
  0x255F, 0x0CDF, 0x14DF, 0x1D1F, 0x2D9F, 0x35BF, 0x3498, 0x226D, 0x10A5, 0x10C5, 0x10C5, 0x10C6,
  0x10C5, 0x10C5, 0x10C5, 0x10C5, 0x10C5, 0x10C5, 0x10C5, 0x10C5, 0x10C5, 0x10C5, 0x10C5, 0x10C5,
  0x10C5, 0x10C5, 0x10C5, 0x10C5, 0x10C5, 0x10C5, 0x10C5, 0x10C5, 0x10C5, 0x10C5, 0x10C5, 0x10C5,
  0x10C5, 0x10C5, 0x10C5, 0x10C5, 0x10C5, 0x10C5, 0x10C5, 0x10C5, 0x10C5, 0x10C5, 0x10C5, 0x10C5,
  0x10C5, 0x10C5, 0x10C5, 0x10C5, 0x10C5, 0x10C5, 0x10C5, 0x10C5, 0x10C5, 0x10C5, 0x10C5, 0x10C5,
  0x10C5, 0x10C5, 0x10C5, 0x10C5, 0x10C5, 0x10C5, 0x10C5, 0x10C5, 0x10C5, 0x10C5, 0x10C5, 0x10C5,
  0x10C5, 0x10C5, 0x10C5, 0x10C5, 0x10C5, 0x10C5, 0x10C5, 0x10C5, 0x10C5, 0x10C5, 0x10C5, 0x10C5,
  0x10C5, 0x10C5, 0x10C5, 0x10C5, 0x10C5, 0x10C5, 0x10C5, 0x10C5, 0x10C5, 0x10C5, 0x10C5, 0x10C5,
  0x10C5, 0x10C5, 0x10C5, 0x10C5, 0x10C5, 0x10C5, 0x10C5, 0x10C5, 0x10C5, 0x10C5, 0x10C5, 0x10C5,
  0x10C5, 0x10C5, 0x10C5, 0x10C5, 0x10C5, 0x10C5, 0x10C5, 0x10C5, 0x10C5, 0x10C5, 0x10C5, 0x10C5,
  0x10C5, 0x10C5, 0x10C5, 0x10C5, 0x10C5, 0x10C5, 0x10C6, 0x10C5, 0x10C5, 0x1906, 0x69EF, 0xCADB,
  0xE2DF, 0xD25F, 0xC23F, 0xBA7E, 0xBA9F, 0xCB3F, 0xCC1E, 0x8B95, 0x39CA, 0x10C5, 0x10C5, 0x10C6,
  0x10C5, 0x10C5, 0x10C5, 0x10C5, 0x10C5, 0x10C5, 0x10C5, 0x10C5, 0x10C6, 0x10C5, 0x424E, 0xBD7F,
  0x2169, 0x10C5, 0x10C5, 0x10C5, 0x10C5, 0x10C5, 0x10C5, 0x10C5, 0x10C5, 0x10C5, 0x10C6, 0x10C6,
  0x10C5, 0x10C5, 0x1927, 0x4B30, 0x6D1B, 0x559F, 0x2CFF, 0x24BF, 0x24DE, 0x1CFF, 0x35BF, 0x4DFF,
  0x4498, 0x222C, 0x10C5, 0x10C5, 0x10C5, 0x10C6, 0x10C5, 0x10C5, 0x10C5, 0x10C5, 0x10C5, 0x10C5,
  0x10C5, 0x10C5, 0x10C5, 0x10C5, 0x10C5, 0x10C5, 0x10C5, 0x10C5, 0x10C5, 0x10C5, 0x10C5, 0x10C5,
  0x10C5, 0x10C5, 0x10C5, 0x10C5, 0x10C5, 0x10C5, 0x10C5, 0x10C5, 0x10C5, 0x10C5, 0x10C5, 0x10C5,
  0x10C5, 0x10C5, 0x10C5, 0x10C5, 0x10C5, 0x10C5, 0x10C5, 0x10C5, 0x10C5, 0x10C5, 0x10C5, 0x10C5,
  0x10C5, 0x10C5, 0x10C5, 0x10C5, 0x10C5, 0x10C5, 0x10C5, 0x10C5, 0x10C5, 0x10C5, 0x10C5, 0x10C5,
  0x10C5, 0x10C5, 0x10C5, 0x10C5, 0x10C5, 0x10C5, 0x10C5, 0x10C5, 0x10C5, 0x10C5, 0x10C5, 0x10C5,
  0x10C5, 0x10C5, 0x10C5, 0x10C5, 0x10C5, 0x10C5, 0x10C5, 0x10C5, 0x10C5, 0x10C5, 0x10C5, 0x10C5,
  0x10C5, 0x10C5, 0x10C5, 0x10C5, 0x10C5, 0x10C5, 0x10C5, 0x10C5, 0x10C5, 0x10C5, 0x10C5, 0x10C5,
  0x10C5, 0x10C5, 0x10C5, 0x10C5, 0x10C5, 0x10C5, 0x10C5, 0x10C5, 0x10C5, 0x10C5, 0x10C5, 0x10C5,
  0x10C5, 0x10C5, 0x10C5, 0x10C5, 0x10C5, 0x10C5, 0x10C5, 0x10C5, 0x10C5, 0x10C5, 0x10C5, 0x10C5,
  0x10C5, 0x10C5, 0x10C5, 0x10C5, 0x10C6, 0x10C5, 0x10C5, 0x1906, 0x6A2F, 0xC33B, 0xE35F, 0xCADF,
  0xB29F, 0xB29E, 0xB2BF, 0xBB5F, 0xBC1F, 0x8BD5, 0x3A0A, 0x10C5, 0x10C5, 0x10C5, 0x10C6, 0x10C5,
  0x10C5, 0x10C5, 0x10C5, 0x10C5, 0x10C6, 0x10C5, 0x426E, 0xC5BF, 0x1969, 0x10C5, 0x10C5, 0x10C5,
  0x10C5, 0x10C5, 0x10C5, 0x10C5, 0x10C6, 0x10C6, 0x10C5, 0x10C5, 0x2188, 0x5391, 0x755C, 0x657F,
  0x3CDF, 0x349F, 0x34DF, 0x34FF, 0x55DF, 0x65FF, 0x4C77, 0x220B, 0x10C5, 0x10C5, 0x10C5, 0x10C6,
  0x10C5, 0x10C5, 0x10C5, 0x10C5, 0x10C5, 0x10C5, 0x10C5, 0x10C5, 0x10C5, 0x10C5, 0x10C5, 0x10C5,
  0x10C5, 0x10C5, 0x10C5, 0x10C5, 0x10C5, 0x10C5, 0x10C5, 0x10C5, 0x10C5, 0x10C5, 0x10C5, 0x10C5,
  0x10C5, 0x10C5, 0x10C5, 0x10C5, 0x10C5, 0x10C5, 0x10C5, 0x10C5, 0x10C5, 0x10C5, 0x10C5, 0x10C5,
  0x10C5, 0x10C5, 0x10C5, 0x10C5, 0x10C5, 0x10C5, 0x10C5, 0x10C5, 0x10C5, 0x10C5, 0x10C5, 0x10C5,
  0x10C5, 0x10C5, 0x10C5, 0x10C5, 0x10C5, 0x10C5, 0x10C5, 0x10C5, 0x10C5, 0x10C5, 0x10C5, 0x10C5,
  0x10C5, 0x10C5, 0x10C5, 0x10C5, 0x10C5, 0x10C5, 0x10C5, 0x10C5, 0x10C5, 0x10C5, 0x10C5, 0x10C5,
  0x10C5, 0x10C5, 0x10C5, 0x10C5, 0x10C5, 0x10C5, 0x10C5, 0x10C5, 0x10C5, 0x10C5, 0x10C5, 0x10C5,
  0x10C5, 0x10C5, 0x10C5, 0x10C5, 0x10C5, 0x10C5, 0x10C5, 0x10C5, 0x10C5, 0x10C5, 0x10C5, 0x10C5,
  0x10C5, 0x10C5, 0x10C5, 0x10C5, 0x10C5, 0x10C5, 0x10C5, 0x10C5, 0x10C5, 0x10C5, 0x10C5, 0x10C5,
  0x10C5, 0x10C5, 0x10C5, 0x10C5, 0x10C5, 0x10C5, 0x10C5, 0x10C5, 0x10C5, 0x10C5, 0x10C5, 0x10C5,
  0x10C5, 0x10C5, 0x10C6, 0x10C5, 0x10C5, 0x10E6, 0x624F, 0xC39B, 0xDB9F, 0xBAFF, 0xAABF, 0xA2FE,
  0xAB3F, 0xBC1F, 0xC4DF, 0x8C16, 0x3A2A, 0x10C5, 0x10C5, 0x10C5, 0x10C6, 0x10C5, 0x10C5, 0x10C5,
  0x10C6, 0x10C5, 0x426E, 0xC5DF, 0x2169, 0x10C5, 0x10C5, 0x10C5, 0x10C5, 0x10C5, 0x10C6, 0x10C6,
  0x10C5, 0x10C5, 0x29C9, 0x6414, 0x7D5D, 0x653F, 0x4CDF, 0x44BF, 0x44BE, 0x4CFF, 0x5DBF, 0x65BF,
  0x5436, 0x21EB, 0x10C5, 0x10C5, 0x10C5, 0x10C6, 0x10C5, 0x10C5, 0x10C5, 0x10C5, 0x10C5, 0x10C5,
  0x10C5, 0x10C5, 0x10C5, 0x10C5, 0x10C5, 0x10C5, 0x10C5, 0x10C5, 0x10C5, 0x10C5, 0x10C5, 0x10C5,
  0x10C5, 0x10C5, 0x10C5, 0x10C5, 0x10C5, 0x10C5, 0x10C5, 0x10C5, 0x10C5, 0x10C5, 0x10C5, 0x10C5,
  0x10C5, 0x10C5, 0x10C5, 0x10C5, 0x10C5, 0x10C5, 0x10C5, 0x10C5, 0x10C5, 0x10C5, 0x10C5, 0x10C5,
  0x10C5, 0x10C5, 0x10C5, 0x10C5, 0x10C5, 0x10C5, 0x10C5, 0x10C5, 0x10C5, 0x10C5, 0x10C5, 0x10C5,
  0x10C5, 0x10C5, 0x10C5, 0x10C5, 0x10C5, 0x10C5, 0x10C5, 0x10C5, 0x10C5, 0x10C5, 0x10C5, 0x10C5,
  0x10C5, 0x10C5, 0x10C5, 0x10C5, 0x10C5, 0x10C5, 0x10C5, 0x10C5, 0x10C5, 0x10C5, 0x10C5, 0x10C5,
  0x10C5, 0x10C5, 0x10C5, 0x10C5, 0x10C5, 0x10C5, 0x10C5, 0x10C5, 0x10C5, 0x10C5, 0x10C5, 0x10C5,
  0x10C5, 0x10C5, 0x10C5, 0x10C5, 0x10C5, 0x10C5, 0x10C5, 0x10C5, 0x10C5, 0x10C5, 0x10C5, 0x10C5,
  0x10C5, 0x10C5, 0x10C5, 0x10C5, 0x10C5, 0x10C5, 0x10C5, 0x10C5, 0x10C5, 0x10C5, 0x10C5, 0x10C5,
  0x10C5, 0x10C5, 0x10C5, 0x10C5, 0x10C5, 0x10C5, 0x10C5, 0x10C5, 0x10C5, 0x10C5, 0x10C5, 0x10C5,
  0x10C6, 0x10C5, 0x10C5, 0x1906, 0x6A70, 0xBBBB, 0xCBBF, 0xBB7F, 0xAB7F, 0xAB9F, 0xABBF, 0xB41F,
  0xBCFF, 0x9477, 0x426C, 0x10C5, 0x10C5, 0x10C5, 0x10C6, 0x10C5, 0x10C6, 0x10C5, 0x424E, 0xBD9F,
  0x2169, 0x10C5, 0x10C5, 0x10C5, 0x10C6, 0x10C5, 0x10C5, 0x10C5, 0x320A, 0x7435, 0x8D9E, 0x757F,
  0x5CBF, 0x4C7F, 0x449F, 0x4CDF, 0x6D9F, 0x7DBE, 0x5C35, 0x21AA, 0x10C5, 0x10C5, 0x10C5, 0x10C6,
  0x10C5, 0x10C5, 0x10C5, 0x10C5, 0x10C5, 0x10C5, 0x10C5, 0x10C5, 0x10C5, 0x10C5, 0x10C5, 0x10C5,
  0x10C5, 0x10C5, 0x10C5, 0x10C5, 0x10C5, 0x10C5, 0x10C5, 0x10C5, 0x10C5, 0x10C5, 0x10C5, 0x10C5,
  0x10C5, 0x10C5, 0x10C5, 0x10C5, 0x10C5, 0x10C5, 0x10C5, 0x10C5, 0x10C5, 0x10C5, 0x10C5, 0x10C5,
  0x10C5, 0x10C5, 0x10C5, 0x10C5, 0x10C5, 0x10C5, 0x10C5, 0x10C5, 0x10C5, 0x10C5, 0x10C5, 0x10C5,
  0x10C5, 0x10C5, 0x10C5, 0x10C5, 0x10C5, 0x10C5, 0x10C5, 0x10C5, 0x10C5, 0x10C5, 0x10C5, 0x10C5,
  0x10C5, 0x10C5, 0x10C5, 0x10C5, 0x10C5, 0x10C5, 0x10C5, 0x10C5, 0x10C5, 0x10C5, 0x10C5, 0x10C5,
  0x10C5, 0x10C5, 0x10C5, 0x10C5, 0x10C5, 0x10C5, 0x10C5, 0x10C5, 0x10C5, 0x10C5, 0x10C5, 0x10C5,
  0x10C5, 0x10C5, 0x10C5, 0x10C5, 0x10C5, 0x10C5, 0x10C5, 0x10C5, 0x10C5, 0x10C5, 0x10C5, 0x10C5,
  0x10C5, 0x10C5, 0x10C5, 0x10C5, 0x10C5, 0x10C5, 0x10C5, 0x10C5, 0x10C5, 0x10C5, 0x10C5, 0x10C5,
  0x10C5, 0x10C5, 0x10C5, 0x10C5, 0x10C5, 0x10C5, 0x10C5, 0x10C5, 0x10C5, 0x10C5, 0x10C5, 0x10C5,
  0x10C5, 0x10C5, 0x10C5, 0x10C5, 0x10C5, 0x10C5, 0x10C5, 0x10C5, 0x10C5, 0x10C5, 0x10C6, 0x10C5,
  0x10C5, 0x1106, 0x6290, 0xBC3B, 0xD49F, 0xB3FF, 0xA3BF, 0xA3DF, 0xA41F, 0xB4DF, 0xC5BF, 0x94B8,
  0x424C, 0x10C5, 0x10C5, 0x10C5, 0x10E6, 0x10C5, 0x428E, 0xBDFF, 0x2169, 0x10C5, 0x10C6, 0x10C5,
  0x10C5, 0x10C5, 0x3A4B, 0x7C76, 0x8D9F, 0x7D5F, 0x5C9F, 0x549E, 0x5C9E, 0x64DF, 0x759F, 0x85BE,
  0x53F5, 0x21A9, 0x10C5, 0x10C5, 0x10C6, 0x10C5, 0x10C5, 0x10C5, 0x10C5, 0x10C5, 0x10C5, 0x10C5,
  0x10C5, 0x10C5, 0x10C5, 0x10C5, 0x10C5, 0x10C5, 0x10C5, 0x10C5, 0x10C5, 0x10C5, 0x10C5, 0x10C5,
  0x10C5, 0x10C5, 0x10C5, 0x10C5, 0x10C5, 0x10C5, 0x10C5, 0x10C5, 0x10C5, 0x10C5, 0x10C5, 0x10C5,
  0x10C5, 0x10C5, 0x10C5, 0x10C5, 0x10C5, 0x10C5, 0x10C5, 0x10C5, 0x10C5, 0x10C5, 0x10C5, 0x10C5,
  0x10C5, 0x10C5, 0x10C5, 0x10C5, 0x10C5, 0x10C5, 0x10C5, 0x10C5, 0x10C5, 0x10C5, 0x10C5, 0x10C5,
  0x10C5, 0x10C5, 0x10C5, 0x10C5, 0x10C5, 0x10C5, 0x10C5, 0x10C5, 0x10C5, 0x10C5, 0x10C5, 0x10C5,
  0x10C5, 0x10C5, 0x10C5, 0x10C5, 0x10C5, 0x10C5, 0x10C5, 0x10C5, 0x10C5, 0x10C5, 0x10C5, 0x10C5,
  0x10C5, 0x10C5, 0x10C5, 0x10C5, 0x10C5, 0x10C5, 0x10C5, 0x10C5, 0x10C5, 0x10C5, 0x10C5, 0x10C5,
  0x10C5, 0x10C5, 0x10C5, 0x10C5, 0x10C5, 0x10C5, 0x10C5, 0x10C5, 0x10C5, 0x10C5, 0x10C5, 0x10C5,
  0x10C5, 0x10C5, 0x10C5, 0x10C5, 0x10C5, 0x10C5, 0x10C5, 0x10C5, 0x10C5, 0x10C5, 0x10C5, 0x10C5,
  0x10C5, 0x10C5, 0x10C5, 0x10C5, 0x10C5, 0x10C5, 0x10C5, 0x10C5, 0x10C5, 0x10C5, 0x10C5, 0x10C5,
  0x10C5, 0x10C5, 0x10C5, 0x10C5, 0x10C5, 0x10C5, 0x10C5, 0x10C5, 0x10C6, 0x10C5, 0x10C5, 0x1106,
  0x62D0, 0xBC7C, 0xCCFF, 0xB49F, 0xAC7F, 0xA47F, 0x9C5F, 0xAD1F, 0xB57F, 0x9D19, 0x4ACD, 0x08C5,
  0x10C5, 0x10C5, 0x4AAE, 0xD69F, 0x218A, 0x10C5, 0x10C5, 0x10C5, 0x428D, 0x84B8, 0x9DBF, 0x8D5F,
  0x6CBF, 0x64BE, 0x64BE, 0x64DF, 0x859F, 0x8D9E, 0x5BF4, 0x2189, 0x10C5, 0x10C5, 0x10C6, 0x10C6,
  0x10C5, 0x10C5, 0x10C5, 0x10C5, 0x10C5, 0x10C5, 0x10C5, 0x10C5, 0x10C5, 0x10C5, 0x10C5, 0x10C5,
  0x10C5, 0x10C5, 0x10C5, 0x10C5, 0x10C5, 0x10C5, 0x10C5, 0x10C5, 0x10C5, 0x10C5, 0x10C5, 0x10C5,
  0x10C5, 0x10C5, 0x10C5, 0x10C5, 0x10C5, 0x10C5, 0x10C5, 0x10C5, 0x10C5, 0x10C5, 0x10C5, 0x10C5,
  0x10C5, 0x10C5, 0x10C5, 0x10C5, 0x10C5, 0x10C5, 0x10C5, 0x10C5, 0x10C5, 0x10C5, 0x10C5, 0x10C5,
  0x10C5, 0x10C5, 0x10C5, 0x10C5, 0x10C5, 0x10C5, 0x10C5, 0x10C5, 0x10C5, 0x10C5, 0x10C5, 0x10C5,
  0x10C5, 0x10C5, 0x10C5, 0x10C5, 0x10C5, 0x10C5, 0x10C5, 0x10C5, 0x10C5, 0x10C5, 0x10C5, 0x10C5,
  0x10C5, 0x10C5, 0x10C5, 0x10C5, 0x10C5, 0x10C5, 0x10C5, 0x10C5, 0x10C5, 0x10C5, 0x10C5, 0x10C5,
  0x10C5, 0x10C5, 0x10C5, 0x10C5, 0x10C5, 0x10C5, 0x10C5, 0x10C5, 0x10C5, 0x10C5, 0x10C5, 0x10C5,
  0x10C5, 0x10C5, 0x10C5, 0x10C5, 0x10C5, 0x10C5, 0x10C5, 0x10C5, 0x10C5, 0x10C5, 0x10C5, 0x10C5,
  0x10C5, 0x10C5, 0x10C5, 0x10C5, 0x10C5, 0x10C5, 0x10C5, 0x10C5, 0x10C5, 0x10C5, 0x10C5, 0x10C5,
  0x10C5, 0x10C5, 0x10C5, 0x10C5, 0x10C5, 0x10C5, 0x10C5, 0x10C5, 0x10C5, 0x10C5, 0x10C5, 0x10C5,
  0x10C5, 0x10C5, 0x10C5, 0x10C5, 0x10C5, 0x10C5, 0x10C6, 0x10C5, 0x10C5, 0x1907, 0x6B11, 0xBD3C,
  0xD5BF, 0xB4FF, 0x9C9E, 0x9CBE, 0x94BF, 0xAD5F, 0xC65F, 0xA59A, 0x532F, 0x10E6, 0x3A6C, 0xD6DF,
  0x1128, 0x1106, 0x4AEE, 0x9539, 0xADDF, 0x8D3F, 0x7CBF, 0x74DE, 0x74DF, 0x7D1F, 0x95DF, 0x959D,
  0x5BB3, 0x1989, 0x10C5, 0x10C5, 0x10C6, 0x10C6, 0x10C5, 0x10C5, 0x10C5, 0x10C5, 0x10C5, 0x10C5,
  0x10C5, 0x10C5, 0x10C5, 0x10C5, 0x10C5, 0x10C5, 0x10C5, 0x10C5, 0x10C5, 0x10C5, 0x10C5, 0x10C5,
  0x10C5, 0x10C5, 0x10C5, 0x10C5, 0x10C5, 0x10C5, 0x10C5, 0x10C5, 0x10C5, 0x10C5, 0x10C5, 0x10C5,
  0x10C5, 0x10C5, 0x10C5, 0x10C5, 0x10C5, 0x10C5, 0x10C5, 0x10C5, 0x10C5, 0x10C5, 0x10C5, 0x10C5,
  0x10C5, 0x10C5, 0x10C5, 0x10C5, 0x10C5, 0x10C5, 0x10C5, 0x10C5, 0x10C5, 0x10C5, 0x10C5, 0x10C5,
  0x10C5, 0x10C5, 0x10C5, 0x10C5, 0x10C5, 0x10C5, 0x10C5, 0x10C5, 0x10C5, 0x10C5, 0x10C5, 0x10C5,
  0x10C5, 0x10C5, 0x10C5, 0x10C5, 0x10C5, 0x10C5, 0x10C5, 0x10C5, 0x10C5, 0x10C5, 0x10C5, 0x10C5,
  0x10C5, 0x10C5, 0x10C5, 0x10C5, 0x10C5, 0x10C5, 0x10C5, 0x10C5, 0x10C5, 0x10C5, 0x10C5, 0x10C5,
  0x10C5, 0x10C5, 0x10C5, 0x10C5, 0x10C5, 0x10C5, 0x10C5, 0x10C5, 0x10C5, 0x10C5, 0x10C5, 0x10C5,
  0x10C5, 0x10C5, 0x10C5, 0x10C5, 0x10C5, 0x10C5, 0x10C5, 0x10C5, 0x10C5, 0x10C5, 0x10C5, 0x10C5,
  0x10C5, 0x10C5, 0x10C5, 0x10C5, 0x10C5, 0x10C5, 0x10C5, 0x10C5, 0x10C5, 0x10C5, 0x10C5, 0x10C5,
  0x10C5, 0x10C5, 0x10C5, 0x10C5, 0x10C5, 0x10C5, 0x10C5, 0x10C5, 0x10C5, 0x10C5, 0x10C5, 0x10C5,
  0x10C5, 0x10C5, 0x10C5, 0x10C5, 0x10C6, 0x10C5, 0x10C5, 0x1127, 0x6351, 0xBD7C, 0xCDDF, 0xAD3F,
  0x9D1E, 0x9D1F, 0x9D1F, 0xA55F, 0xC65F, 0xADDB, 0x8CF8, 0xAD7F, 0x7C97, 0xA59B, 0xADBF, 0x955F,
  0x84FF, 0x84FE, 0x84FF, 0x8D5F, 0xA61F, 0x9DBD, 0x5B93, 0x1948, 0x10C5, 0x10C5, 0x10C6, 0x10C6,
  0x10C5, 0x10C5, 0x10C5, 0x10C5, 0x10C5, 0x10C5, 0x10C5, 0x10C5, 0x10C5, 0x10C5, 0x10C5, 0x10C5,
  0x10C5, 0x10C5, 0x10C5, 0x10C5, 0x10C5, 0x10C5, 0x10C5, 0x10C5, 0x10C5, 0x10C5, 0x10C5, 0x10C5,
  0x10C5, 0x10C5, 0x10C5, 0x10C5, 0x10C5, 0x10C5, 0x10C5, 0x10C5, 0x10C5, 0x10C5, 0x10C5, 0x10C5,
  0x10C5, 0x10C5, 0x10C5, 0x10C5, 0x10C5, 0x10C5, 0x10C5, 0x10C5, 0x10C5, 0x10C5, 0x10C5, 0x10C5,
  0x10C5, 0x10C5, 0x10C5, 0x10C5, 0x10C5, 0x10C5, 0x10C5, 0x10C5, 0x10C5, 0x10C5, 0x10C5, 0x10C5,
  0x10C5, 0x10C5, 0x10C5, 0x10C5, 0x10C5, 0x10C5, 0x10C5, 0x10C5, 0x10C5, 0x10C5, 0x10C5, 0x10C5,
  0x10C5, 0x10C5, 0x10C5, 0x10C5, 0x10C5, 0x10C5, 0x10C5, 0x10C5, 0x10C5, 0x10C5, 0x10C5, 0x10C5,
  0x10C5, 0x10C5, 0x10C5, 0x10C5, 0x10C5, 0x10C5, 0x10C5, 0x10C5, 0x10C5, 0x10C5, 0x10C5, 0x10C5,
  0x10C5, 0x10C5, 0x10C5, 0x10C5, 0x10C5, 0x10C5, 0x10C5, 0x10C5, 0x10C5, 0x10C5, 0x10C5, 0x10C5,
  0x10C5, 0x10C5, 0x10C5, 0x10C5, 0x10C5, 0x10C5, 0x10C5, 0x10C5, 0x10C5, 0x10C5, 0x10C5, 0x10C5,
  0x10C5, 0x10C5, 0x10C5, 0x10C5, 0x10C5, 0x10C5, 0x10C5, 0x10C5, 0x10C5, 0x10C5, 0x10C5, 0x10C5,
  0x10C5, 0x10C5, 0x10C5, 0x10C5, 0x10C5, 0x10C5, 0x10C5, 0x10C5, 0x10C5, 0x10C5, 0x10C5, 0x10C5,
  0x10C5, 0x10C5, 0x10C6, 0x10C5, 0x10C5, 0x1107, 0x6351, 0xBD9C, 0xD65F, 0xB59F, 0x9D1F, 0x9D3F,
  0xA51F, 0xB5BF, 0xBDFF, 0xAD7F, 0xB5DF, 0xA57F, 0x951F, 0x951F, 0x8D1F, 0x9D7F, 0xAE1F, 0x9D9C,
  0x63B2, 0x1948, 0x10C5, 0x10C5, 0x10C6, 0x10C6, 0x10C5, 0x10C5, 0x10C5, 0x10C5, 0x10C5, 0x10C5,
  0x10C5, 0x10C5, 0x10C5, 0x10C5, 0x10C5, 0x10C5, 0x10C5, 0x10C5, 0x10C5, 0x10C5, 0x10C5, 0x10C5,
  0x10C5, 0x10C5, 0x10C5, 0x10C5, 0x10C5, 0x10C5, 0x10C5, 0x10C5, 0x10C5, 0x10C5, 0x10C5, 0x10C5,
  0x10C5, 0x10C5, 0x10C5, 0x10C5, 0x10C5, 0x10C5, 0x10C5, 0x10C5, 0x10C5, 0x10C5, 0x10C5, 0x10C5,
  0x10C5, 0x10C5, 0x10C5, 0x10C5, 0x10C5, 0x10C5, 0x10C5, 0x10C5, 0x10C5, 0x10C5, 0x10C5, 0x10C5,
  0x10C5, 0x10C5, 0x10C5, 0x10C5, 0x10C5, 0x10C5, 0x10C5, 0x10C5, 0x10C5, 0x10C5, 0x10C5, 0x10C5,
  0x10C5, 0x10C5, 0x10C5, 0x10C5, 0x10C5, 0x10C5, 0x10C5, 0x10C5, 0x10C5, 0x10C5, 0x10C5, 0x10C5,
  0x10C5, 0x10C5, 0x10C5, 0x10C5, 0x10C5, 0x10C5, 0x10C5, 0x10C5, 0x10C5, 0x10C5, 0x10C5, 0x10C5,
  0x10C5, 0x10C5, 0x10C5, 0x10C5, 0x10C5, 0x10C5, 0x10C5, 0x10C5, 0x10C5, 0x10C5, 0x10C5, 0x10C5,
  0x10C5, 0x10C5, 0x10C5, 0x10C5, 0x10C5, 0x10C5, 0x10C5, 0x10C5, 0x10C5, 0x10C5, 0x10C5, 0x10C5,
  0x10C5, 0x10C5, 0x10C5, 0x10C5, 0x10C5, 0x10C5, 0x10C5, 0x10C5, 0x10C5, 0x10C5, 0x10C5, 0x10C5,
  0x10C5, 0x10C5, 0x10C5, 0x10C5, 0x10C5, 0x10C5, 0x10C5, 0x10C5, 0x10C5, 0x10C5, 0x10C5, 0x10C5,
  0x10C5, 0x10C5, 0x10C5, 0x10C5, 0x10C5, 0x10C5, 0x10C5, 0x10C5, 0x10C5, 0x10C5, 0x10C5, 0x10C5,
  0x10C6, 0x10C5, 0x10C5, 0x1927, 0x6B91, 0xB59C, 0xCE5F, 0xBDFF, 0xAD7F, 0xAD5F, 0xA53F, 0xA53F,
  0x9D1F, 0xA55F, 0xAD9F, 0xADDF, 0xBE5F, 0x9D7B, 0x5330, 0x1107, 0x10C5, 0x10C5, 0x10C6, 0x10C5,
  0x10C5, 0x10C5, 0x10C5, 0x10C5, 0x10C5, 0x10C5, 0x10C5, 0x10C5, 0x10C5, 0x10C5, 0x10C5, 0x10C5,
  0x10C5, 0x10C5, 0x10C5, 0x10C5, 0x10C5, 0x10C5, 0x10C5, 0x10C5, 0x10C5, 0x10C5, 0x10C5, 0x10C5,
  0x10C5, 0x10C5, 0x10C5, 0x10C5, 0x10C5, 0x10C5, 0x10C5, 0x10C5, 0x10C5, 0x10C5, 0x10C5, 0x10C5,
  0x10C5, 0x10C5, 0x10C5, 0x10C5, 0x10C5, 0x10C5, 0x10C5, 0x10C5, 0x10C5, 0x10C5, 0x10C5, 0x10C5,
  0x10C5, 0x10C5, 0x10C5, 0x10C5, 0x10C5, 0x10C5, 0x10C5, 0x10C5, 0x10C5, 0x10C5, 0x10C5, 0x10C5,
  0x10C5, 0x10C5, 0x10C5, 0x10C5, 0x10C5, 0x10C5, 0x10C5, 0x10C5, 0x10C5, 0x10C5, 0x10C5, 0x10C5,
  0x10C5, 0x10C5, 0x10C5, 0x10C5, 0x10C5, 0x10C5, 0x10C5, 0x10C5, 0x10C5, 0x10C5, 0x10C5, 0x10C5,
  0x10C5, 0x10C5, 0x10C5, 0x10C5, 0x10C5, 0x10C5, 0x10C5, 0x10C5, 0x10C5, 0x10C5, 0x10C5, 0x10C5,
  0x10C5, 0x10C5, 0x10C5, 0x10C5, 0x10C5, 0x10C5, 0x10C5, 0x10C5, 0x10C5, 0x10C5, 0x10C5, 0x10C5,
  0x10C5, 0x10C5, 0x10C5, 0x10C5, 0x10C5, 0x10C5, 0x10C5, 0x10C5, 0x10C5, 0x10C5, 0x10C5, 0x10C5,
  0x10C5, 0x10C5, 0x10C5, 0x10C5, 0x10C5, 0x10C5, 0x10C5, 0x10C5, 0x10C5, 0x10C5, 0x10C5, 0x10C5,
  0x10C5, 0x10C5, 0x10C5, 0x10C5, 0x10C5, 0x10C5, 0x10C5, 0x10C5, 0x10C5, 0x10C5, 0x10C5, 0x10C5,
  0x10C5, 0x10C5, 0x10C5, 0x10C5, 0x10C5, 0x10C5, 0x10C5, 0x10C5, 0x10C5, 0x10C5, 0x10C6, 0x10C5,
  0x10C5, 0x1127, 0x6391, 0xBDFB, 0xDE9F, 0xCE3F, 0xC5FF, 0xBDFF, 0xC61F, 0xC65F, 0xCE7F, 0x9D5A,
  0x4AEF, 0x10E6, 0x10C5, 0x10C5, 0x10C6, 0x10C5, 0x10C5, 0x10C5, 0x10C5, 0x10C5, 0x10C5, 0x10C5,
  0x10C5, 0x10C5, 0x10C5, 0x10C5, 0x10C5, 0x10C5, 0x10C5, 0x10C5, 0x10C5, 0x10C5, 0x10C5, 0x10C5,
  0x10C5, 0x10C5, 0x10C5, 0x10C5, 0x10C5, 0x10C5, 0x10C5, 0x10C5, 0x10C5, 0x10C5, 0x10C5, 0x10C5,
  0x10C5, 0x10C5, 0x10C5, 0x10C5, 0x10C5, 0x10C5, 0x10C5, 0x10C5, 0x10C5, 0x10C5, 0x10C5, 0x10C5,
  0x10C5, 0x10C5, 0x10C5, 0x10C5, 0x10C5, 0x10C5, 0x10C5, 0x10C5, 0x10C5, 0x10C5, 0x10C5, 0x10C5,
  0x10C5, 0x10C5, 0x10C5, 0x10C5, 0x10C5, 0x10C5, 0x10C5, 0x10C5, 0x10C5, 0x10C5, 0x10C5, 0x10C5,
  0x10C5, 0x10C5, 0x10C5, 0x10C5, 0x10C5, 0x10C5, 0x10C5, 0x10C5, 0x10C5, 0x10C5, 0x10C5, 0x10C5,
  0x10C5, 0x10C5, 0x10C5, 0x10C5, 0x10C5, 0x10C5, 0x10C5, 0x10C5, 0x10C5, 0x10C5, 0x10C5, 0x10C5,
  0x10C5, 0x10C5, 0x10C5, 0x10C5, 0x10C5, 0x10C5, 0x10C5, 0x10C5, 0x10C5, 0x10C5, 0x10C5, 0x10C5,
  0x10C5, 0x10C5, 0x10C5, 0x10C5, 0x10C5, 0x10C5, 0x10C5, 0x10C5, 0x10C5, 0x10C5, 0x10C5, 0x10C5,
  0x10C5, 0x10C5, 0x10C5, 0x10C5, 0x10C5, 0x10C5, 0x10C5, 0x10C5, 0x10C5, 0x10C5, 0x10C5, 0x10C5,
  0x10C5, 0x10C5, 0x10C5, 0x10C5, 0x10C5, 0x10C5, 0x10C5, 0x10C5, 0x10C5, 0x10C5, 0x10C5, 0x10C5,
  0x10C5, 0x10C5, 0x10C5, 0x10C5, 0x10C5, 0x10C5, 0x10C5, 0x10C5, 0x10C5, 0x10C5, 0x10C5, 0x10C5,
  0x10C5, 0x10C5, 0x10C5, 0x10C5, 0x10C5, 0x10C5, 0x10C5, 0x10C5, 0x10C6, 0x10C5, 0x10C5, 0x10E7,
  0x52F0, 0x9497, 0xB5BB, 0xC67D, 0xB5DB, 0x8476, 0x3A4D, 0x08C6, 0x10C5, 0x10C5, 0x10C6, 0x10C5,
  0x10C5, 0x10C5, 0x10C5, 0x10C5, 0x10C5, 0x10C5, 0x10C5, 0x10C5, 0x10C5, 0x10C5, 0x10C5, 0x10C5,
  0x10C5, 0x10C5, 0x10C5, 0x10C5, 0x10C5, 0x10C5, 0x10C5, 0x10C5, 0x10C5, 0x10C5, 0x10C5, 0x10C5,
  0x10C5, 0x10C5, 0x10C5, 0x10C5, 0x10C5, 0x10C5, 0x10C5, 0x10C5, 0x10C5, 0x10C5, 0x10C5, 0x10C5,
  0x10C5, 0x10C5, 0x10C5, 0x10C5, 0x10C5, 0x10C5, 0x10C5, 0x10C5, 0x10C5, 0x10C5, 0x10C5, 0x10C5,
  0x10C5, 0x10C5, 0x10C5, 0x10C5, 0x10C5, 0x10C5, 0x10C5, 0x10C5, 0x10C5, 0x10C5, 0x10C5, 0x10C5,
  0x10C5, 0x10C5, 0x10C5, 0x10C5, 0x10C5, 0x10C5, 0x10C5, 0x10C5, 0x10C5, 0x10C5, 0x10C5, 0x10C5,
  0x10C5, 0x10C5, 0x10C5, 0x10C5, 0x10C5, 0x10C5, 0x10C5, 0x10C5, 0x10C5, 0x10C5, 0x10C5, 0x10C5,
  0x10C5, 0x10C5, 0x10C5, 0x10C5, 0x10C5, 0x10C5, 0x10C5, 0x10C5, 0x10C5, 0x10C5, 0x10C5, 0x10C5,
  0x10C5, 0x10C5, 0x10C5, 0x10C5, 0x10C5, 0x10C5, 0x10C5, 0x10C5, 0x10C5, 0x10C5, 0x10C5, 0x10C5,
  0x10C5, 0x10C5, 0x10C5, 0x10C5, 0x10C5, 0x10C5, 0x10C5, 0x10C5, 0x10C5, 0x10C5, 0x10C5, 0x10C5,
  0x10C5, 0x10C5, 0x10C5, 0x10C5, 0x10C5, 0x10C5, 0x10C5, 0x10C5, 0x10C5, 0x10C5, 0x10C5, 0x10C5,
  0x10C5, 0x10C5, 0x10C5, 0x10C5, 0x10C5, 0x10C5, 0x10C5, 0x10C5, 0x10C5, 0x10C5, 0x10C5, 0x10C5,
  0x10C5, 0x10C5, 0x10C5, 0x10C5, 0x10C5, 0x10C5, 0x10C5, 0x10C5, 0x10C5, 0x10C5, 0x10C5, 0x10C5,
  0x10C5, 0x10C5, 0x10C5, 0x10C5, 0x10C5, 0x10C5, 0x10C5, 0x10C5, 0x10C5, 0x10C5, 0x10C5, 0x10C5,
  0x10C5, 0x10C5, 0x10C5, 0x10C5, 0x10C5, 0x10C5, 0x10C5, 0x10C5, 0x10C5, 0x10C5, 0x10C5, 0x10C5,
  0x10C5, 0x10C5, 0x10C5, 0x10C5, 0x10C5, 0x10C5, 0x10C5, 0x10C5, 0x10C5, 0x10C5, 0x10C5, 0x10C5,
  0x10C5, 0x10C5, 0x10C5, 0x10C5, 0x10C5, 0x10C5, 0x10C5, 0x10C5, 0x10C5, 0x10C5, 0x10C5, 0x10C5,
  0x10C5, 0x10C5, 0x10C5, 0x10C5, 0x10C5, 0x10C5, 0x10C5, 0x10C5, 0x10C5, 0x10C5, 0x10C5, 0x10C5,
  0x10C5, 0x10C5, 0x10C5, 0x10C5, 0x10C5, 0x10C5, 0x10C5, 0x10C5, 0x10C5, 0x10C5, 0x10C5, 0x10C5,
  0x10C5, 0x10C5, 0x10C5, 0x10C5, 0x10C5, 0x10C5, 0x10C5, 0x10C5, 0x10C5, 0x10C5, 0x10C5, 0x10C5,
  0x10C5, 0x10C5, 0x10C5, 0x10C5, 0x10C5, 0x10C5, 0x10C5, 0x10C5, 0x10C5, 0x10C5, 0x10C5, 0x10C5,
  0x10C5, 0x10C5, 0x10C5, 0x10C5, 0x10C5, 0x10C5, 0x10C5, 0x10C5, 0x10C5, 0x10C5, 0x10C5, 0x10C5,
  0x10C5, 0x10C5, 0x10C5, 0x10C5, 0x10C5, 0x10C5, 0x10C5, 0x10C5, 0x10C5, 0x10C5, 0x10C5, 0x10C5,
  0x10C5, 0x10C5, 0x10C5, 0x10C5, 0x10C5, 0x10C5, 0x10C5, 0x10C5, 0x10C5, 0x10C5, 0x10C5, 0x10C5,
  0x10C5, 0x10C5, 0x10C5, 0x10C5, 0x10C5, 0x10C5, 0x10C5, 0x10C5, 0x10C5, 0x10C5, 0x10C5, 0x10C5,
  0x10C5, 0x10C5, 0x10C5, 0x10C5, 0x10C5, 0x10C5, 0x10C5, 0x10C5, 0x10C5, 0x10C5, 0x10C5, 0x10C5,
  0x10C5, 0x10C5, 0x10C5, 0x10C5, 0x10C5, 0x10C5, 0x10C5, 0x10C5, 0x10C5, 0x10C5, 0x10C5, 0x10C5,
  0x10C5, 0x10C5, 0x10C5, 0x10C5, 0x10C5, 0x10C5, 0x10C5, 0x10C5, 0x10C5, 0x10C5, 0x10C5, 0x10C5,
  0x10C5, 0x10C5, 0x10C5, 0x10C5, 0x10C5, 0x10C5, 0x10C5, 0x10C5, 0x10C5, 0x10C5, 0x10C5, 0x10C5,
  0x10C5, 0x10C5, 0x10C5, 0x10C5, 0x10C5, 0x10C5, 0x10C5, 0x10C5, 0x10C5, 0x10C5, 0x10C5, 0x10C5,
  0x10C5, 0x10C5, 0x10C5, 0x10C5, 0x10C5, 0x10C5, 0x10C5, 0x10C5, 0x10C5, 0x10C5, 0x10C5, 0x10C5,
  0x10C5, 0x10C5, 0x10C5, 0x10C5, 0x10C5, 0x10C5, 0x10C5, 0x10C5, 0x10C5, 0x10C5, 0x10C5, 0x10C5,
  0x10C5, 0x10C5, 0x10C5, 0x10C5, 0x10C5, 0x10C5, 0x10C5, 0x10C5, 0x10C5, 0x10C5, 0x10C5, 0x10C5,
  0x10C5, 0x10C5, 0x10C5, 0x10C5, 0x10C5, 0x10C5, 0x10C5, 0x10C5, 0x10C5, 0x10C5, 0x10C5, 0x10C5,
  0x10C5, 0x10C5, 0x10C5, 0x10C5, 0x10C5, 0x10C5, 0x10C5, 0x10C5, 0x10C5, 0x10C5, 0x10C5, 0x10C5,
  0x10C5, 0x10C5, 0x10C5, 0x10C5, 0x10C5, 0x10C5, 0x10C5, 0x10C5, 0x10C5, 0x10C5, 0x10C5, 0x10C5,
  0x10C5, 0x10C5, 0x10C5, 0x10C5, 0x10C5, 0x10C5, 0x10C5, 0x10C5, 0x10C5, 0x10C5, 0x10C5, 0x10C5,
  0x10C5, 0x10C5, 0x10C5, 0x10C5, 0x10C5, 0x10C5, 0x10C5, 0x10C5, 0x10C5, 0x10C5, 0x10C5, 0x10C5,
  0x10C5, 0x10C5, 0x10C5, 0x10C5, 0x10C5, 0x10C5, 0x10C5, 0x10C5, 0x10C5, 0x10C5, 0x10C5, 0x10C5,
  0x10C5, 0x10C5, 0x10C5, 0x10C5, 0x10C5, 0x10C5, 0x10C5, 0x10C5, 0x10C5, 0x10C5, 0x10C5, 0x10C5,
  0x10C5, 0x10C5, 0x10C5, 0x10C5, 0x10C5, 0x10C5, 0x10C5, 0x10C5, 0x10C5, 0x10C5, 0x10C5, 0x10C5,
  0x10C5, 0x10C5, 0x10C5, 0x10C5, 0x10C5, 0x10C5, 0x10C5, 0x10C5, 0x10C5, 0x10C5, 0x10C5, 0x10C5,
  0x10C5, 0x10C5, 0x10C5, 0x10C5, 0x10C5, 0x10C5, 0x10C5, 0x10C5, 0x10C5, 0x10C5, 0x10C5, 0x10C5,
  0x10C5, 0x10C5, 0x10C5, 0x10C5, 0x10C5, 0x10C5, 0x10C5, 0x10C5, 0x10C5, 0x10C5, 0x10C5, 0x10C5,
  0x10C5, 0x10C5, 0x10C5, 0x10C5, 0x10C5, 0x10C5, 0x10C5, 0x10C5, 0x10C5, 0x10C5, 0x10C5, 0x10C5,
  0x10C5, 0x10C5, 0x10C5, 0x10C5, 0x10C5, 0x10C5, 0x10C5, 0x10C5, 0x10C5, 0x10C5, 0x10C5, 0x10C5,
  0x10C5, 0x10C5, 0x10C5, 0x10C5, 0x10C5, 0x10C5, 0x10C5, 0x10C5, 0x10C5, 0x10C5, 0x10C5, 0x10C5,
  0x10C5, 0x10C5, 0x10C5, 0x10C5, 0x10C5, 0x10C5, 0x10C5, 0x10C5, 0x10C5, 0x10C5, 0x10C5, 0x10C5,
  0x10C5, 0x10C5, 0x10C5, 0x10C5, 0x10C5, 0x10C5, 0x10C5, 0x10C5, 0x10C5, 0x10C5, 0x10C5, 0x10C5,
  0x10C5, 0x10C5, 0x10C5, 0x10C5, 0x10C5, 0x10C5, 0x10C5, 0x10C5, 0x10C5, 0x10C5, 0x10C5, 0x10C5,
  0x10C5, 0x10C5, 0x10C5, 0x10C5, 0x10C5, 0x10C5, 0x10C5, 0x10C5, 0x10C5, 0x10C5, 0x10C5, 0x10C5,
  0x10C5, 0x10C5, 0x10C5, 0x10C5, 0x10C5, 0x10C5, 0x10C5, 0x10C5, 0x10C5, 0x10C5, 0x10C5, 0x10C5,
  0x10C5, 0x10C5, 0x10C5, 0x10C5, 0x10C5, 0x10C5, 0x10C5, 0x10C5, 0x10C5, 0x10C5, 0x10C5, 0x10C5,
  0x10C5, 0x10C5, 0x10C5, 0x10C5, 0x10C5, 0x10C5, 0x10C5, 0x10C5, 0x10C5, 0x10C5, 0x10C5, 0x10C5,
  0x10C5, 0x10C5, 0x10C5, 0x10C5, 0x10C5, 0x10C5, 0x10C5, 0x10C5, 0x10C5, 0x10C5, 0x10C5, 0x10C5,
  0x10C5, 0x10C5, 0x10C5, 0x10C5, 0x10C5, 0x10C5, 0x10C5, 0x10C5, 0x10C5, 0x10C5, 0x10C5, 0x10C5,
  0x10C5, 0x10C5, 0x10C5, 0x10C5, 0x10C5, 0x10C5, 0x10C5, 0x10C5, 0x10C5, 0x10C5, 0x10C5, 0x10C5,
  0x10C5, 0x10C5, 0x10C5, 0x10C5, 0x10C5, 0x10C5, 0x10C5, 0x10C5, 0x10C5, 0x10C5, 0x10C5, 0x10C5,
  0x10C5, 0x10C5, 0x10C5, 0x10C5, 0x10C5, 0x10C5, 0x10C5, 0x10C5, 0x10C5, 0x10C5, 0x10C5, 0x10C5,
  0x10C5, 0x10C5, 0x10C5, 0x10C5, 0x10C5, 0x10C5, 0x10C5, 0x10C5, 0x10C5, 0x10C5, 0x10C5, 0x10C5,
  0x10C5, 0x10C5, 0x10C5, 0x10C5, 0x10C5, 0x10C5, 0x10C5, 0x10C5, 0x10C5, 0x10C5, 0x10C5, 0x10C5,
  0x10C5, 0x10C5, 0x10C5, 0x10C5, 0x10C5, 0x10C5, 0x10C5, 0x10C5, 0x10C5, 0x10C5, 0x10C5, 0x10C5,
  0x10C5, 0x10C5, 0x10C5, 0x10C5, 0x10C5, 0x10C5, 0x10C5, 0x10C5, 0x10C5, 0x10C5, 0x10C5, 0x10C5,
  0x10C5, 0x10C5, 0x10C5, 0x10C5, 0x10C5, 0x10C5, 0x10C5, 0x10C5, 0x10C5, 0x10C5, 0x10C5, 0x10C5,
  0x10C5, 0x10C5, 0x10C5, 0x10C5, 0x10C5, 0x10C5, 0x10C5, 0x10C5, 0x10C5, 0x10C5, 0x10C5, 0x10C5,
  0x10C5, 0x10C5, 0x10C5, 0x10C5,
};
